	SV1	SV2	SV3	SV4	SV5	SV6	SV7	SV8	SV9	SV10	SV11	SV12	SV13	SV14	SV15	SV16	SV17	SV18	SV19	SV20	SV21	SV22	SV23	SV24	PC1	PC2	PC3	PC4	PC5	PC6	PC7	PC8	PC9	PC10	PC11	PC12	PC13	PC14	PC15	PC16
HG02461	0.052423	-0.050943	0.023729	-0.021856	-0.096435	-0.062863	0.047630	-0.033738	-0.042221	0.013643	-0.014240	-0.025502	0.025074	-0.008587	-0.109530	0.066313	0.008454	-0.073653	0.048232	0.062157	0.063688	0.075324	0.040265	0.013293	-0.046916	-0.055166	0.005218	-0.068440	0.005330	-0.002484	0.006975	0.002043	0.003268	0.008617	-0.016248	-0.008900	-0.012439	-0.029828	-0.034352	0.021120
HG02462	0.030439	-0.001077	0.010317	-0.032479	0.087415	-0.117742	0.014604	-0.010329	-0.024478	-0.010875	0.033295	0.034286	-0.059703	0.036442	-0.091257	0.066065	0.089912	-0.009125	-0.049573	-0.027730	0.070413	-0.005176	-0.035334	-0.013865	-0.048540	-0.066906	0.005346	-0.074235	0.004568	0.005596	-0.006018	-0.005585	-0.007202	0.024883	0.000584	-0.008266	-0.022768	-0.034265	-0.041227	0.018180
HG02464	0.018712	-0.011052	0.011368	0.027034	0.021730	-0.029120	-0.088820	0.091801	0.007653	-0.065020	0.097407	0.144154	-0.018215	0.069157	0.014391	-0.101212	0.043145	-0.128264	0.161411	0.017467	-0.057496	-0.075648	0.034667	0.147407	-0.049551	-0.047617	0.002963	-0.033343	0.005201	0.017817	0.003889	0.008651	-0.004565	0.001287	-0.011634	-0.009633	0.021365	-0.001772	0.006952	0.042229
HG02465	0.037420	-0.083652	-0.002280	-0.027704	0.008718	0.005307	-0.010964	-0.067260	-0.016881	0.008784	0.040912	0.034022	-0.022936	-0.015130	-0.009001	-0.036234	-0.051555	0.011895	-0.010231	0.002382	-0.013757	0.068171	0.041979	-0.045057	-0.049425	-0.050155	0.003286	-0.027946	0.003744	0.004140	-0.004806	0.000887	-0.016681	-0.001464	0.005182	-0.008551	0.015842	-0.003108	0.029181	0.020659
HG02561	0.058242	-0.033734	-0.012055	-0.058305	-0.076444	0.033102	0.059582	-0.026375	-0.012899	-0.120085	-0.019559	0.079976	0.018126	0.095147	-0.054931	0.044710	0.013984	0.051126	0.047973	0.107641	0.009152	-0.069420	0.063836	0.072200	-0.039964	-0.047878	0.006614	-0.034587	-0.003458	0.002677	-0.002985	0.009682	0.005081	0.001586	-0.008488	-0.013130	0.001742	0.039352	0.018273	-0.005907
HG02562	0.052909	0.025342	0.004507	-0.012802	-0.013159	0.017459	0.008329	0.053409	-0.053228	0.001477	-0.043911	-0.002751	0.000258	-0.008391	0.011120	-0.003607	-0.010029	0.054988	-0.017513	-0.013661	0.010002	-0.006353	0.033826	-0.014159	-0.038493	-0.034850	0.003018	-0.030783	0.001791	-0.004623	-0.006707	-0.010357	-0.006042	0.008112	0.001744	-0.004702	-0.003802	-0.003028	-0.002295	-0.010205
HG02568	0.040590	-0.088527	-0.011272	0.053741	-0.049128	0.003802	-0.061768	0.032408	0.084546	0.062217	0.053341	0.040041	0.085338	0.042266	0.058117	-0.034987	-0.042101	-0.045547	0.081599	0.033285	-0.003711	-0.049238	0.026639	0.019588	-0.041902	-0.046323	0.002911	-0.049266	0.000207	-0.008088	0.006608	-0.005457	0.009007	0.004489	-0.001148	0.014400	0.003878	-0.010775	-0.001297	-0.004804
HG02570	0.042435	-0.088339	0.006260	-0.021069	-0.037047	-0.017429	0.013096	-0.074062	0.035733	0.014750	-0.034928	0.028470	0.002767	0.036904	-0.021373	-0.001161	-0.069827	0.010899	0.063930	0.124705	-0.034483	0.018360	0.046465	0.012860	-0.041533	-0.030932	0.002557	-0.015100	0.005395	0.004358	-0.006548	0.003690	0.004146	-0.012346	-0.001875	-0.010753	0.004145	0.004356	0.011036	-0.029996
HG02571	0.053712	-0.059626	0.018747	-0.017992	-0.010304	0.040926	-0.002797	-0.022706	-0.001365	0.052928	-0.045446	0.012900	0.029788	-0.013794	-0.001847	0.008903	-0.077868	0.056432	0.002079	-0.006928	-0.033434	-0.014898	0.043473	-0.060047	-0.043990	-0.042733	0.002461	-0.035968	0.002308	-0.007768	-0.003943	0.006877	-0.001078	-0.006505	-0.007697	-0.019165	0.004750	0.011724	-0.021706	0.006178
HG02573	0.046069	-0.064262	0.017861	-0.013351	-0.076727	0.036550	-0.009025	0.003567	-0.054741	0.040352	0.024726	0.022044	0.062961	0.025677	0.006802	-0.003370	-0.070661	0.006646	0.075631	0.011727	-0.021373	0.092091	0.077569	0.005733	-0.043664	-0.046877	0.004877	-0.037343	0.000673	-0.001302	0.005454	0.008710	0.000883	-0.028465	-0.005317	0.009622	0.004483	0.016964	-0.003461	0.002012
HG02574	0.044610	-0.031451	0.011525	-0.010786	-0.091071	-0.045985	0.007554	-0.042557	0.020666	-0.006396	-0.012846	-0.004998	0.013007	0.026680	-0.098979	0.059768	0.016281	0.028334	0.016978	0.069804	0.067211	-0.023069	0.043668	0.005282	-0.041447	-0.047760	0.004838	-0.035777	0.005720	-0.005932	0.004763	-0.000574	0.004812	-0.004684	-0.019422	-0.006119	-0.003681	0.009662	0.016882	0.021752
HG02582	0.068188	0.005903	-0.009914	-0.041543	-0.029355	-0.060919	0.052427	-0.031464	-0.067762	-0.010920	-0.094367	-0.020520	-0.064541	-0.013887	-0.040871	0.041206	-0.021168	-0.040460	0.015953	-0.004560	-0.033331	-0.006783	0.037963	-0.006920	-0.046040	-0.050164	0.000416	-0.049996	-0.001743	0.006565	0.003463	0.001875	-0.000339	0.001757	-0.007758	0.005472	-0.016016	0.004638	0.014945	0.008152
HG02583	0.033551	-0.029041	0.007832	-0.014321	-0.045215	-0.068739	-0.002514	-0.049402	-0.029454	-0.022360	-0.040637	-0.003113	-0.127841	-0.125846	-0.039279	0.010959	0.014276	0.002516	-0.084018	0.048251	0.062985	-0.032548	0.023248	0.023758	-0.045411	-0.051167	0.006955	-0.040342	0.006983	0.005970	0.006213	0.002914	-0.010440	-0.003511	0.007423	0.005686	-0.009917	-0.020699	-0.024813	-0.017102
HG02585	0.045388	0.002785	-0.003061	0.023915	-0.076122	-0.105035	-0.000594	0.002417	-0.007477	0.107853	-0.005296	-0.047968	-0.035241	0.024322	-0.021168	0.063061	0.023750	0.036723	-0.021218	0.056182	0.037626	0.068207	0.014571	-0.051959	-0.049688	-0.057194	0.003839	-0.056918	0.002637	-0.004918	0.007009	-0.000941	0.003815	0.003562	0.005705	-0.007653	-0.002992	-0.010806	-0.023705	0.006807
HG02586	0.039297	-0.041422	0.020878	0.008408	-0.080452	-0.004689	-0.012576	0.005534	-0.033485	0.036694	-0.013880	-0.007674	0.006713	0.000927	-0.021790	0.055177	0.024836	0.079384	-0.007815	0.027688	0.048222	0.003289	0.047260	-0.006610	-0.046693	-0.053962	0.004413	-0.055022	-0.025126	-0.000823	-0.005176	0.005088	-0.012893	-0.005891	-0.007120	0.012549	-0.013867	-0.014202	0.003665	-0.015851
HG02588	0.043902	-0.057850	-0.003550	-0.007223	0.014549	-0.022354	0.003857	-0.025132	0.025488	0.002778	-0.023136	0.063694	-0.014992	0.002631	-0.054221	-0.025171	-0.054539	0.004225	-0.017600	0.081242	0.014604	-0.040210	0.006085	0.032173	-0.043461	-0.046753	0.005084	-0.042073	0.002072	-0.001844	0.010347	0.001570	0.005705	-0.007161	-0.002047	-0.000834	0.004723	-0.002331	-0.007151	-0.011390
HG02589	0.061179	-0.042593	0.013393	-0.013415	-0.051925	0.023090	0.029967	-0.036814	-0.019679	0.036668	-0.099024	-0.026746	-0.022289	-0.013472	-0.038784	0.043280	-0.043332	0.033678	-0.017659	0.030014	-0.048548	-0.008415	0.059595	-0.047482	-0.041902	-0.046978	0.003797	-0.042914	0.006143	0.002932	-0.003426	0.005243	-0.010028	-0.007787	0.008087	-0.000902	-0.007188	-0.011737	0.007111	-0.002930
HG02594	0.072302	0.022071	-0.008917	-0.025861	0.003161	0.037784	0.024354	0.011870	0.016979	0.071960	-0.066539	-0.059730	-0.006880	-0.002533	-0.014778	0.041420	-0.084104	0.012450	-0.016762	0.074062	0.028547	-0.066718	0.014509	-0.055239	-0.042813	-0.050951	0.007766	-0.053716	0.005291	-0.002766	0.004403	0.009724	0.001208	-0.004461	-0.001866	0.001962	-0.002290	-0.023761	0.001496	-0.024448
HG02595	0.029660	-0.028120	0.031595	0.043170	-0.040437	0.017548	-0.059802	0.027060	-0.043049	0.101675	0.019711	-0.032627	-0.008399	-0.006599	0.048513	-0.000261	-0.018277	0.059411	-0.015939	-0.005398	-0.046673	0.101251	0.080636	-0.037412	-0.047139	-0.052070	0.004424	-0.047434	0.003087	-0.001279	0.002740	-0.000382	0.010659	0.019747	-0.006454	0.007277	-0.000048	-0.001608	-0.002480	-0.015710
HG02610	-0.041151	0.016659	0.078291	-0.025046	-0.011752	0.016971	-0.031355	0.037304	-0.046497	0.026180	0.070494	-0.016347	0.047314	0.042356	0.147260	-0.021146	-0.064321	-0.027783	0.081573	0.023958	-0.074020	0.028537	0.013826	-0.028378	-0.048422	-0.056269	0.003009	-0.066769	0.005259	-0.007041	0.002674	0.003220	0.025441	0.018778	-0.005086	0.000694	0.007410	-0.059185	-0.188554	0.113261
HG02611	-0.028566	0.077693	0.042109	0.040560	0.007568	0.030654	0.004491	0.041418	0.008083	0.012438	0.004986	-0.053066	-0.011733	0.049265	0.047278	0.040751	-0.070886	-0.006283	-0.022341	-0.018935	-0.042911	-0.038197	0.007734	-0.064234	-0.051878	-0.066405	0.004658	-0.080092	0.006628	0.002795	0.007988	-0.003076	0.023396	0.011563	-0.011041	-0.005173	0.003649	-0.035968	-0.051676	0.021806
HG02613	-0.068253	-0.040173	-0.029120	0.013057	-0.066676	0.021381	0.022359	0.034695	0.050788	-0.025227	0.045705	-0.026355	0.017852	-0.024368	0.004034	0.011208	-0.003619	-0.057087	0.035037	0.073590	0.033596	0.067663	0.087861	0.070578	-0.043615	-0.052022	-0.000364	-0.037011	0.003123	0.009387	-0.002338	-0.006007	0.008055	-0.026466	-0.016114	-0.014981	0.023526	-0.002050	0.036511	0.003623
HG02614	-0.042144	0.030608	0.066868	0.027158	-0.043315	-0.013595	-0.043784	0.058193	-0.022947	0.122254	0.025062	-0.009138	-0.055847	0.019009	0.045584	0.008260	0.019617	-0.027210	-0.027897	0.001487	0.011936	0.025603	0.053173	0.019463	-0.043256	-0.056529	0.004005	-0.038384	-0.001019	0.001959	-0.005750	-0.000743	-0.010548	-0.006650	0.003792	0.027057	-0.005800	0.009943	0.059541	-0.037598
HG02620	-0.071177	-0.005576	0.085544	-0.041685	0.006746	0.036907	0.007642	-0.031048	-0.029849	0.047069	-0.022426	0.054268	-0.020948	0.004734	0.018664	-0.031893	-0.035974	-0.017053	0.003263	0.029041	-0.011658	0.013065	0.004294	0.002120	-0.044258	-0.040669	0.004459	-0.016498	0.000420	0.004770	0.007587	-0.000402	-0.011723	-0.011533	-0.009291	0.006014	-0.003922	0.010041	0.025788	-0.022524
HG02621	-0.052824	-0.027957	0.091296	-0.035779	-0.112051	0.031562	-0.016981	-0.026760	-0.006478	0.054827	0.023282	0.035225	0.002385	-0.018521	0.018117	0.001635	-0.002648	-0.004417	-0.030216	-0.002495	0.021357	0.068869	0.091307	-0.021301	-0.045173	-0.046084	-0.000029	-0.020421	-0.000979	-0.003364	-0.001587	0.009004	-0.007203	0.020438	0.036657	0.006552	0.014714	-0.005446	0.010677	-0.019016
HG02623	-0.040325	0.075394	0.047174	-0.001620	-0.020664	-0.050944	-0.017407	0.000874	-0.021951	0.067122	0.017052	-0.042469	-0.045482	-0.016592	0.014870	-0.015698	-0.054373	0.009283	-0.012150	0.060144	0.026551	0.031738	-0.022744	-0.042411	-0.050174	-0.064694	0.002387	-0.074735	-0.003269	-0.003537	0.006254	-0.007207	-0.005859	0.016287	-0.009604	0.003612	-0.006775	-0.001462	-0.038582	0.010342
HG02624	-0.024844	0.081006	0.040809	0.009806	-0.038175	-0.010875	0.054471	-0.002684	0.031792	-0.011052	-0.023012	-0.094056	-0.040108	0.001501	0.004233	0.077377	-0.001381	-0.058826	-0.075691	-0.013023	-0.017972	0.033378	0.032151	-0.032626	-0.052037	-0.057750	0.004994	-0.064647	0.007040	-0.000939	0.003872	-0.001857	0.020812	0.010857	-0.011537	-0.013926	-0.000953	-0.049221	-0.179070	0.120790
HG02628	-0.050502	0.057110	-0.003334	0.006560	0.069526	-0.013387	0.099040	0.026916	0.047040	-0.037106	-0.039790	0.013710	-0.010231	0.002974	-0.050280	0.011696	-0.079173	-0.087492	-0.018834	0.030082	0.008906	-0.029674	0.002617	0.042798	-0.048203	-0.049239	0.003338	-0.024703	0.000052	0.003360	0.003845	-0.005342	-0.004373	-0.022900	-0.000194	-0.010253	0.008884	0.003829	0.010291	-0.012100
HG02629	-0.045454	0.042542	0.004557	0.031861	0.001328	-0.009206	0.076553	0.022156	0.038816	-0.004815	-0.007966	-0.021422	0.013494	-0.017733	-0.016151	0.028719	-0.050166	-0.042090	-0.074645	-0.018591	0.023559	0.029302	0.024363	0.030467	-0.049879	-0.049217	0.002323	-0.027583	0.002259	-0.005175	0.002749	0.001894	0.003646	-0.006871	0.002808	0.002188	0.042257	0.004211	0.034659	-0.027669
HG02634	-0.028617	0.016724	0.076580	0.036004	0.022229	-0.023748	0.045613	0.003488	0.081364	-0.024975	0.000982	-0.025977	0.040703	0.038456	-0.035818	-0.012511	-0.061715	-0.061434	-0.002596	0.037793	0.001158	-0.007118	0.013206	-0.009450	-0.040264	-0.034782	-0.000731	-0.022397	-0.001362	0.000160	-0.006256	-0.006875	0.004441	0.006848	0.006271	0.008973	0.010151	-0.002750	0.028702	-0.038600
HG02635	-0.071592	0.027568	0.029229	-0.033295	-0.074207	-0.016079	-0.004002	0.007146	-0.032137	0.003997	0.005468	0.036299	-0.006405	0.034385	0.011221	0.019174	0.020036	0.041881	0.004942	0.022789	-0.017570	0.027753	-0.013381	0.011795	-0.033874	-0.028360	0.005271	-0.009903	0.000475	-0.001806	-0.006446	-0.014670	-0.005141	-0.019158	0.012196	0.007200	-0.000641	0.021698	-0.004346	-0.035786
HG02642	-0.017082	0.076438	-0.004211	0.074168	0.051607	0.093364	0.054910	0.014058	0.053454	-0.023680	-0.053233	-0.049623	0.036655	-0.018354	0.023031	0.057944	-0.090119	0.007041	-0.015385	0.066651	-0.061573	-0.011954	-0.009404	0.003814	-0.044579	-0.057414	0.006890	-0.063363	0.005597	0.001298	0.012667	0.002218	0.007839	0.015695	0.016825	-0.009545	0.010882	-0.049262	-0.137373	0.081718
HG02643	-0.071181	0.088847	-0.021307	-0.048885	0.038284	0.049164	0.042181	0.027550	-0.050091	0.044499	-0.051249	-0.000261	0.103080	0.030953	0.060214	-0.034674	-0.039080	0.025360	0.005021	-0.037011	0.001293	0.058732	-0.067520	-0.008684	-0.040828	-0.041617	0.000920	-0.051876	0.001373	0.000541	0.004514	-0.004808	0.005431	0.004752	-0.011620	0.005047	0.000573	-0.019876	-0.071901	0.024453
HG02645	-0.048357	0.007651	0.060941	-0.032083	-0.076782	0.035399	-0.025304	0.041759	-0.038509	0.024881	0.078011	0.000891	0.018873	0.055797	0.076112	-0.008163	-0.018861	0.001662	0.036145	0.077977	0.009445	0.091266	0.021102	-0.009619	-0.050412	-0.069238	0.001967	-0.069628	0.001800	0.002744	-0.000967	0.003338	0.006062	0.010209	-0.002821	0.005899	0.004692	-0.016179	-0.072014	0.032400
HG02646	-0.048638	-0.023502	0.069630	0.039207	0.029816	0.002908	0.032921	-0.046296	0.041877	-0.038080	0.027344	-0.050800	-0.060484	-0.040185	-0.043344	0.011624	-0.048023	-0.033032	-0.058903	0.052422	-0.025206	-0.008776	0.026986	-0.002216	-0.049569	-0.062391	0.004033	-0.057510	0.001662	-0.000584	0.002253	-0.008152	0.003472	0.012940	0.001516	0.002968	0.003961	-0.001210	-0.046773	-0.011556
HG02666	-0.087041	-0.038965	0.044252	-0.050305	-0.031733	0.055144	-0.019485	-0.034204	-0.038391	0.049654	0.014748	0.011993	0.051611	-0.025516	0.086114	-0.038933	-0.066921	0.027371	0.058111	0.031370	-0.030979	0.094649	0.002626	-0.022668	-0.052003	-0.058100	0.008867	-0.060649	0.002083	-0.000144	0.002098	-0.004529	0.008027	0.001943	-0.001166	-0.000359	-0.006006	-0.030984	-0.111941	0.057382
HG02667	-0.072767	-0.002780	0.045192	-0.032202	-0.019650	0.056682	-0.010837	0.008208	-0.031228	0.077814	-0.006651	-0.002547	0.036154	0.020982	0.057973	0.020758	-0.006826	0.038759	0.009081	0.003810	-0.030579	0.097906	0.000779	0.006150	-0.047920	-0.058378	0.005229	-0.061468	-0.000212	-0.003937	0.002105	-0.004120	0.006365	0.016989	-0.005441	-0.013281	0.012137	0.009757	-0.003393	-0.002620
HG02675	-0.046606	0.062567	0.016125	-0.022593	-0.069633	-0.055617	-0.003305	0.008085	-0.055437	0.018689	0.035376	-0.028687	-0.024970	0.035018	-0.004012	0.052508	0.027318	0.030460	0.009604	0.032032	-0.003181	0.080113	-0.010069	0.003037	-0.046435	-0.044830	0.007561	-0.046643	0.001108	0.007863	-0.007039	0.004131	0.006813	-0.001598	0.007567	-0.002811	0.009884	-0.002886	0.007604	-0.003621
HG02676	-0.024008	-0.001233	0.055011	-0.005179	-0.083742	0.041404	0.069311	-0.004512	-0.012895	-0.072647	-0.028838	0.039319	0.059765	-0.021084	-0.064931	0.040156	0.070057	0.010047	-0.003725	0.040639	0.081844	0.003606	0.043815	0.077569	-0.042316	-0.046455	0.000976	-0.036305	-0.004778	-0.006911	-0.000855	0.011540	-0.002919	-0.033461	-0.004594	-0.008735	0.005405	0.032774	-0.007468	-0.004756
HG02678	-0.052594	-0.016532	0.027429	0.009110	0.037643	0.042862	0.055093	-0.049243	0.009004	-0.008628	-0.042082	0.078499	0.075483	0.032924	-0.036696	-0.015342	-0.010462	0.095375	-0.011262	0.028389	0.037967	-0.015465	-0.035626	0.018211	-0.042957	-0.051871	0.003908	-0.051377	0.004771	0.003710	-0.004821	0.004710	-0.007787	0.003132	-0.008873	-0.021023	-0.011865	0.004502	0.005610	-0.008467
HG02679	-0.028457	0.022309	0.045166	0.033741	0.026907	-0.058115	0.017911	-0.029658	-0.019161	-0.012764	-0.006045	-0.008141	-0.013786	-0.033599	-0.053718	-0.028652	0.033710	0.000642	-0.054006	-0.006037	0.034378	-0.022708	-0.046567	0.011515	-0.044415	-0.045582	0.003773	-0.040730	-0.002634	0.003940	0.000155	-0.008901	-0.001135	-0.009348	-0.011572	-0.005677	-0.003427	0.011337	0.004089	0.010273
HG02702	-0.016630	0.064314	0.019042	0.021970	-0.048192	-0.002760	0.063650	-0.003238	-0.018773	0.002069	-0.092464	-0.019999	0.031740	-0.003808	-0.026568	0.053451	0.025549	0.014503	-0.000802	0.043194	0.056157	-0.008210	-0.031344	-0.000103	-0.044743	-0.048393	0.003212	-0.051443	0.003231	0.001426	0.000679	0.017043	0.002191	0.004062	0.011838	0.005694	0.005967	0.010771	0.033725	-0.017240
HG02703	-0.086823	-0.021179	-0.013351	-0.047241	-0.052098	-0.063269	-0.012866	-0.007879	0.008831	0.080286	0.006543	0.027273	0.027334	-0.003368	-0.053575	-0.047339	0.042722	0.075579	-0.030004	0.002818	0.069763	0.078871	-0.055662	0.012522	-0.048143	-0.057309	0.006884	-0.056228	0.001083	-0.008990	0.006380	-0.017102	-0.000084	0.024424	-0.008437	-0.012440	-0.006504	-0.014597	-0.030601	-0.000950
HG02715	-0.032106	0.016368	0.050977	0.047918	-0.007555	-0.072209	0.047710	-0.027732	0.016450	0.042807	-0.013357	0.002848	0.025576	0.007046	-0.071410	0.050528	0.051694	0.011877	-0.028568	0.058364	0.046024	-0.016510	-0.025187	0.021326	-0.045378	-0.047968	0.001980	-0.032163	-0.002940	0.003314	0.001026	0.004462	-0.005286	-0.022710	0.012422	-0.004335	-0.011634	0.010252	-0.002225	0.010578
HG02716	-0.029051	0.009966	0.058271	0.037782	-0.002426	-0.049656	0.004473	-0.013459	-0.003672	0.021931	0.004500	0.001939	0.017072	-0.015862	-0.048489	-0.029377	0.035040	0.009910	-0.056749	0.000544	0.056369	0.014967	-0.016831	-0.006876	-0.045846	-0.046572	0.005308	-0.033852	0.000992	-0.003416	0.002464	-0.003942	-0.004200	-0.006045	-0.003476	-0.004505	-0.006159	0.003479	0.036803	-0.024196
HG02721	-0.034400	-0.018458	0.060429	0.040679	-0.035242	-0.025454	0.023414	-0.047063	0.043628	0.023654	-0.014588	-0.002632	0.011018	-0.029205	-0.048415	0.022696	0.013998	0.041359	-0.027591	0.107328	0.046485	-0.002983	-0.017129	-0.013659	-0.046631	-0.052195	-0.000544	-0.029057	-0.002674	-0.003643	0.001252	0.008716	0.001122	-0.018130	-0.010118	0.012206	0.001015	0.014323	0.018475	0.003200
HG02722	-0.032561	0.006703	0.028281	0.018610	-0.021643	0.035194	0.057327	-0.020472	-0.043515	-0.013527	-0.058099	0.016861	0.042255	-0.012017	-0.024153	0.028033	0.037128	0.069016	-0.017853	-0.011706	0.012555	-0.032275	-0.006509	0.019729	-0.041939	-0.035863	-0.000248	-0.014327	0.009880	0.004878	-0.011437	0.003297	-0.006724	0.006828	0.017075	0.024253	-0.012392	0.005143	0.023666	0.046589
HG02757	-0.025052	0.030717	0.029376	0.005625	0.019970	0.032146	0.069009	0.012873	-0.059605	-0.041392	-0.063064	0.032855	0.038803	-0.000742	-0.002202	0.011154	0.044381	0.064763	-0.038388	-0.004750	0.018686	-0.005120	0.009705	0.041293	-0.043090	-0.042433	0.004321	-0.040104	0.001425	-0.003792	-0.002995	-0.005426	-0.000164	-0.001230	-0.009822	-0.001736	-0.000814	-0.001304	-0.000120	-0.001135
HG02759	-0.042970	-0.007157	0.034284	-0.012939	0.052656	0.038206	0.053006	-0.040987	0.005172	-0.022862	-0.077179	0.050810	-0.003555	-0.000191	-0.041500	-0.044201	0.010385	0.026332	-0.016897	0.024936	-0.035009	-0.037797	0.007052	0.028026	-0.044288	-0.039053	0.008587	-0.033059	0.002841	0.001561	-0.003342	-0.005472	-0.003984	-0.001160	-0.010505	0.006466	0.000729	0.001755	0.045531	-0.026965
HG02760	-0.035202	-0.006331	0.080390	-0.009606	-0.020378	-0.003354	0.069880	-0.077342	-0.004804	-0.017953	-0.070512	-0.015219	-0.047240	-0.040169	-0.073039	0.047389	0.062511	0.053615	-0.074582	0.041816	-0.013466	-0.064890	0.010719	-0.009648	-0.042619	-0.039356	0.001755	-0.038865	0.002126	-0.006252	-0.000164	-0.006472	0.001266	-0.003465	-0.012825	0.003973	-0.006677	0.011095	0.021123	-0.034039
HG02763	-0.054161	-0.035455	0.056831	0.012499	0.033990	0.067564	0.030324	-0.039428	0.009530	0.009194	-0.039382	0.070457	0.029829	0.020930	-0.016530	-0.016611	0.005619	0.015983	-0.026996	-0.037076	-0.005441	0.014049	0.009914	0.002745	-0.048481	-0.049376	0.005066	-0.048546	-0.003702	0.003184	0.004226	0.002633	-0.001605	0.000759	0.000497	0.003108	-0.020803	0.000538	0.015038	0.004947
HG02768	-0.015213	-0.005647	0.121534	0.030992	-0.041666	0.061348	0.020267	-0.000399	0.061563	0.057415	-0.006343	0.000642	0.117031	0.048353	0.045206	-0.034352	-0.038740	-0.055366	0.009065	0.056671	0.005354	0.046790	0.063498	-0.053919	-0.042694	-0.045682	0.002888	-0.030055	0.005057	0.000773	-0.002993	-0.003839	0.004200	-0.015128	0.014157	-0.009048	-0.003164	0.006336	0.022537	-0.006055
HG02769	-0.016767	0.034355	0.058177	0.021222	-0.076262	-0.059618	0.042207	-0.015430	-0.019571	-0.030353	-0.006812	-0.028628	-0.009237	-0.052204	-0.103093	0.038778	0.088802	0.022376	-0.060816	0.060624	0.101277	-0.005520	0.008740	0.037131	-0.043065	-0.040191	0.005071	-0.022663	0.001362	-0.006335	0.002544	0.002611	-0.007772	0.002175	0.012235	-0.000608	0.008738	-0.030084	0.015543	0.018986
HG02771	-0.020321	0.041639	0.066865	0.043987	-0.020204	-0.067496	-0.007024	0.016362	0.012596	0.035578	0.001942	-0.018126	0.003665	0.011449	0.010899	-0.015017	0.041119	-0.035172	-0.027568	-0.004113	0.042910	0.011951	-0.026280	-0.016414	-0.048385	-0.044470	0.000495	-0.017864	-0.000815	0.009268	0.005084	0.003226	-0.011256	0.000143	-0.003948	0.008147	-0.008076	0.001011	0.002918	-0.025019
HG02772	-0.049920	-0.017590	0.041307	0.028687	-0.038852	-0.078123	0.039539	-0.071212	0.021185	0.035018	-0.020555	0.022745	-0.024185	-0.008162	-0.081916	0.043026	0.069563	0.017129	-0.055989	0.028401	0.023617	-0.032692	-0.013709	-0.014006	-0.047796	-0.050157	0.005729	-0.033339	0.001081	0.007089	-0.003248	0.009431	-0.002733	0.009211	-0.009597	0.006487	0.009439	0.010325	0.021054	-0.021429
HG02798	-0.034553	0.011715	0.042699	0.046342	-0.015134	-0.068463	0.010812	0.003225	0.057429	0.002524	-0.033350	0.068381	0.023273	0.051432	-0.035995	0.042499	0.041359	-0.019354	0.000705	0.036881	0.018323	-0.064782	-0.020904	0.041816	-0.045971	-0.047123	0.002823	-0.034961	-0.000586	0.005586	-0.003729	0.012316	-0.004513	-0.008461	0.007467	-0.002920	-0.002730	0.010358	0.020058	0.021366
HG02799	-0.035245	0.007010	0.088652	0.042045	0.023122	-0.053818	-0.018121	-0.032427	0.004434	0.055194	0.051418	-0.038052	-0.013008	0.023761	-0.032446	0.003900	0.088188	-0.003441	-0.076669	0.037823	0.070098	0.028663	-0.018512	-0.034271	-0.044369	-0.045305	0.001668	-0.024187	-0.000109	0.013436	-0.006329	-0.005463	-0.010442	-0.002636	0.004051	0.002253	-0.005722	0.039616	0.022713	-0.022562
HG02804	0.066130	0.019998	-0.017514	-0.070421	-0.013535	-0.090564	-0.024037	0.002815	0.017010	-0.031955	0.065339	-0.048643	-0.126251	-0.079911	0.006570	-0.049732	0.013282	-0.000074	0.002699	0.042297	0.067505	0.032943	-0.007557	0.021999	-0.053429	-0.056965	0.002208	-0.033568	0.005547	0.005623	0.005320	0.019325	-0.007273	-0.019051	-0.004634	-0.019878	0.007344	0.000096	-0.020311	0.116295
HG02805	-0.050033	0.028632	0.022795	-0.003859	0.038414	-0.046185	0.059551	-0.000379	0.035736	-0.057642	0.006549	0.022012	-0.094091	-0.005049	-0.044940	0.042979	0.024968	-0.079590	-0.052659	0.001237	0.030022	0.015007	-0.015396	0.002979	-0.050642	-0.058175	0.003248	-0.026531	0.004205	-0.003005	-0.000492	0.005142	-0.006709	-0.025198	-0.030427	-0.031155	0.019071	0.032612	0.029809	0.156180
HG02807	0.067828	-0.016155	-0.020782	-0.051156	0.046087	-0.002722	-0.042098	0.046823	0.026115	-0.051298	0.077055	0.004808	-0.046567	0.007113	0.042134	-0.114963	-0.039005	-0.043606	0.106775	-0.005236	0.050267	-0.018857	-0.004620	0.084689	-0.039211	-0.043276	-0.003504	-0.047739	0.004075	0.004064	0.006876	-0.004642	0.001861	-0.000836	-0.003829	-0.004228	-0.005529	-0.005945	0.000204	0.017031
HG02808	-0.064826	-0.025751	0.034114	0.012838	0.005225	0.019581	-0.004232	-0.009662	0.028959	0.035069	0.006049	0.017112	-0.061503	0.031994	0.014526	0.065218	0.012161	-0.057922	-0.003450	-0.051144	-0.017032	-0.008439	0.023697	-0.034405	-0.047022	-0.050532	0.003524	-0.043270	0.002450	0.015398	0.000864	-0.009736	-0.005014	0.007450	-0.010223	0.003777	-0.003777	-0.024881	0.001989	-0.007409
HG02810	-0.050101	0.015159	0.061733	-0.019475	-0.028752	0.037388	0.076222	-0.028035	-0.012795	-0.040412	-0.072707	-0.010572	-0.101677	-0.018213	-0.010787	0.067972	0.009209	-0.064533	-0.017946	0.079210	-0.040990	-0.054820	0.049892	-0.009053	-0.033921	-0.045450	0.007400	-0.035088	0.001303	0.005554	-0.009428	-0.015978	-0.033333	-0.028363	0.023465	-0.049734	0.025911	0.045276	0.279448	-0.261949
HG02811	-0.039586	0.083604	-0.019279	0.024186	-0.047052	0.067467	0.062590	0.037855	0.030175	-0.041670	-0.062144	-0.021734	-0.046186	-0.017343	0.009272	0.102922	0.017948	-0.020085	-0.010934	0.049359	-0.048448	-0.023130	0.042646	0.042448	-0.047770	-0.051277	0.001530	-0.032166	0.003653	0.003027	0.005554	-0.001948	-0.002352	-0.004905	0.016382	0.010861	0.003085	0.003455	0.030899	0.002030
HG02813	-0.041993	0.024083	0.070508	0.013514	-0.011881	0.064033	0.049715	0.025046	0.009359	0.051575	-0.026558	-0.030835	-0.018516	0.018342	-0.009974	0.047993	-0.031507	-0.048312	0.004585	0.044682	0.018968	-0.032136	0.056645	-0.015861	-0.053288	-0.056210	0.008082	-0.063421	0.004652	-0.004291	0.003938	0.003365	0.014148	0.015196	0.006268	0.008430	0.010839	-0.020192	-0.004842	-0.009359
HG02814	-0.055602	-0.016873	0.036798	-0.018498	-0.099618	0.038221	0.039525	0.001443	0.024954	-0.025647	0.024668	-0.006671	-0.004871	0.031193	-0.000103	0.082157	0.032695	-0.040102	0.005875	0.042719	0.004777	0.067741	0.070984	-0.015005	-0.043293	-0.037478	-0.000219	-0.031597	-0.000449	-0.005274	-0.006170	-0.004966	0.007743	-0.002001	-0.011099	-0.002976	0.010525	0.001977	-0.003395	0.000352
HG02816	-0.042962	-0.001112	0.073057	0.018117	-0.014035	0.077460	-0.009979	0.037241	0.002632	0.050022	0.039012	-0.004851	0.016865	0.074938	0.063747	-0.018062	-0.062938	-0.034301	0.022807	0.003616	0.003291	0.064076	0.073024	-0.008309	-0.044732	-0.046651	0.003813	-0.041220	0.010151	-0.008924	0.003421	-0.008471	-0.010602	-0.003994	-0.013003	-0.008326	0.014406	-0.011765	-0.019668	0.011363
HG02817	-0.039111	-0.000124	0.046498	-0.008539	-0.127895	0.039058	0.053006	0.001583	0.036691	0.017728	-0.035831	0.044685	0.026603	0.014737	-0.075887	0.062930	-0.003464	-0.123616	-0.050672	-0.028116	-0.043369	-0.020265	0.169332	0.035073	-0.040862	-0.050187	0.005964	-0.041744	-0.001132	-0.008818	-0.015233	0.018868	-0.010311	0.006005	0.003867	0.006809	0.004015	0.030340	-0.003530	-0.000455
HG02819	-0.033638	0.045555	0.017944	0.031366	-0.082469	-0.038977	0.026611	0.003570	0.089625	0.026462	-0.038205	-0.012805	-0.004232	0.079268	0.002566	0.036810	-0.019737	-0.065773	-0.004628	0.054779	-0.090184	0.029884	0.086081	-0.025489	-0.048418	-0.048982	0.003168	-0.033730	0.001072	-0.000745	0.008214	0.003991	-0.001253	-0.027039	0.015321	-0.011169	0.008010	0.021918	0.021789	0.044979
HG02820	-0.033888	0.056634	0.019734	0.038183	-0.023886	-0.017041	0.043049	0.021075	0.009436	0.011000	-0.021239	-0.047109	-0.059399	0.013136	0.006336	0.033224	0.011408	-0.048412	-0.059710	-0.036254	-0.031562	0.037331	0.048700	-0.016555	-0.046259	-0.052808	0.009072	-0.035537	-0.005052	0.001652	-0.001124	-0.011380	-0.006715	-0.002907	-0.006552	0.005282	-0.017126	0.036002	0.029774	0.016091
HG02836	-0.037174	0.052536	0.051993	0.029601	-0.081838	-0.036448	0.067476	0.006686	0.047976	0.053663	-0.021995	-0.015011	-0.005528	0.033743	-0.080959	0.049602	-0.006493	-0.075431	-0.039063	0.095562	0.068454	-0.005145	0.052305	-0.005259	-0.045496	-0.050266	0.003488	-0.054006	0.003294	-0.003985	0.005735	-0.005629	-0.003334	0.017102	-0.013413	-0.014545	-0.001655	0.018724	0.012604	-0.017180
HG02837	-0.042107	0.024783	0.084682	0.006895	-0.044203	-0.064956	0.034854	-0.001605	0.034465	0.039500	0.017800	0.005423	-0.044888	0.004634	-0.003637	-0.008428	-0.009415	-0.114769	-0.044223	0.023534	0.034184	-0.001317	0.065539	-0.022492	-0.045939	-0.055472	0.006649	-0.056997	0.000821	0.001714	0.000614	-0.004940	-0.002992	0.024662	0.014515	-0.004712	-0.008150	0.018921	0.023477	-0.032070
HG02839	-0.024781	0.030656	0.096289	0.018801	-0.093217	0.001512	0.030899	0.013236	0.076821	0.115855	-0.041913	-0.070437	0.004302	0.063842	-0.004422	0.121431	0.005409	-0.180234	-0.001593	0.034291	-0.039738	-0.000157	0.127016	-0.020128	-0.048671	-0.056712	0.004376	-0.060509	0.003530	0.000847	0.007999	0.000199	0.011503	0.017187	0.012834	0.001134	-0.005644	-0.016519	-0.006393	-0.002050
HG02840	-0.067049	0.000841	0.010783	0.001794	0.032932	0.024176	0.048277	0.016276	0.048852	0.042181	0.005289	-0.035504	0.049228	-0.025694	-0.005863	0.024886	-0.038068	-0.048508	-0.037367	0.004553	0.028146	0.002849	0.045295	0.020648	-0.041928	-0.047736	0.002154	-0.042795	-0.001238	0.001666	-0.006001	-0.015574	-0.009668	0.013898	-0.000830	-0.016580	-0.007600	-0.005808	0.005985	0.002729
HG02851	-0.034226	0.029186	0.069088	0.000631	-0.046057	0.045539	0.051704	0.010845	0.032236	-0.031829	0.000590	-0.039819	0.011211	0.030990	0.031972	0.058825	-0.034033	-0.079903	0.021864	0.046528	-0.074766	0.022515	0.072997	0.011141	-0.035167	-0.018555	-0.000512	-0.003655	0.002370	-0.010267	-0.003287	-0.003616	-0.010854	-0.017235	0.005266	0.004058	-0.002147	-0.001596	0.006939	-0.024065
HG02852	0.080046	0.042822	-0.000778	-0.072393	-0.026489	0.031231	-0.009283	0.034221	0.027067	-0.009607	0.016340	-0.076419	-0.039212	-0.022593	0.018331	-0.010671	0.006177	0.013651	0.012354	0.013614	0.055898	0.015894	0.029714	0.002661	-0.049436	-0.062177	0.005397	-0.066712	0.003329	-0.006627	0.001997	-0.014620	0.013651	0.027957	-0.004876	-0.011237	-0.004759	-0.012964	-0.048336	-0.014879
HG02854	-0.038756	-0.003351	0.072850	0.020977	-0.047502	0.055199	0.007678	0.024786	0.013836	0.005207	0.037493	-0.043100	-0.013050	-0.010812	0.054726	0.001567	-0.077931	-0.037080	0.021232	0.039072	0.004364	0.034551	0.084625	-0.001316	-0.043038	-0.034798	0.000297	-0.001245	-0.000779	-0.002431	-0.005974	-0.010878	-0.012252	0.000866	-0.000202	-0.018599	-0.009087	0.039598	0.028939	-0.021050
HG02855	-0.017171	0.017511	-0.037076	0.069039	-0.012104	0.073885	0.077634	0.033883	0.023390	-0.081683	-0.089869	-0.031802	-0.029183	0.005014	0.000457	0.125459	0.013233	-0.007917	-0.011721	-0.024540	-0.082719	-0.005716	0.049336	0.025176	-0.046521	-0.057052	0.007427	-0.059352	-0.003409	-0.005421	-0.000704	-0.004807	0.001717	0.009111	-0.001963	0.006237	0.001722	-0.012035	-0.020725	0.012952
HG02860	0.009797	0.056006	-0.022222	0.054464	-0.021339	0.054375	0.069276	0.022252	-0.005327	-0.073750	-0.000653	-0.070868	0.045101	0.035877	-0.007602	0.079741	-0.033459	0.010506	-0.009751	-0.038764	-0.071671	0.018932	0.017143	-0.045186	-0.046127	-0.051570	0.002381	-0.053603	0.005456	-0.003357	-0.001728	0.002441	0.007075	-0.003461	0.002159	-0.005916	0.006117	-0.008231	-0.019368	0.020011
HG02861	-0.027128	0.014249	-0.037673	0.083928	0.005376	0.040900	0.051870	0.049445	0.064609	-0.018658	-0.008350	-0.052212	-0.003907	0.005096	-0.024843	0.060157	-0.060833	-0.004745	-0.022836	-0.018720	0.004410	-0.002470	0.027880	0.022566	-0.047077	-0.059566	0.007310	-0.061786	0.007193	0.010288	0.006032	-0.005474	0.004955	-0.002116	-0.010493	0.005679	0.004274	0.014882	-0.018874	0.002245
HG02870	-0.042841	-0.046132	-0.033994	0.067565	-0.088306	0.045127	0.037828	-0.008718	0.033635	-0.029041	0.040711	-0.081457	0.031490	0.047626	-0.032316	0.126685	-0.045096	0.073166	-0.026696	0.009074	-0.074993	0.050888	0.145746	-0.028910	-0.041557	-0.042460	0.002700	-0.038255	0.000961	-0.002866	0.000321	0.000589	-0.003699	-0.005161	0.002903	0.000759	-0.006647	-0.004747	0.028749	-0.025320
HG02878	-0.062763	-0.045244	0.017130	0.077275	0.000518	0.089251	-0.015221	-0.050111	-0.025735	0.009698	0.037697	-0.009520	-0.116157	0.033206	-0.020618	-0.017157	-0.060180	0.023270	-0.020192	-0.084850	-0.049474	0.008213	0.076247	-0.067889	-0.049359	-0.059996	0.008167	-0.066059	0.002956	-0.002215	0.001689	0.012528	0.011646	-0.002138	-0.008488	0.007839	0.006323	-0.025328	-0.032015	0.051612
HG02879	-0.068595	-0.055029	-0.027000	0.056895	-0.013987	0.052326	0.032757	-0.064475	-0.014810	-0.024382	0.024546	-0.002417	-0.062667	0.031706	-0.020654	0.019210	-0.061126	0.017880	-0.053299	-0.121037	-0.061424	0.007631	0.101929	-0.084997	-0.044622	-0.051320	0.009992	-0.049686	0.002555	-0.000230	0.001540	-0.011166	0.002149	0.008968	0.006684	0.003149	0.004100	-0.006563	0.005895	-0.035506
HG02881	-0.024802	0.032557	-0.095657	0.066713	0.040594	-0.033901	0.076964	-0.002004	0.027463	-0.029508	-0.053251	-0.026464	-0.031487	-0.003088	-0.094687	0.032583	-0.089800	-0.017308	-0.028017	-0.037689	-0.018955	-0.019798	-0.009655	-0.017842	-0.049089	-0.044692	0.002626	-0.023008	0.003512	0.002712	0.005096	-0.008611	0.002626	0.015146	0.016517	0.017654	0.015057	0.011245	0.020565	-0.001873
HG02882	-0.049512	-0.005459	-0.016484	0.078905	0.008344	-0.054602	0.044297	-0.053255	-0.013173	-0.030766	0.009005	-0.045352	-0.117850	0.020240	-0.113481	0.041337	-0.025607	-0.011866	-0.087435	-0.106512	-0.032236	0.003281	0.008944	-0.060771	-0.045867	-0.051790	0.006772	-0.044270	-0.003760	0.005372	0.007714	0.004101	0.018138	0.002903	0.003930	-0.015870	0.005914	-0.009343	-0.025667	0.031129
HG02884	-0.040981	0.003356	-0.057799	0.069912	-0.048439	-0.024513	0.095462	0.006395	0.018886	-0.063664	-0.025259	-0.034728	-0.043006	-0.009345	-0.062645	0.083258	-0.026494	-0.024979	-0.031213	0.006584	0.031510	-0.027912	0.043739	0.007287	-0.043299	-0.050610	0.008284	-0.035281	0.004547	0.007246	0.000590	-0.003457	-0.008415	-0.007440	-0.004568	0.007541	-0.001040	0.009069	0.017728	-0.018250
HG02885	-0.063134	-0.038544	0.008764	0.060741	-0.102158	-0.047198	0.029211	-0.073414	0.057031	0.009291	0.041986	0.022973	-0.065314	0.012974	-0.100220	0.031775	-0.031410	-0.045290	-0.091213	-0.057574	0.041616	-0.020836	0.074544	-0.047895	-0.044962	-0.054735	0.006357	-0.048551	0.004274	-0.003612	0.000610	-0.004254	-0.007167	-0.016630	0.012828	0.012177	-0.004705	-0.005881	0.023568	-0.029794
HG02887	-0.030480	0.013967	0.041906	0.038184	-0.034064	-0.004559	0.050087	-0.050016	-0.018284	-0.062821	0.008490	-0.077428	-0.087047	-0.043823	-0.059134	0.036625	-0.027031	-0.009325	-0.079186	0.019007	-0.010336	-0.037961	0.040653	-0.041426	-0.048308	-0.061831	0.004884	-0.071030	0.003110	-0.000019	0.009158	-0.009696	0.007581	0.013308	-0.003888	0.000592	-0.013453	-0.011912	-0.043332	0.015273
HG02888	-0.030152	-0.033670	-0.066410	0.064043	-0.015823	0.036638	0.077905	-0.018543	0.051567	-0.047146	-0.035424	-0.052172	-0.001033	0.024928	-0.057032	0.111495	-0.014425	0.049328	-0.048799	-0.007353	-0.067260	-0.010386	0.074454	-0.006791	-0.043721	-0.050504	0.006429	-0.049085	0.001264	-0.004956	0.007751	-0.001694	0.012588	-0.006167	0.001820	-0.002793	-0.011177	-0.003019	-0.026886	-0.011068
HG02890	-0.022711	-0.000920	-0.013556	0.076282	-0.059519	0.034479	0.066021	0.009296	0.013435	-0.107744	0.000827	-0.005127	0.006166	0.037853	-0.063614	0.072623	0.012542	0.012400	-0.008442	0.060004	-0.004178	-0.034199	0.024689	0.033127	-0.041633	-0.037440	0.006604	-0.021258	-0.003779	0.004256	-0.004936	0.008702	-0.013140	-0.014470	-0.001223	0.012791	-0.004117	0.029112	0.033700	-0.008210
HG02891	0.005623	0.049864	-0.017671	0.076686	-0.064318	0.037697	0.059546	0.015374	0.006952	-0.078959	-0.040127	-0.005436	0.002721	-0.028343	-0.086441	0.050859	0.001921	-0.010066	-0.037206	-0.007246	-0.038484	-0.058854	0.033414	0.026056	-0.041178	-0.034989	0.004321	-0.026901	0.000796	-0.007218	0.007113	-0.005603	-0.012678	0.003554	0.004707	0.004526	-0.000832	0.027317	0.018596	-0.012498
HG02895	-0.016779	-0.023065	-0.081894	0.095448	0.038306	0.094159	0.077102	0.035319	0.066032	-0.025505	-0.056894	-0.030943	0.053099	0.028842	0.014473	0.072908	-0.079591	0.006784	0.016586	0.018602	-0.069296	0.019176	0.036209	0.043321	-0.052110	-0.062914	0.004886	-0.071853	0.003685	0.001498	0.007070	0.006995	0.016774	0.004238	-0.014952	-0.004457	0.007005	-0.022420	-0.036745	0.035006
HG02896	-0.049362	-0.071812	-0.044074	0.076986	-0.055391	0.035488	0.044149	-0.045620	0.075611	-0.006880	0.025230	0.004543	0.016265	0.016673	-0.064743	0.021279	-0.046911	0.059702	-0.073215	-0.025166	0.009856	0.003930	0.077705	-0.028192	-0.052479	-0.071231	0.009310	-0.085892	0.004122	0.001431	0.001371	0.006832	0.016760	0.000319	-0.004884	0.002499	0.000529	-0.041767	-0.068776	0.056147
HG02922	0.045636	-0.058190	0.003182	-0.016777	0.011657	0.010262	-0.010928	0.003136	-0.012119	0.021064	0.021673	0.003506	0.004463	-0.006755	0.031346	0.006239	-0.036531	0.044275	0.010176	0.027551	-0.009297	-0.003696	0.035894	0.024837	-0.000937	0.074078	0.000708	-0.025968	-0.002883	0.008184	0.006954	0.008090	0.005226	0.005434	0.002666	-0.004824	0.005279	-0.006281	0.010182	-0.002287
HG02923	0.040538	-0.056997	0.040121	0.011746	-0.032411	0.043047	-0.044608	0.020217	-0.015929	0.049217	0.004575	0.031382	0.060838	0.015394	-0.017511	-0.085115	-0.102015	-0.040313	0.099862	-0.017143	0.034071	-0.076775	0.071261	-0.027133	0.001880	0.069886	-0.000040	-0.030345	-0.002486	0.002575	0.001974	0.006156	0.003521	0.008194	-0.012602	0.006819	0.001509	0.002485	-0.000173	0.005752
HG02938	0.043623	-0.030985	0.012958	-0.031439	0.022409	0.027215	-0.005431	0.011729	-0.065698	-0.013093	0.015395	0.029090	0.012222	-0.000205	-0.041688	-0.047573	-0.046105	0.048013	0.004764	0.018025	0.060825	0.048483	0.031285	0.010812	0.000427	0.064748	-0.000737	-0.020209	-0.003366	0.002381	0.000546	-0.000006	0.000004	0.006750	-0.002148	0.003043	0.003275	0.000704	-0.012732	0.004604
HG02941	0.033133	0.023565	0.014407	-0.028528	0.017797	-0.095243	0.013966	-0.049582	-0.069088	0.018137	0.000887	-0.007918	-0.064987	-0.037340	-0.123548	-0.064290	-0.023283	0.017960	-0.034309	0.016596	0.037153	-0.021460	0.008802	-0.037130	0.002032	0.059635	-0.002629	-0.018708	-0.001092	-0.000835	-0.001247	-0.000285	-0.000436	0.005766	0.000634	0.007636	0.000224	-0.016881	-0.004723	0.003171
HG02943	0.034432	0.026820	0.004226	-0.004999	0.102669	-0.041581	-0.007680	-0.007161	-0.022160	0.043882	-0.001721	-0.041694	-0.025698	0.069067	-0.043816	0.094436	0.056513	0.056960	-0.017633	-0.061020	0.040420	0.019135	-0.032020	-0.045183	0.000919	0.074710	-0.004405	-0.032301	0.002064	0.003385	0.002191	-0.006471	-0.004538	0.001580	-0.013579	0.005372	0.001396	0.001134	-0.003244	-0.017216
HG02944	0.050036	0.149319	-0.040898	-0.017329	0.043065	0.063780	-0.070424	-0.177935	-0.046607	0.069589	0.045719	0.064090	0.016775	-0.024739	-0.001864	0.000160	-0.082495	0.110974	-0.048105	-0.023241	-0.049723	-0.004089	0.083460	-0.159874	0.003005	0.073558	-0.004272	-0.032309	-0.002524	0.000303	0.003509	-0.006589	-0.009464	-0.002682	-0.002629	-0.000063	-0.002651	-0.000626	0.000856	-0.003268
HG02946	0.042103	0.005942	0.020631	-0.020499	-0.091462	-0.063381	0.076348	0.012841	-0.007447	0.001499	-0.045253	0.072271	0.063838	0.019773	-0.130181	0.022412	0.079764	-0.062225	-0.005794	-0.030148	0.105171	-0.028604	0.057940	0.008675	0.002131	0.073528	-0.005261	-0.032318	-0.006874	-0.006096	-0.001237	0.001689	0.001434	-0.012384	-0.004843	0.002345	-0.000185	0.001837	-0.005024	0.013691
HG02947	0.017884	0.003153	0.033605	0.018443	0.040105	0.028412	0.030975	-0.008433	-0.033596	0.003544	-0.077708	0.063080	-0.015996	-0.016569	-0.000190	0.019034	0.015486	-0.018684	-0.016909	0.040396	-0.044368	-0.017993	0.006752	-0.056710	0.003277	0.069546	-0.004294	-0.025793	-0.005247	-0.001926	-0.000836	0.013978	-0.004773	-0.011712	-0.008732	-0.003912	-0.003367	0.008455	-0.007147	0.001537
HG02952	-0.004585	-0.021342	0.060865	0.009534	0.010538	-0.048776	0.006743	-0.066017	-0.073682	-0.023006	-0.027659	0.039816	-0.071206	-0.076764	-0.063629	0.002237	0.078117	0.028918	-0.065643	-0.019760	-0.004900	-0.038790	0.010044	-0.045775	0.001563	0.074223	-0.004211	-0.027407	0.002636	0.004068	-0.003226	-0.003391	-0.006898	-0.002802	-0.004867	-0.003876	0.000876	-0.006702	0.006359	-0.003174
HG02953	0.029879	-0.024613	0.030079	0.020081	-0.047483	0.017627	-0.006242	-0.030024	-0.095806	0.031463	-0.041269	-0.010951	-0.026794	-0.040770	-0.022233	0.000954	-0.012121	0.095534	-0.047087	-0.008327	0.002006	-0.062621	0.040486	-0.080031	0.004143	0.070308	-0.005775	-0.029028	-0.002099	0.006416	0.009451	0.006779	-0.007710	-0.001845	-0.002627	0.005500	-0.006533	-0.008761	-0.005247	0.005094
HG02968	0.039300	0.022272	0.016097	0.009011	-0.027806	0.008548	0.053167	-0.006343	-0.129944	-0.026957	-0.112511	-0.017774	-0.049833	-0.068050	-0.025638	0.040755	0.011230	0.018179	-0.020313	0.005018	-0.055505	-0.032145	0.030941	-0.026873	0.000043	0.063876	-0.001777	-0.020538	-0.000892	-0.000382	-0.000286	0.000433	0.001298	-0.001567	0.007478	0.001797	0.003997	-0.001867	0.004388	-0.000284
HG02970	0.028597	-0.007346	0.024596	0.026946	0.067486	0.035211	0.023376	0.004724	-0.040531	0.026276	-0.029580	-0.004057	0.022000	-0.001992	-0.027518	0.053288	0.003286	0.054587	-0.022662	0.006768	-0.002465	-0.048628	0.000285	-0.047400	0.002690	0.067770	-0.001622	-0.022472	-0.005882	0.003013	-0.002717	-0.006299	-0.002984	-0.003530	0.010010	-0.004690	-0.000200	-0.002810	0.012436	0.010625
HG02971	0.045669	-0.015118	0.008563	-0.018711	-0.034156	0.030732	0.073234	-0.001347	-0.042955	-0.062166	-0.051363	0.063277	0.046520	0.010416	-0.073003	0.015510	-0.012927	0.028586	0.021579	0.051877	0.046954	-0.070198	0.057043	0.029580	0.001946	0.070951	-0.003207	-0.026108	0.001170	0.002583	-0.006859	0.005730	0.003987	0.027564	-0.001126	0.007365	0.004950	-0.004646	0.001888	-0.005798
HG02973	0.016113	-0.064678	0.024798	0.019664	-0.001733	0.019432	-0.014188	-0.038149	-0.082336	0.001320	0.003329	0.028544	-0.013475	-0.087814	0.011548	-0.028522	-0.059827	-0.000950	0.016032	0.002673	-0.022798	0.075526	0.033037	-0.049469	0.001518	0.070625	-0.001545	-0.032029	-0.003471	0.010874	0.005951	-0.001638	-0.000553	0.001301	-0.001228	-0.016067	-0.010854	-0.007014	-0.001379	0.010621
HG02974	0.022744	-0.068303	0.026457	0.031502	0.029699	0.034375	-0.003801	-0.035231	-0.056767	0.054285	-0.016918	0.043598	0.048826	0.013627	-0.049694	0.018965	-0.019961	0.035464	-0.021104	-0.009621	-0.002061	0.040958	0.034794	-0.064299	0.002596	0.071356	-0.002574	-0.025116	-0.002696	0.002689	0.000033	-0.002374	0.004398	0.000956	-0.004679	0.005372	-0.003130	0.002838	-0.002315	-0.012341
HG02976	0.029273	-0.028300	0.018989	0.001830	0.034830	-0.074832	0.042592	-0.082571	-0.023765	0.045815	-0.037079	0.017647	0.003764	-0.017030	-0.126721	0.031365	-0.018873	0.038702	-0.064231	0.046128	0.046156	-0.022005	0.002320	-0.072592	0.000842	0.067312	0.001106	-0.019140	-0.000139	0.000233	-0.006257	-0.001618	-0.005974	-0.002443	0.011899	-0.000717	0.002420	0.008655	-0.006271	-0.014485
HG02977	0.047582	0.037618	-0.006115	-0.009894	0.027037	-0.026902	0.039218	0.022407	-0.073793	-0.011434	-0.064403	0.042995	0.001782	-0.038346	-0.024420	-0.020323	-0.049528	-0.013609	-0.006605	0.000438	0.038424	-0.003540	0.003272	0.002358	0.002887	0.077076	-0.002102	-0.026236	-0.001849	-0.002833	0.003768	-0.000327	0.006268	-0.008503	-0.002175	0.002808	-0.005144	0.010426	-0.000126	0.003243
HG02979	-0.062851	0.081063	0.018621	-0.007503	0.026028	-0.022558	-0.007281	0.025169	-0.006910	0.078058	-0.031251	0.029517	0.015911	0.058755	-0.003107	-0.013236	0.004790	-0.001512	-0.023830	-0.052395	0.052319	-0.021805	-0.074525	-0.014019	0.007054	0.058507	-0.002509	-0.018250	-0.000444	0.001188	-0.013470	-0.008310	0.004170	-0.019325	-0.002893	0.018229	0.006655	0.005097	-0.019023	-0.027025
HG02981	-0.072547	0.029383	0.014356	-0.070848	0.076614	-0.014548	0.028668	0.021022	-0.047834	0.004934	0.003989	0.039357	0.006913	-0.007785	-0.002780	-0.052913	-0.018214	0.004914	0.043798	0.012253	0.066136	0.029584	-0.075896	0.024306	0.003101	0.070038	0.000749	-0.025957	-0.003654	0.005173	-0.002380	-0.003622	0.001803	-0.001206	-0.005993	0.011794	0.002683	-0.000201	-0.004934	-0.000547
HG02982	-0.033199	-0.001492	-0.020362	0.079635	-0.014649	0.073227	0.049489	0.024196	0.013238	-0.039230	-0.034766	-0.013710	-0.029240	0.055898	-0.011087	0.043519	-0.049035	0.023450	-0.002917	-0.048761	-0.027002	-0.015976	0.032162	-0.028928	-0.045854	-0.053757	0.006712	-0.055887	0.004114	-0.001716	-0.001359	0.005841	-0.009921	0.026709	-0.001446	-0.001385	0.001611	-0.011883	-0.006050	-0.010904
HG02983	-0.053602	-0.052178	0.006662	0.054584	-0.057123	0.026035	-0.004331	-0.054134	0.027497	-0.070441	0.057747	0.014163	-0.077241	0.012424	-0.068018	0.019736	-0.026851	-0.012878	-0.031996	-0.089068	0.006360	0.015724	0.070345	-0.029758	-0.046794	-0.050668	0.001218	-0.053298	0.001806	0.002576	-0.007866	0.002698	0.010602	0.001492	-0.006929	0.008681	0.007815	0.002262	-0.010764	-0.006237
HG03024	-0.020903	0.057251	-0.000623	0.058707	0.071243	-0.039196	0.053452	-0.042370	-0.004483	-0.045533	0.015941	-0.082779	-0.035268	-0.046468	-0.083734	0.017484	-0.053106	-0.016989	-0.048562	0.002409	0.021101	0.003264	-0.060551	-0.050604	-0.048804	-0.052125	0.004463	-0.034077	0.004864	0.003048	-0.004400	-0.003131	-0.002419	-0.011610	0.013947	-0.002988	-0.017298	-0.002395	0.019910	-0.017518
HG03025	0.056006	0.029083	-0.010595	-0.018002	-0.085972	-0.083413	-0.009313	-0.003589	-0.063493	0.052855	-0.006234	-0.027607	-0.098816	-0.070512	-0.084479	0.023321	0.039510	-0.023507	-0.116119	-0.041431	0.059766	0.007341	0.063470	-0.002039	-0.048002	-0.048629	0.004409	-0.027305	0.005868	0.000350	-0.003946	0.005050	-0.003308	-0.006498	0.002351	-0.017086	-0.012604	0.018596	0.044878	-0.007288
HG03027	0.079169	0.034016	-0.021268	-0.022240	0.015914	-0.033266	0.010577	0.017404	0.009314	0.069916	-0.020280	-0.051102	-0.019994	-0.015407	0.002984	0.024478	-0.067155	-0.003744	0.002740	-0.024695	0.044249	-0.001146	-0.053611	-0.033912	-0.046714	-0.049728	0.004772	-0.037933	0.004705	0.003612	0.000592	0.009698	-0.015792	-0.012818	-0.010325	0.015062	-0.003014	-0.002800	0.023557	0.007737
HG03028	0.057368	-0.037103	-0.027253	-0.025220	-0.026810	-0.066205	0.044345	-0.031985	0.001545	0.036189	-0.004709	0.030534	-0.003776	0.028561	-0.016905	0.009762	0.035730	-0.017992	-0.041909	-0.072506	0.046493	-0.031723	-0.012248	0.007138	-0.046342	-0.049477	0.004618	-0.030542	0.007196	-0.001158	-0.001620	0.004335	-0.006086	0.017358	-0.015772	0.004424	-0.016856	0.011909	0.005959	0.013174
HG03039	0.049226	-0.008862	0.000671	0.009704	-0.043384	-0.069236	0.001868	0.021182	-0.029961	0.061749	-0.006570	-0.038560	-0.078718	-0.079784	-0.020363	0.043472	-0.013102	0.018689	-0.046799	0.020699	0.085166	0.006290	0.006746	-0.018671	-0.040551	-0.031347	0.000729	-0.025812	0.001221	0.000887	-0.004102	-0.008436	0.001363	0.001220	0.010465	-0.006241	0.005328	0.014733	-0.000979	-0.013978
HG03040	0.047016	-0.039005	0.016057	0.012483	-0.019442	0.031555	-0.010263	0.014650	-0.037120	0.066035	-0.015513	-0.029788	-0.027472	-0.052219	0.021934	0.042423	-0.024089	0.030765	-0.040105	-0.041294	0.007256	0.006602	0.032841	-0.028201	-0.027208	-0.005770	0.001767	-0.004038	0.002712	0.007672	0.004429	0.001999	0.001231	-0.003024	-0.014435	-0.006144	0.025665	0.008266	0.018537	-0.016778
HG03045	0.008677	-0.038002	0.052785	0.041213	-0.018702	-0.016512	-0.078942	-0.016260	-0.051747	0.067065	0.042280	-0.021823	-0.067942	-0.095577	0.046194	-0.023913	0.013732	0.050556	-0.043794	-0.010146	0.026517	0.045251	0.017448	-0.037323	-0.042014	-0.040395	0.007296	-0.027922	0.002896	0.004603	-0.001388	-0.000288	0.007817	-0.006390	0.012622	-0.017108	-0.000482	-0.008968	0.024984	0.002825
HG03046	0.073359	0.012605	-0.013991	-0.011578	0.000650	0.045010	0.034222	0.025911	-0.010602	0.081153	-0.054123	-0.035738	0.009132	0.046177	0.006995	0.030160	-0.017720	0.033197	-0.019608	0.023730	-0.006609	-0.037684	0.029639	-0.031511	-0.041995	-0.043648	0.005630	-0.030915	-0.000689	-0.012749	-0.005593	-0.005314	0.003025	0.001268	-0.014216	0.006873	-0.000155	0.014046	0.014245	-0.026534
HG03048	0.052154	0.052217	-0.014400	-0.012452	0.063693	0.017908	-0.028188	0.111876	-0.051619	-0.001177	0.069955	-0.033366	-0.012452	-0.017865	0.041431	-0.014277	-0.010226	0.017013	0.062042	0.021918	0.087089	0.006626	0.014794	0.077241	-0.045173	-0.053438	0.009959	-0.052108	0.004336	-0.003256	0.002247	-0.004233	-0.002268	-0.002083	-0.009131	0.002393	-0.010749	0.006222	-0.014793	0.005607
HG03049	0.062189	-0.051476	-0.005566	-0.030950	0.010603	0.037051	-0.000133	-0.009911	0.051400	0.048150	-0.022983	0.005745	-0.027905	0.036155	0.037042	-0.010592	-0.006612	-0.053000	0.018747	0.017066	-0.010831	0.014946	0.008325	-0.004839	-0.046068	-0.057193	0.011096	-0.058238	0.006298	0.000178	-0.000300	0.010235	0.016591	0.014754	-0.010993	0.013472	0.020311	-0.019773	-0.030768	0.019829
HG03052	0.005349	0.020525	0.039958	0.067910	-0.009488	-0.093341	-0.030762	0.028092	-0.069760	0.060372	0.015442	0.005456	-0.056016	-0.042566	-0.048866	0.008238	0.096412	-0.015298	-0.035634	-0.028780	0.041442	-0.042806	-0.019588	0.000435	-0.033869	-0.004413	-0.005714	0.084634	-0.002768	0.001198	0.003231	-0.000450	-0.002001	-0.008804	-0.005820	-0.008196	-0.003757	0.007736	0.027608	-0.016496
HG03054	-0.002716	0.014714	0.014706	0.039938	-0.002411	-0.078780	-0.020354	0.054352	0.019643	0.053575	-0.004426	0.032134	0.021867	-0.044209	0.019402	-0.001188	0.022912	0.029411	0.013682	0.037155	0.096505	0.012968	-0.051980	0.043806	-0.045883	-0.005302	-0.014335	0.134785	-0.005225	-0.001127	-0.007035	0.011248	0.019447	-0.051532	0.022097	-0.007096	-0.008475	-0.029140	0.130359	-0.009547
HG03055	0.014220	-0.004534	0.062411	0.054316	-0.039182	0.013368	-0.000593	0.018147	-0.009174	0.048894	-0.039869	-0.005265	0.024152	-0.045029	0.014095	0.002320	0.034926	-0.012884	-0.034677	-0.000091	-0.002187	-0.003195	0.001271	-0.049701	-0.036009	-0.002951	-0.006645	0.130348	-0.006935	-0.005316	0.011008	-0.017124	0.007442	-0.021153	-0.026029	0.035833	-0.033100	-0.031222	0.104348	0.089742
HG03057	-0.000249	0.012594	0.070248	0.030071	0.018791	-0.018642	-0.030906	0.003538	-0.034010	0.014656	0.035490	-0.021033	-0.004879	-0.046608	0.012415	-0.052153	0.027045	0.005097	-0.009806	0.020759	0.039245	-0.004391	-0.029421	-0.044743	-0.035311	-0.005065	-0.007391	0.092894	-0.002913	0.009052	-0.005052	0.002969	0.008031	-0.015938	0.015360	0.004752	-0.009367	-0.001362	0.004145	-0.012780
HG03058	0.022639	-0.004668	0.007531	0.013426	0.027784	0.069385	0.016018	0.007717	-0.024792	-0.060067	-0.115739	0.086383	-0.051033	-0.029865	0.056645	-0.000707	0.005891	0.006069	-0.028554	0.000275	-0.095143	-0.061436	0.026985	0.004876	-0.037750	-0.001311	-0.005157	0.068020	-0.000945	-0.006912	-0.004380	0.002911	0.001261	0.005052	0.008039	-0.006090	0.001200	-0.001395	0.010974	0.009061
HG03060	0.045016	0.015465	-0.032591	0.027509	0.024029	0.045213	0.057537	0.016777	-0.041490	-0.029131	-0.161206	0.079092	-0.037063	-0.000860	-0.025539	0.023953	-0.037267	0.005202	0.020584	0.047033	-0.058028	-0.127217	-0.007187	-0.034080	-0.035505	-0.002158	-0.004163	0.073867	-0.002426	0.002096	0.000351	-0.003906	0.002402	-0.005675	-0.000552	-0.001398	-0.005187	0.012904	0.030661	-0.001996
HG03061	0.028973	-0.025293	0.010101	0.005362	0.025227	0.054490	0.014321	0.007232	-0.053901	-0.052269	-0.088899	0.110592	-0.035558	-0.046969	0.022973	-0.042642	-0.038409	-0.000345	-0.018227	-0.033138	-0.049349	-0.052934	0.030257	-0.020296	-0.035510	-0.005943	-0.002025	0.067436	0.001388	0.001719	0.002080	0.001051	0.003532	-0.022095	-0.000588	0.001114	-0.004534	0.008714	-0.002132	0.012535
HG03063	0.039793	-0.038008	-0.032658	-0.000543	0.032161	0.007338	0.038943	-0.000242	-0.025134	-0.056169	-0.061691	0.144042	-0.059836	0.046060	-0.006970	0.041273	0.028151	0.010239	0.030359	0.050432	-0.063839	-0.062882	0.029257	0.021051	-0.040508	-0.011595	-0.009259	0.105264	0.010202	-0.001407	0.007662	0.007608	-0.026298	-0.031487	-0.007750	-0.014995	-0.018509	-0.080208	0.163620	0.097544
HG03064	0.035619	-0.041111	0.020914	0.008637	0.040396	0.069667	0.028758	0.001790	-0.076856	0.008155	-0.050614	0.049350	0.036725	-0.016179	0.027102	0.020897	-0.040675	-0.004128	0.041330	-0.064621	-0.043237	0.007142	0.050649	-0.071543	-0.036258	-0.003817	-0.008207	0.108636	-0.005455	0.003228	-0.007257	0.011200	-0.019105	-0.010936	-0.007487	0.006417	-0.029314	0.094095	0.012297	0.002209
HG03066	0.017475	-0.072042	0.027801	0.019257	-0.008629	0.047768	-0.016609	-0.032114	-0.048783	-0.011329	-0.024282	0.127877	0.024799	-0.009890	0.049852	-0.041450	-0.054756	0.002072	0.020004	0.006834	-0.029998	-0.033654	0.086509	-0.014931	-0.035169	-0.001634	-0.005856	0.078663	0.001068	0.004064	-0.006553	0.005012	-0.008256	-0.016783	0.013914	-0.004395	0.000637	0.001382	0.009079	0.007837
HG03069	0.015601	0.039604	0.050827	0.055900	-0.002824	-0.041756	-0.029992	0.044710	0.037404	0.046802	-0.017705	0.028882	0.033185	-0.027703	-0.013322	-0.022053	-0.017081	-0.067351	0.054273	0.060749	0.084463	-0.020166	-0.029259	-0.008889	-0.037958	-0.002947	-0.017421	0.086612	-0.001493	0.002508	0.002136	-0.010544	0.004388	-0.025312	0.006524	-0.003390	-0.006484	0.002414	0.042250	0.010773
HG03072	0.045600	0.007785	0.004857	-0.008566	0.062731	-0.040555	0.058943	-0.012628	-0.094699	-0.002150	-0.041492	0.005524	0.036960	-0.034679	-0.078247	0.016049	-0.055447	-0.006597	-0.008956	-0.025110	0.099440	0.019190	-0.000137	-0.053325	-0.036751	-0.004491	-0.003641	0.069981	-0.002448	0.002968	-0.000374	0.006784	-0.005923	-0.014929	0.009676	-0.002754	-0.005551	0.005036	0.003210	0.000415
HG03073	0.034281	-0.027347	0.033209	-0.025626	0.073557	-0.024122	0.077843	-0.058472	-0.080600	-0.012288	-0.025371	0.014427	0.032392	-0.013399	-0.058885	0.029791	-0.010639	-0.007313	-0.013737	-0.030811	0.042964	0.023590	0.025784	-0.106291	-0.039043	-0.007374	-0.008889	0.099419	0.001670	-0.001369	0.006561	-0.040793	-0.006969	0.004311	0.050140	0.027326	-0.037343	-0.045999	-0.289258	-0.325451
HG03074	0.067717	0.140252	-0.032615	-0.022761	0.031702	0.068331	0.010351	-0.124612	0.005648	0.030428	-0.056323	0.054834	0.012755	-0.071254	-0.016133	0.083322	-0.079350	0.000043	0.019125	0.029962	-0.016013	-0.031666	0.036281	-0.149745	-0.037736	-0.001792	-0.007920	0.094198	0.002365	-0.004812	-0.002915	-0.009465	0.009849	-0.009651	0.001002	0.008719	-0.010512	-0.011260	-0.074360	-0.053220
HG03077	-0.091240	0.017616	-0.017701	-0.095226	0.001327	-0.045448	0.068614	0.020283	0.000272	-0.004751	-0.109033	0.051786	0.056398	-0.000723	-0.007647	0.008668	0.052293	-0.117587	0.115159	-0.011315	-0.008589	-0.060571	-0.106082	0.074375	-0.034950	-0.002297	-0.007551	0.070081	-0.003412	0.001686	-0.001565	0.007994	0.005433	-0.013880	0.008910	0.000329	0.009914	-0.007687	-0.010129	0.017406
HG03078	-0.065481	0.019226	0.005782	-0.097304	-0.013884	0.011343	0.057856	0.003167	-0.051775	-0.021230	-0.053769	0.019547	-0.001257	-0.054403	-0.028018	-0.019817	-0.016149	-0.016884	0.035861	-0.011165	0.043176	-0.022783	-0.039539	0.039909	-0.037699	-0.003083	-0.007342	0.086264	-0.003057	0.002859	0.001648	-0.004216	0.003274	-0.026381	0.002806	-0.001136	0.003665	0.030832	0.006318	0.002803
HG03079	-0.071641	0.027060	0.009093	-0.058730	-0.044184	0.016880	0.023071	0.030834	-0.041943	-0.010081	-0.065175	0.027999	-0.013746	-0.013402	0.023336	0.022796	0.030581	0.028523	0.015760	-0.007843	-0.034474	0.023674	-0.014314	0.049640	-0.033865	-0.004562	-0.004277	0.082610	-0.001443	-0.002898	-0.001824	0.003803	-0.001798	-0.009761	-0.005184	-0.011448	-0.002378	0.021339	0.009734	0.012490
HG03081	-0.044320	0.164617	-0.037340	-0.004861	-0.017885	0.099120	-0.064284	-0.100828	0.026391	0.027925	0.013547	0.149520	0.020577	-0.025963	0.064374	-0.059938	-0.104002	0.053059	-0.016254	-0.004519	-0.105264	-0.032279	0.036305	-0.066039	-0.033078	0.002629	-0.004842	0.073818	-0.004577	0.012329	-0.007181	-0.011375	-0.006998	-0.018098	0.006431	0.005500	-0.005374	0.016374	-0.003047	-0.000425
HG03082	0.016557	0.074185	0.037472	-0.052107	-0.034957	0.015473	-0.027889	0.095514	-0.031637	-0.104674	0.098656	-0.019910	0.095579	0.046687	0.101975	-0.066443	0.081181	0.018348	0.055249	-0.003303	-0.020071	0.135967	0.039490	0.121666	-0.036195	-0.009022	-0.004066	0.066866	0.003828	-0.009619	-0.009404	0.005860	-0.001727	-0.011519	0.006308	-0.001067	-0.005931	-0.001790	-0.001990	0.018611
HG03084	0.017779	-0.008399	0.083271	-0.087332	0.068055	0.040991	0.020226	-0.008124	0.083030	-0.019789	-0.025256	-0.042212	0.050981	-0.001881	-0.001449	-0.057311	0.006981	0.057184	0.078656	-0.025337	-0.005661	-0.038339	-0.020703	-0.011746	-0.033878	-0.006494	-0.006117	0.074353	-0.001079	0.003462	0.004444	0.004297	-0.000942	-0.010077	0.002664	-0.013735	-0.012691	0.023581	0.007092	0.008442
HG03085	0.016856	-0.022236	0.072200	-0.095368	0.012372	0.008296	0.009270	-0.042614	0.097513	-0.052014	-0.046874	-0.043941	-0.054526	-0.032868	-0.022981	-0.041309	0.069355	0.046759	0.060256	-0.011258	-0.057607	-0.020205	-0.009723	-0.029241	-0.033676	-0.001732	-0.010475	0.081563	-0.000550	0.000721	0.001235	0.002260	0.000759	-0.013890	0.012280	0.003219	-0.014879	0.027585	0.002447	-0.003470
HG03086	0.012880	-0.003309	0.054246	-0.049353	0.012368	0.035287	-0.019570	0.066868	-0.022148	-0.118983	0.062617	-0.017995	0.058670	-0.039058	0.079682	-0.084640	0.028073	0.053745	0.073894	-0.048140	0.029813	0.063781	0.015533	0.089956	-0.033771	0.003686	-0.006958	0.077642	0.001406	-0.001473	-0.002136	0.005776	-0.003510	-0.026871	0.011097	-0.000527	-0.010863	0.014235	-0.004775	-0.007343
HG03088	0.010070	-0.048192	0.083551	-0.018159	-0.060164	0.062019	-0.066684	-0.003008	0.146124	0.003798	0.000717	0.022862	0.088271	0.016412	0.056798	-0.080233	0.001629	0.012022	0.073720	-0.095160	-0.099462	-0.037420	0.065108	-0.003050	-0.035342	-0.008510	-0.000740	0.022955	-0.002871	0.003040	0.001149	-0.002344	-0.004963	0.004921	0.004114	-0.006104	-0.002856	-0.004499	-0.011823	-0.026453
HG03091	0.014564	0.033229	0.046963	-0.074300	0.021720	-0.044502	0.029785	-0.047287	0.070942	-0.029261	-0.070459	-0.022244	-0.032781	-0.043224	-0.049079	-0.042712	0.086098	0.039313	-0.029973	-0.030426	-0.077451	-0.017669	-0.025024	0.014849	-0.034146	-0.003182	-0.004761	0.072278	0.000848	0.004580	-0.004201	0.008246	-0.010259	0.005173	-0.005145	0.009074	0.003480	-0.018096	0.002451	0.008186
HG03095	0.024306	0.031877	0.052822	-0.065464	-0.023252	-0.025177	0.040704	0.003378	0.057666	-0.019373	-0.067228	-0.060793	0.029159	-0.058849	-0.025400	0.006395	0.046480	0.012900	-0.003061	-0.044540	0.013460	0.020577	0.013329	0.064506	-0.035129	-0.002725	-0.004259	0.071201	-0.001865	0.002531	0.005794	0.000789	0.002060	-0.009769	0.010273	-0.004347	0.001174	-0.002106	0.015601	0.011473
HG03096	0.002685	-0.018369	0.038269	-0.028388	0.064400	-0.091084	-0.025145	0.009830	0.005577	-0.050592	0.074027	-0.050960	-0.026573	-0.106672	-0.005005	-0.034122	0.033085	0.010832	0.051260	0.017151	0.083080	-0.005640	-0.052427	0.080505	-0.039044	-0.006489	-0.008754	0.108109	-0.007843	0.007892	0.014291	0.004125	-0.020886	-0.065643	0.002063	-0.004568	0.017766	-0.011064	-0.063350	0.118524
HG03097	0.000293	-0.015833	0.056688	-0.071546	0.088704	-0.078625	0.029403	-0.043781	0.039997	-0.038749	0.034007	-0.080053	0.003153	-0.023331	-0.051347	0.018866	0.080498	0.000737	0.048783	-0.045000	0.104470	0.033333	-0.091523	-0.023203	-0.039545	-0.002916	-0.011046	0.140056	0.003380	-0.010843	0.005311	-0.077059	-0.013975	-0.009261	0.087371	0.037432	-0.067220	-0.064458	-0.499291	-0.537865
HG03099	0.017062	0.003212	0.063784	-0.082142	0.023713	-0.004918	0.024408	-0.021089	0.089283	-0.002830	-0.039221	-0.055699	0.004785	-0.011834	-0.007184	-0.029963	0.082608	0.101772	0.026871	-0.033956	-0.015744	-0.009715	-0.005324	-0.022352	0.002709	0.072879	0.000096	-0.020106	-0.001222	-0.000511	0.005828	-0.001535	0.002820	-0.003700	0.007097	-0.002364	-0.001353	-0.002350	0.001598	0.003574
HG03100	0.011186	-0.021249	0.076877	-0.090111	-0.004917	-0.008994	0.030430	-0.048866	0.087224	-0.037230	-0.056811	-0.035519	-0.018735	-0.081619	-0.022096	-0.069265	0.016182	0.048291	0.053934	0.017395	-0.003418	-0.096871	-0.011789	-0.002762	0.003549	0.070485	0.001897	-0.031484	0.003855	0.002748	-0.008073	0.002553	-0.010100	-0.003246	0.001440	0.000266	0.009151	0.008810	0.010518	-0.006246
HG03103	0.028952	0.004923	0.082719	-0.105165	-0.030785	0.022373	0.057318	-0.021680	0.086612	-0.069877	-0.067975	-0.068834	0.012094	-0.031028	-0.023385	-0.026249	0.052347	0.035101	0.087604	0.062105	-0.014509	-0.092186	0.015919	0.002092	0.001632	0.062456	-0.001908	-0.022115	-0.001126	0.004507	0.002137	-0.005983	-0.000019	0.002399	-0.004824	-0.002469	0.006197	0.005054	-0.004244	0.002007
HG03105	0.030337	0.050360	0.055676	-0.063431	0.013904	0.052463	0.042289	0.017433	0.064714	0.002688	-0.071071	-0.084048	0.082335	-0.007487	0.018775	-0.025303	0.027119	0.060663	0.010541	-0.026603	-0.055413	-0.001593	-0.012592	-0.008619	0.000491	0.066154	-0.001044	-0.023455	-0.004719	0.003115	-0.003319	-0.002080	0.004286	0.004362	-0.002120	0.000644	0.001408	-0.002920	-0.003190	0.006521
HG03108	0.019575	0.019732	0.074955	-0.068026	0.029368	0.059148	0.030860	0.006426	0.077717	-0.012338	-0.060232	-0.067023	0.030513	-0.006261	0.008647	-0.032249	0.054196	0.081042	0.028457	-0.016534	-0.029125	-0.041251	-0.012067	-0.012999	0.002602	0.080229	-0.005182	-0.036739	-0.006308	0.004135	0.001185	0.013032	0.009229	0.006884	-0.007379	0.001034	0.004065	0.003057	0.005378	0.001160
HG03109	0.006283	-0.033747	0.069293	-0.039157	-0.009121	-0.012376	-0.004086	-0.027696	0.078144	0.001182	-0.017099	-0.030846	0.030054	-0.052406	-0.030870	-0.050751	0.017467	0.049383	0.053369	0.012287	0.020613	-0.038463	-0.005681	0.026620	0.001925	0.070525	-0.000696	-0.024627	-0.002267	0.003163	-0.006549	-0.008180	0.003647	0.002286	-0.000427	-0.007129	0.005460	-0.012091	-0.003575	-0.000593
HG03111	0.013033	-0.029151	0.070918	-0.038325	0.024037	0.062622	-0.001382	-0.013546	0.077874	0.029983	-0.036205	-0.051894	0.070945	-0.018741	0.037279	-0.026470	0.026669	0.091304	0.018799	-0.066316	-0.065153	-0.003002	0.014874	-0.001925	0.004931	0.066425	-0.001141	-0.021123	0.000147	-0.000847	0.001958	0.007475	0.016752	0.015101	-0.008643	0.012217	-0.011384	0.012510	0.008427	-0.001415
HG03112	0.013274	-0.032715	0.087559	-0.070666	-0.011279	0.079641	0.013080	-0.021029	0.077947	-0.020159	-0.050577	-0.030061	0.059881	-0.038134	0.043701	-0.066980	0.013992	0.068428	0.052917	-0.029367	-0.030987	-0.035543	0.026846	-0.009061	0.005479	0.067044	-0.001329	-0.022094	-0.004798	0.003367	0.001655	0.002179	-0.009313	-0.010328	-0.005809	0.009567	0.001637	0.004437	-0.000544	0.004060
HG03114	0.019591	0.038105	0.045323	-0.065348	0.040099	-0.039192	0.020624	-0.000229	0.058934	-0.022047	-0.016474	-0.079173	0.020032	-0.025218	-0.014025	-0.021166	0.055806	0.044171	0.039956	-0.054937	0.036713	-0.008970	-0.074698	0.001859	0.001194	0.077098	0.000205	-0.028457	-0.006940	-0.001659	0.003876	0.004815	-0.003841	-0.003215	0.013966	0.004935	-0.001439	0.004914	0.016838	0.005611
HG03115	0.024908	0.047375	0.058008	-0.079284	0.041945	-0.029423	0.046429	-0.003203	0.064317	-0.005197	-0.065821	-0.063589	0.020307	-0.025766	-0.025831	-0.039501	0.020087	0.016374	0.041605	-0.034196	0.007285	-0.038620	-0.045102	-0.004377	0.001080	0.069860	-0.003144	-0.025262	-0.000654	0.005096	0.001853	0.009578	0.010559	0.009455	0.000582	0.006296	0.001372	0.009750	0.000437	-0.004179
HG03117	0.021195	-0.004041	0.057268	-0.091833	0.035204	-0.040242	0.030327	-0.006621	0.088511	-0.009372	-0.036070	-0.033585	-0.017315	-0.070035	-0.020729	-0.049629	0.049250	0.021794	0.018481	-0.041677	-0.001033	-0.051068	0.001554	0.030663	0.004406	0.070522	-0.012002	-0.030353	-0.001436	0.000166	0.002437	0.006518	-0.003941	0.009273	0.000116	-0.008485	-0.007098	0.003750	-0.009309	0.008825
HG03118	0.014134	0.038795	0.052705	-0.090841	0.047291	-0.032514	0.051602	0.016726	0.050502	0.001346	-0.060623	-0.053626	0.020133	-0.026417	-0.020290	-0.014253	0.041842	0.031690	0.061141	-0.012183	0.042535	-0.060958	-0.052342	0.001196	0.002616	0.072593	-0.006846	-0.024726	-0.004803	-0.003780	-0.003535	0.000557	-0.000638	-0.005064	-0.000424	-0.011916	-0.003533	-0.009751	0.001980	0.003093
HG03120	0.012465	0.008376	0.074175	-0.066192	-0.025565	0.006983	0.015731	-0.002700	0.062426	-0.010672	-0.046541	-0.022881	-0.005036	-0.054803	0.000680	-0.060161	0.029112	0.021871	0.036320	0.034884	-0.025602	-0.062036	0.035004	0.027235	0.001744	0.072555	-0.007801	-0.032430	-0.001675	0.003626	-0.003216	0.000305	0.003938	-0.002732	-0.010349	0.002367	0.005261	0.002048	0.001972	-0.004345
HG03121	0.010450	-0.008798	0.074284	-0.081759	0.008460	-0.021208	0.007604	-0.024485	0.108995	-0.038237	-0.023120	-0.044519	-0.011507	-0.003567	-0.004425	-0.028150	0.079246	0.046384	0.056855	-0.013425	-0.015860	-0.042422	-0.017506	0.011742	0.005522	0.076815	-0.001467	-0.032147	-0.004019	-0.001468	0.001862	0.014187	-0.008929	-0.001123	-0.008253	-0.003344	-0.005357	-0.001773	0.009286	-0.008730
HG03123	0.003091	-0.022393	0.087062	-0.079325	0.002089	0.030657	-0.004368	-0.033799	0.064881	-0.035194	0.018464	-0.049529	0.045202	-0.012500	0.018250	-0.066862	0.037023	0.095439	0.027996	0.007001	-0.017281	0.033424	0.028271	0.002512	0.003618	0.074830	-0.002652	-0.029734	-0.003540	-0.001756	-0.000139	-0.012501	0.000545	0.002479	-0.002209	0.006861	-0.003494	0.003764	-0.015656	-0.005514
HG03124	-0.069952	-0.005709	-0.025641	-0.022209	0.035839	0.033869	0.064060	0.024069	-0.040356	-0.051038	-0.055088	0.066395	0.120655	0.037468	0.044268	-0.054521	0.025503	0.076282	0.045724	0.052506	-0.010093	0.030560	-0.032992	0.065069	-0.000691	0.069918	-0.005945	-0.027288	-0.006663	0.002720	0.002500	-0.001287	0.002237	0.006438	-0.004145	-0.008835	0.008638	0.003622	0.002957	0.003423
HG03126	-0.034042	0.029981	0.018591	0.021475	0.008350	0.036530	0.001199	0.042274	0.022035	0.004806	-0.025737	0.028731	0.055824	0.036464	0.061864	0.019466	0.029702	0.051822	0.024091	0.031662	-0.039576	-0.003963	-0.012734	0.023351	0.000360	0.069616	-0.000411	-0.026357	-0.002963	0.000506	0.000170	0.001705	0.001597	0.007457	0.005494	0.001437	-0.001623	-0.007596	0.006334	-0.008466
HG03127	-0.019770	0.055739	0.033819	0.054963	-0.091304	0.012411	-0.023565	0.042694	0.029512	0.085792	-0.030117	0.021297	0.100182	0.082983	0.047365	0.037269	-0.019564	-0.002968	0.051256	0.043380	-0.129378	0.060714	0.079393	-0.003852	0.002347	0.067969	0.001259	-0.025638	-0.006766	-0.001913	0.004512	0.003284	-0.010693	-0.005301	0.007436	-0.003216	0.001894	-0.004578	-0.009111	0.011214
HG03129	-0.024889	0.040253	0.061132	0.034717	0.000951	0.052224	0.024973	0.029463	-0.031842	0.048388	-0.013916	-0.020392	0.051236	0.043934	0.022580	0.049186	0.056009	0.034956	-0.044083	0.017546	0.029868	0.000971	-0.002998	-0.031097	0.003376	0.070300	-0.005658	-0.020955	-0.003209	0.004592	-0.007561	0.003551	-0.014246	-0.009887	0.008499	0.003417	0.002292	0.016277	0.004798	0.001771
HG03130	-0.083014	-0.034059	0.038324	-0.097869	0.048997	0.026267	-0.010391	-0.026902	0.024382	0.003769	-0.012663	0.086106	0.015826	0.015413	-0.007375	-0.067477	-0.008071	0.009022	0.051538	-0.025846	-0.029902	-0.014072	-0.037560	0.025733	0.002262	0.070582	-0.003353	-0.020363	-0.005273	0.000661	0.001266	0.000124	-0.011729	-0.003559	-0.005434	-0.009838	0.002708	-0.005322	0.000889	-0.004507
HG03132	-0.020025	0.182799	-0.035095	0.030731	0.048124	0.085581	-0.032459	-0.138287	0.014101	0.060297	-0.011710	0.130581	0.007220	-0.026320	0.024182	0.036696	0.017223	0.062289	-0.048208	-0.023159	-0.066345	0.002507	0.010709	-0.105992	0.000536	0.064411	-0.001442	-0.021526	-0.001712	0.009603	0.003869	-0.001138	-0.006618	0.005746	0.004930	0.008492	0.001710	-0.003961	-0.001260	-0.004355
HG03133	-0.078528	-0.033422	0.009279	-0.094480	-0.010237	0.065793	0.007490	0.005626	0.013414	0.047789	-0.052248	0.020545	0.055170	-0.001804	0.040683	-0.050990	-0.030763	0.049386	0.062519	-0.056523	-0.012451	0.030386	-0.038736	0.002860	-0.000782	0.072000	-0.002557	-0.028800	-0.004455	0.003371	0.008705	-0.000276	-0.004644	0.007084	-0.000497	-0.000888	-0.003958	-0.002264	-0.001053	0.016568
HG03135	-0.067825	0.042602	-0.018309	-0.060556	0.032948	-0.062169	0.017366	-0.007155	-0.008680	-0.003466	0.021071	-0.035589	-0.010774	-0.013399	-0.021313	-0.028818	-0.036373	0.009339	-0.004640	-0.023967	0.002375	0.053788	-0.075871	0.001367	0.003358	0.063832	-0.006234	-0.022794	-0.002738	-0.006124	0.006127	0.007259	0.006755	0.005401	0.009932	-0.007586	0.003258	-0.008010	0.002152	0.002694
HG03136	-0.061537	0.072335	-0.025200	-0.085849	0.058534	-0.025279	0.027557	0.037067	0.030596	-0.042508	-0.041635	0.014404	-0.001844	-0.016718	0.004323	-0.060168	-0.062710	-0.013064	0.055464	-0.029400	-0.001550	-0.015269	-0.107714	0.061819	-0.000317	0.067344	-0.002966	-0.022963	-0.002979	0.004379	0.001459	0.006061	0.008495	0.005242	0.013499	-0.006632	0.000652	0.002329	0.011942	-0.006385
HG03139	-0.061268	0.036190	0.011705	-0.090880	0.060464	-0.043984	0.044287	0.018485	0.021445	-0.007751	-0.013057	-0.021101	-0.029200	-0.027234	-0.009429	-0.034006	-0.031828	-0.000445	0.042838	-0.016197	0.034287	-0.030384	-0.084382	0.042825	0.004719	0.066441	-0.001744	-0.020741	0.000865	-0.000744	-0.000030	0.004889	0.009598	-0.004489	0.002127	-0.000886	-0.006051	-0.000182	-0.011657	0.007144
HG03157	-0.061727	0.018944	0.016440	-0.031236	-0.001989	-0.086208	-0.001582	0.024676	0.015472	0.053969	0.017949	-0.017313	-0.059732	-0.036990	-0.024412	-0.031048	-0.074581	-0.002319	0.030491	-0.002176	0.021839	-0.051060	-0.051791	0.043230	0.001072	0.061660	-0.003415	-0.019888	-0.001721	0.007333	-0.003564	0.005327	-0.002253	-0.003005	-0.005310	-0.007424	-0.005489	0.004570	-0.009939	0.004315
HG03159	-0.060543	0.035950	0.020022	-0.039957	0.021061	0.004615	0.012488	0.025149	-0.049641	0.026570	0.014634	-0.032074	-0.007153	0.009361	0.017059	0.014979	-0.019320	0.022420	-0.017712	-0.041919	-0.017111	-0.007047	-0.036020	0.024351	0.003052	0.066946	0.000575	-0.026915	0.000165	0.003251	-0.003824	0.016926	-0.006942	0.002731	-0.000739	0.005050	0.012968	0.011666	-0.011517	0.021300
HG03160	-0.053593	0.016669	0.028518	-0.044440	0.041802	-0.003649	-0.014256	0.050918	-0.010477	0.023484	0.036009	-0.011336	0.031453	-0.007321	0.011185	-0.070851	-0.095276	-0.038617	0.058206	-0.014412	0.033900	-0.030320	-0.025375	0.053510	0.002643	0.067762	-0.000873	-0.029864	-0.000115	0.001192	0.014365	-0.005967	-0.001915	-0.004974	0.010587	0.007587	-0.005214	0.004731	-0.015373	-0.004731
HG03162	-0.063395	0.022170	0.032342	-0.047606	0.000027	-0.008908	0.000361	0.019655	-0.036875	0.012201	-0.006530	0.024269	-0.062437	-0.011599	-0.003119	-0.050663	0.007100	0.013795	-0.009848	-0.016777	0.018679	-0.017483	-0.021018	0.031201	0.004477	0.072967	0.001080	-0.030136	-0.001974	0.002951	0.002616	0.006168	0.001056	0.001477	-0.006263	0.010525	0.001957	-0.020025	0.000321	-0.014019
HG03163	-0.056611	0.081198	-0.003389	-0.046636	-0.056337	0.047377	-0.000503	0.091460	0.012565	0.042064	-0.056335	0.036180	0.077458	-0.004865	0.079477	-0.118643	-0.105655	0.011788	0.043565	-0.023100	-0.080867	-0.039467	0.011158	0.051734	0.004033	0.075999	-0.002874	-0.026102	-0.003510	0.004202	0.002624	0.001510	0.014776	0.002397	-0.003874	-0.007775	0.001097	-0.002168	-0.005858	0.008381
HG03166	-0.047009	0.016872	0.041386	-0.047701	0.010550	0.007940	-0.042890	0.069556	-0.037019	0.039880	0.052377	-0.012163	0.012804	-0.000334	0.122391	-0.036883	-0.073851	0.009881	0.040221	-0.012367	0.013654	0.027345	-0.023359	0.016200	0.001662	0.070548	-0.002851	-0.031610	-0.006162	0.002931	-0.002191	0.001436	0.002100	0.000106	-0.001472	-0.002267	-0.001479	0.001352	0.007064	-0.007030
HG03168	-0.072095	0.034444	0.007369	-0.046067	-0.008892	0.031657	0.011671	0.040752	-0.008702	0.037001	-0.033327	0.011440	0.043365	0.028023	0.030903	-0.045721	-0.051224	0.075428	-0.020413	-0.063273	-0.033595	-0.007183	-0.035157	0.037871	0.001918	0.062272	0.001618	-0.026101	-0.003773	0.003183	0.002112	-0.002434	0.014220	0.017371	0.004847	-0.009805	0.003650	-0.010531	0.007037	-0.004010
HG03169	-0.037313	-0.010487	0.048941	0.025556	-0.027907	0.078021	-0.002096	0.003895	0.074093	-0.024562	0.003605	0.017412	-0.008306	0.035185	0.040230	0.024527	-0.047729	-0.034496	0.056506	0.065269	-0.083303	-0.054658	0.052025	-0.002041	0.004259	0.068877	-0.004459	-0.024888	0.002156	0.005014	0.007584	-0.001560	-0.007595	-0.018260	0.002747	-0.004789	0.007800	0.008944	0.005195	-0.017126
HG03172	-0.035942	0.021010	0.085563	0.011707	0.055574	0.084174	0.059065	0.009473	0.020991	-0.009908	-0.028704	0.017739	0.014366	0.036950	0.009685	-0.048126	-0.063508	-0.087322	-0.021800	0.018588	-0.046945	-0.009993	0.066266	-0.011174	0.001927	0.054293	-0.001986	-0.016947	-0.007449	-0.003340	-0.002694	-0.001929	0.001681	0.000779	0.004190	0.002016	-0.002927	-0.005041	0.004915	-0.003791
HG03175	-0.027791	0.030952	0.097723	0.029186	0.028184	0.056133	0.047191	0.007378	0.046457	0.019840	-0.019407	-0.000904	0.041133	0.056663	-0.021394	-0.015755	-0.072272	-0.100315	0.013147	0.017549	-0.041046	-0.094861	0.048453	-0.005519	0.000989	0.070348	-0.002082	-0.023451	-0.003177	0.006695	0.003179	0.000070	-0.000246	-0.003897	-0.002245	-0.006558	-0.000285	0.002125	0.001827	-0.003128
HG03189	-0.047746	0.042115	-0.024749	0.023574	-0.029792	-0.051014	0.096942	-0.002203	0.013007	-0.057005	-0.010510	-0.002241	0.010401	0.012467	-0.052981	0.024803	0.013727	-0.060543	-0.047449	-0.035112	0.009249	0.015471	0.037052	0.054889	0.001871	0.071256	-0.004019	-0.024057	-0.002401	0.003608	0.003394	0.014112	-0.000540	-0.000639	0.006340	-0.006558	-0.002151	0.004814	-0.004612	0.012607
HG03190	0.054497	-0.033383	-0.009178	-0.009177	0.007252	-0.052378	-0.078652	0.047203	0.092501	0.033933	0.066299	-0.032985	-0.043492	-0.017205	0.047922	-0.032729	0.008509	0.033886	0.078743	-0.024999	0.132593	0.032576	-0.041420	0.020551	0.003615	0.071363	0.001314	-0.031054	-0.003878	0.002483	0.003556	-0.003289	-0.008834	0.001390	-0.012131	-0.003830	-0.004441	0.004346	0.004292	-0.008676
HG03193	-0.008290	0.178694	-0.013967	0.099578	0.069701	0.092764	-0.106759	-0.079972	0.064038	0.041398	0.075050	0.095208	0.008454	-0.062145	0.076204	-0.005846	-0.034331	0.029651	0.004568	-0.003978	-0.056779	-0.048628	-0.003456	-0.053401	0.002163	0.065740	-0.001432	-0.030387	-0.003224	0.000501	0.007095	0.003148	0.006003	0.001613	0.002222	0.000275	-0.000052	0.003801	-0.000373	0.000009
HG03195	0.066833	0.007811	-0.032457	-0.030971	-0.024240	-0.047782	0.024366	0.006057	0.028161	0.018548	-0.015216	0.014770	-0.053450	0.078058	-0.012280	-0.033083	0.041318	-0.023232	0.006476	-0.001846	-0.005122	-0.085831	-0.011814	0.035450	0.002542	0.069539	-0.003860	-0.026558	-0.000816	0.006945	-0.006683	0.001999	-0.003042	0.011314	-0.001782	0.010741	-0.007927	-0.006033	0.002602	0.005536
HG03196	0.056863	-0.063816	-0.038720	-0.027571	0.073989	-0.001376	-0.001709	-0.039166	0.046563	-0.015016	0.002977	0.027180	-0.047941	0.050285	0.014008	0.012938	-0.009945	-0.041600	0.050384	-0.008208	0.029383	-0.047829	-0.049585	-0.015559	0.004067	0.069274	-0.002988	-0.028229	-0.003707	-0.000171	0.006545	-0.002165	-0.004035	-0.000103	-0.006248	0.007872	0.000397	-0.013990	0.004074	0.002243
HG03198	0.056049	-0.045514	-0.020733	-0.034235	0.076966	-0.032288	-0.024590	0.009080	0.043034	-0.021500	0.046667	-0.005484	-0.010666	0.026207	-0.028249	0.036658	0.025642	-0.006018	0.007269	-0.051811	0.068510	0.041368	-0.033204	-0.009586	0.002867	0.074779	-0.006856	-0.028764	-0.005139	0.007218	0.001445	0.005396	0.004337	0.010392	0.001099	0.000710	0.003320	-0.011118	0.006777	0.009772
HG03199	0.084281	0.005213	-0.044990	-0.011812	-0.025214	0.020393	0.011483	-0.013078	0.018695	0.047778	-0.034853	-0.035505	-0.032251	0.039819	0.036335	-0.037427	-0.069930	0.008731	0.001046	0.095972	-0.046855	-0.044257	-0.013116	-0.027062	0.001345	0.068908	-0.002097	-0.030340	0.001439	-0.006701	-0.006750	-0.003067	-0.006052	-0.000063	-0.013499	0.004851	0.002781	0.003681	0.008187	-0.004331
HG03202	0.058469	-0.016855	-0.026248	-0.008664	0.062749	0.029340	-0.033808	0.060292	-0.003806	-0.008666	0.041432	-0.018439	0.013418	0.037583	0.031295	-0.025017	-0.051408	-0.005599	0.081779	-0.006173	0.039510	-0.023377	-0.046104	0.031909	0.005812	0.065155	-0.001401	-0.024900	-0.001938	-0.001774	0.004826	0.002340	-0.002876	0.000985	-0.003799	-0.002905	0.001277	0.004947	0.003415	-0.010755
HG03209	0.028560	0.153104	-0.007290	-0.065137	-0.030970	0.048776	-0.021663	-0.142909	0.055600	-0.007414	0.002154	0.063007	0.013666	-0.071722	0.005855	-0.027539	0.022113	0.022077	0.028925	-0.011052	-0.086383	-0.007649	0.069760	-0.048694	-0.033951	-0.003743	-0.012989	0.081867	-0.002555	0.001490	0.003260	-0.013412	-0.004396	-0.026937	0.008620	0.000289	-0.002528	0.023212	0.008920	-0.000579
HG03212	-0.072727	-0.025061	0.044991	-0.083333	0.018948	0.063758	-0.008743	0.009174	-0.000636	0.020273	0.016229	0.058044	0.058345	0.009931	0.035425	-0.121197	-0.053259	0.015090	0.026581	-0.123403	-0.026492	0.060652	0.007226	0.046645	-0.035487	-0.002209	-0.007872	0.086116	-0.000820	-0.000232	-0.005887	-0.003985	0.001350	-0.033218	0.009936	-0.010155	-0.009481	0.015400	0.016988	0.007477
HG03224	-0.030778	0.015744	0.027132	-0.014758	-0.091334	-0.012434	-0.135208	0.060714	-0.008425	-0.015815	0.134162	0.084261	-0.022686	0.128567	0.074056	-0.138197	-0.046437	-0.023668	0.066054	-0.021139	-0.064960	0.047280	0.114887	0.038682	-0.035031	0.002017	-0.006785	0.088950	-0.003266	0.003574	0.004799	0.008495	0.001217	-0.014552	-0.001387	-0.000332	-0.012032	0.033036	-0.004461	0.010905
HG03225	-0.070435	0.044575	0.007646	-0.098670	0.075947	-0.064853	0.047037	-0.010755	-0.018430	-0.071379	0.018839	-0.003264	-0.031373	0.032043	-0.020698	-0.019771	-0.027063	-0.036725	0.040482	-0.004013	-0.000609	0.051310	-0.095475	0.039991	-0.035263	-0.002578	-0.008302	0.079505	0.000182	0.003214	-0.010524	-0.017340	0.008085	-0.039445	-0.001501	-0.012680	0.002377	0.017465	0.012404	-0.022938
HG03240	0.080628	0.172355	-0.084756	-0.031452	-0.085550	0.099751	-0.097877	-0.171106	0.069862	0.072657	0.089315	0.140022	-0.008000	0.007019	0.075909	0.044633	-0.039179	0.043061	-0.014017	0.050568	-0.079176	0.031380	0.144692	-0.163805	-0.048719	-0.051422	0.008429	-0.034967	0.001999	0.008158	0.002656	0.008190	-0.006071	-0.023550	-0.001985	-0.006924	0.005067	0.003157	0.013332	0.041308
HG03241	0.041754	-0.034991	0.022507	-0.028996	-0.052944	0.054422	-0.009188	0.021583	-0.081651	-0.005869	0.041343	0.021142	0.035912	0.005873	0.010865	-0.019214	-0.013030	-0.006252	0.005454	-0.041162	0.023453	0.081561	0.064596	0.012643	-0.047490	-0.048178	0.002777	-0.031873	-0.001388	0.008436	0.004049	0.007835	0.007728	-0.013265	0.002113	0.003889	0.007150	-0.009695	0.022885	0.011946
HG03246	0.064279	-0.045453	-0.004344	-0.022945	-0.032616	0.034411	0.016117	-0.008095	0.009957	0.048994	-0.040543	-0.004902	-0.029700	-0.012958	0.040677	-0.025295	-0.051626	-0.025848	-0.012073	0.012465	0.023218	-0.003414	0.034260	-0.010092	-0.048075	-0.056979	0.006032	-0.062052	-0.000021	-0.001835	0.003160	-0.000386	0.018757	0.001392	-0.007523	-0.000389	0.000424	-0.003617	-0.011328	-0.004295
HG03247	0.061574	0.032135	-0.011617	-0.022852	-0.018499	0.010148	0.020865	-0.001623	-0.052363	0.024508	-0.065874	-0.009274	-0.060413	-0.014849	0.037077	0.012414	-0.001130	-0.040672	-0.079480	0.005081	-0.064988	0.010568	0.028591	0.004503	-0.043394	-0.040693	0.005158	-0.035252	-0.003463	0.000864	-0.004305	-0.005283	0.015701	0.003741	-0.001118	0.009202	0.007948	0.003023	-0.015907	-0.013677
HG03258	0.070059	0.054742	-0.032106	-0.037596	-0.053977	-0.012215	0.035743	-0.013810	0.046194	-0.001723	-0.053074	0.004705	-0.002441	0.055414	-0.026438	-0.034327	-0.009220	-0.109794	0.010099	0.055205	0.049792	-0.011955	-0.011682	0.040245	-0.047730	-0.050087	0.001743	-0.055228	0.000606	0.007776	-0.000127	-0.005882	-0.007687	0.010725	-0.021997	0.016995	-0.000021	0.001310	0.019574	-0.031458
HG03259	0.027515	-0.000228	0.019541	-0.015809	-0.008288	-0.080994	-0.020657	0.036963	-0.056574	0.012487	0.055278	0.008438	-0.065668	-0.128860	0.009542	-0.021607	0.033334	-0.048780	-0.039964	-0.051282	0.070315	0.062243	0.034530	0.016685	-0.049471	-0.060595	0.004538	-0.057636	0.007229	-0.009023	0.011473	0.033649	-0.032753	0.086399	0.028441	0.060644	-0.013707	0.114353	0.359924	-0.411232
HG03265	0.084626	-0.021716	-0.024580	-0.034043	0.061875	0.065559	0.022226	0.039853	-0.036154	0.021466	-0.007612	-0.062876	0.006475	0.026090	0.063866	0.001020	-0.063222	-0.010577	0.042976	-0.008736	0.007346	-0.014395	-0.003424	-0.037670	0.001523	0.064429	-0.003051	-0.024810	-0.005128	0.002792	0.004478	-0.001427	-0.002490	0.003706	-0.005322	-0.005178	-0.003472	-0.007017	-0.006273	0.003595
HG03267	0.039574	-0.105526	-0.008270	-0.009346	0.007740	-0.001666	-0.048954	-0.081185	0.003007	0.015017	0.041588	0.028172	-0.059654	-0.032278	-0.021410	-0.026781	-0.014969	0.061168	-0.020649	-0.051626	-0.046080	-0.015595	0.030766	-0.042189	0.002358	0.071302	-0.001906	-0.029982	-0.000285	0.003705	-0.005816	0.002437	-0.002043	-0.000851	0.001117	-0.004401	-0.000039	-0.006315	-0.017469	-0.009838
HG03268	0.076977	-0.045917	-0.022656	-0.027159	-0.025355	0.104053	0.011839	0.028930	0.022993	0.025675	-0.043846	0.020659	0.017138	0.059599	0.076198	-0.070680	-0.072207	-0.001709	0.040376	-0.006092	-0.046000	-0.006616	0.038026	0.014449	0.001634	0.070476	-0.001517	-0.029450	-0.004079	0.004243	-0.000863	0.008461	0.010789	-0.000924	-0.003574	-0.003133	0.010152	-0.001491	-0.013505	0.008425
HG03270	0.060045	-0.055563	-0.017534	-0.012841	-0.024678	0.045270	-0.010601	-0.025349	0.005542	0.030357	-0.001261	-0.013469	-0.052170	0.066949	0.030200	0.003447	0.010070	0.089358	-0.017852	-0.013293	-0.039629	-0.030771	0.019636	-0.032937	0.002570	0.070064	-0.003246	-0.027365	0.000694	-0.000630	-0.003889	0.000289	0.003844	-0.006657	-0.004337	-0.006152	-0.008435	0.005888	-0.002692	0.014118
HG03271	0.072838	0.023350	-0.051456	-0.041569	-0.004575	-0.053649	-0.002809	-0.006678	0.003079	-0.011259	0.013129	-0.033978	-0.106679	-0.007564	-0.007257	-0.014404	0.002473	-0.052956	0.019331	0.040868	0.025789	-0.041306	-0.040347	0.040271	0.001720	0.079112	-0.000433	-0.032065	-0.006075	0.003861	-0.003803	0.002662	0.005968	0.002320	-0.012689	0.001036	0.006759	0.001562	-0.010063	-0.002911
HG03279	0.082922	0.020545	-0.025563	-0.063512	0.024089	-0.023621	0.017127	0.019592	0.033251	0.015855	0.014794	-0.075688	0.000477	0.031663	0.026670	0.003990	-0.011332	-0.025717	0.006826	-0.043047	0.049457	0.021026	-0.034025	-0.013691	0.002452	0.064399	-0.000114	-0.026753	0.001938	-0.002341	-0.001381	0.009472	0.010007	0.008496	0.000248	-0.007330	0.000776	0.001630	-0.008827	0.017386
HG03280	-0.043010	0.007350	-0.028939	0.102928	-0.057331	-0.055915	0.010999	0.009651	0.061741	0.008066	0.031736	-0.033181	-0.012333	0.072063	-0.003396	0.082981	-0.025581	0.021567	-0.011070	-0.040973	-0.025850	0.017293	0.017875	-0.036049	0.003029	0.069775	-0.003197	-0.024160	-0.001043	0.004460	0.002326	0.007643	-0.005918	0.004319	0.003417	0.000803	0.008915	-0.004473	-0.002959	0.011913
HG03291	-0.050422	-0.019223	-0.026419	0.060327	0.054178	-0.064772	0.022777	0.003660	0.068928	-0.037249	0.028865	0.014199	-0.090410	-0.026788	-0.046763	0.032038	-0.029153	-0.047003	-0.019567	-0.086413	0.043482	-0.050122	-0.010095	-0.001475	0.002938	0.065394	-0.001714	-0.021514	-0.001084	0.002003	0.003986	0.006892	-0.004724	0.006961	0.005833	-0.005452	-0.006455	-0.007798	-0.002986	-0.002723
HG03294	-0.054417	-0.030200	-0.048514	0.080139	-0.002797	-0.047156	0.050863	-0.029165	0.074022	-0.014071	0.027943	-0.006978	-0.036758	0.002255	-0.066040	0.069583	-0.013245	0.007405	-0.067525	-0.042709	0.030284	-0.003337	0.012404	-0.006027	0.003349	0.056773	-0.001635	-0.017417	-0.007393	0.000790	0.001684	-0.010242	-0.009547	0.003089	0.008212	-0.005314	0.004093	0.001123	-0.022433	0.002485
HG03295	-0.018644	-0.020269	-0.065571	0.074981	-0.041425	0.012046	0.085232	-0.014869	-0.006596	-0.077552	-0.004997	-0.053742	-0.012502	0.018591	-0.093783	0.091775	-0.020876	0.008219	-0.001603	-0.029512	-0.017457	-0.037871	0.035544	0.014937	0.002162	0.069560	-0.005265	-0.032319	-0.004359	0.003881	0.006418	0.005352	0.003164	-0.005468	-0.011328	-0.002910	0.005533	0.011131	0.000455	0.001924
HG03297	-0.027452	-0.028259	-0.062460	0.070628	0.071210	0.038897	0.090091	-0.019203	0.038866	-0.019411	-0.037312	-0.038271	0.027725	0.015724	-0.070908	0.070086	-0.048199	0.037651	-0.061477	-0.040419	-0.024624	-0.031181	0.017382	-0.018208	0.002500	0.071082	-0.004121	-0.024857	0.002231	0.006434	0.004321	0.002853	-0.005481	-0.001251	-0.005007	-0.001922	-0.001030	0.007403	0.003582	0.008695
HG03298	0.026272	0.140558	-0.119000	0.064490	0.077681	0.068080	0.006400	-0.108899	0.078685	-0.024316	0.025765	0.103604	0.037601	-0.061783	0.011391	0.100408	-0.060164	0.059703	0.001316	0.075166	-0.001306	-0.009597	0.003023	-0.078919	0.004156	0.069515	0.001533	-0.026383	0.000342	0.001468	0.008299	0.008452	-0.001558	-0.003040	0.011370	0.000617	0.002709	0.003766	-0.009479	-0.007166
HG03300	-0.039802	0.018504	-0.126069	0.006070	0.029999	0.031375	-0.009937	0.074666	0.038910	0.104420	0.009180	-0.072974	0.060921	-0.010759	-0.010678	-0.034603	0.034169	0.003438	0.007307	0.066768	-0.010342	0.030562	0.022581	-0.033103	0.006278	0.077116	0.002187	-0.030528	-0.000160	0.003438	-0.001452	-0.002844	0.001983	-0.005855	-0.009256	-0.000521	0.001504	-0.014052	0.007237	0.005495
HG03301	-0.065989	-0.100537	-0.109260	-0.055558	0.020272	0.021626	-0.034379	-0.043563	0.072584	0.062285	0.038649	-0.055744	0.051833	-0.014491	0.017604	-0.072240	0.078181	-0.073338	0.060255	0.147057	0.003430	0.009155	-0.023050	-0.092360	0.001472	0.078114	-0.001847	-0.029052	-0.001618	0.002404	-0.004307	0.010823	-0.012001	-0.011981	0.005899	-0.031760	-0.001354	-0.016928	0.015300	-0.002400
HG03303	-0.070298	-0.097951	-0.103542	-0.049293	-0.020407	0.071315	-0.038773	-0.060435	0.018894	0.066644	0.005666	-0.058103	0.044749	0.010308	0.054160	-0.059151	0.094497	0.016587	-0.014222	0.066566	-0.074635	0.016631	0.013981	-0.144693	0.002672	0.066997	-0.000388	-0.026153	0.000839	0.008601	-0.000278	0.000487	0.005652	0.000896	0.004161	-0.002041	-0.006095	-0.004340	-0.003735	0.002685
HG03304	-0.050860	-0.039603	-0.126238	-0.046226	0.000783	0.075163	0.021663	0.044406	-0.014894	0.047072	-0.053917	-0.055036	0.063532	0.007874	0.018135	-0.037105	0.068540	-0.027410	0.059415	0.058624	-0.033493	-0.072525	0.008222	-0.036797	0.000606	0.072291	-0.000089	-0.031422	-0.005401	-0.000655	-0.006696	-0.005181	0.003609	0.007324	-0.001113	-0.003413	0.000918	-0.011614	0.007252	-0.001442
HG03311	-0.059708	-0.049411	-0.072222	-0.016667	0.023065	0.020821	-0.081907	0.047183	-0.014110	0.056135	0.097879	-0.043361	-0.012879	-0.006670	0.053929	-0.047626	-0.010547	0.073607	0.059869	-0.002489	0.027370	0.062678	0.005806	-0.020049	0.000762	0.075848	-0.003618	-0.034945	-0.001708	0.012039	-0.002476	-0.001618	0.007286	0.001103	0.004777	0.001744	-0.009504	0.006324	0.002095	0.009019
HG03313	-0.057356	0.002638	-0.106063	-0.002750	-0.045273	-0.092173	-0.018090	0.025542	0.009470	0.080552	0.016303	-0.025894	-0.041203	-0.093356	-0.081689	-0.093487	0.001806	0.004628	-0.029156	0.038444	0.055186	0.019737	0.007630	0.022620	0.002995	0.068827	-0.002118	-0.029001	-0.001443	0.000955	0.004686	0.001425	-0.001316	-0.005392	-0.003339	0.002017	0.004951	0.000366	-0.008133	-0.001122
HG03342	-0.061584	-0.008103	-0.100612	-0.047708	0.035526	-0.054878	-0.008570	0.008835	-0.025104	-0.015216	-0.014672	-0.033216	-0.083747	-0.092552	-0.004258	0.018071	0.027350	-0.043074	0.020870	-0.034996	0.002848	0.016893	-0.059822	-0.015070	0.003958	0.073411	-0.001606	-0.030124	-0.001287	0.000246	0.002396	-0.001507	-0.001100	0.009105	-0.006905	-0.012078	0.003624	0.009281	0.002823	-0.002740
HG03343	-0.053179	-0.020143	-0.100697	-0.048106	-0.036042	-0.098049	-0.037295	0.071661	-0.001608	0.000584	0.083584	-0.017949	-0.054669	-0.133806	0.025039	-0.081953	0.034304	-0.074566	0.090297	0.044633	0.147983	0.005900	-0.034243	0.023032	0.004518	0.083463	0.002811	-0.038888	-0.008751	0.009511	0.004126	-0.003599	0.005504	0.019254	-0.012380	-0.007271	0.007475	-0.004537	0.001559	0.017035
HG03351	-0.074774	-0.085795	-0.117249	-0.040338	-0.019665	-0.040483	-0.044808	-0.052198	-0.023709	0.089690	0.047521	-0.051307	0.023657	-0.064803	-0.007970	-0.080008	0.076193	-0.019353	-0.014541	-0.035814	0.015523	0.067235	-0.006042	-0.080909	0.002230	0.071811	0.001361	-0.025494	0.002548	0.000942	-0.001103	-0.010729	0.000635	-0.010977	0.002216	-0.005534	0.002870	0.004092	-0.003473	-0.004549
HG03352	-0.061012	-0.030385	-0.052775	-0.026635	0.025230	0.009669	-0.092455	0.045770	-0.025359	-0.021176	0.073668	0.016582	-0.081420	-0.009523	0.068701	-0.093238	0.004966	0.019397	0.102289	-0.013118	0.021952	0.015859	-0.038893	0.030444	0.002468	0.086161	-0.000360	-0.039905	-0.010000	0.007849	-0.002119	-0.009285	0.009204	0.023932	-0.029276	-0.007508	0.006711	-0.010040	0.000132	0.032360
HG03354	-0.070417	-0.085100	-0.112195	-0.057494	0.062159	0.009930	-0.024381	-0.037008	0.023901	0.055586	0.037401	-0.084422	0.054215	-0.016578	0.006241	-0.017659	0.116609	-0.045195	-0.008062	0.018447	-0.005087	0.094253	0.000373	-0.130826	0.004672	0.067827	-0.003447	-0.025936	-0.003231	0.001675	-0.000821	-0.001457	-0.001877	0.000964	0.000009	-0.004149	0.001644	-0.004629	0.004699	0.000614
HG03363	0.041533	-0.059895	0.005648	0.000285	-0.058820	0.022314	-0.032468	0.019305	-0.012972	0.045245	0.029095	0.066298	0.013260	-0.032775	0.039419	-0.044045	-0.003904	0.020812	-0.025457	-0.056129	0.056791	0.046037	0.070983	0.028555	0.003698	0.066837	-0.000049	-0.027302	-0.003577	0.004186	0.001964	-0.002189	-0.001464	-0.001878	0.000873	-0.003315	-0.001846	0.005718	-0.003262	0.007973
HG03366	-0.020128	-0.033929	0.008728	0.073359	0.041034	-0.023094	0.041166	-0.048937	-0.013984	-0.068453	-0.013875	0.049805	0.007915	-0.024184	-0.045565	0.023912	0.093191	-0.000483	-0.058538	-0.084381	0.000849	-0.021074	-0.083604	-0.045038	0.002329	0.078287	-0.003536	-0.027456	-0.006534	0.009835	-0.000540	-0.013762	0.005551	0.016514	-0.016410	-0.006153	0.012477	-0.007689	-0.002524	0.024549
HG03367	0.032528	0.065494	-0.059223	0.064833	0.099447	-0.006999	0.045001	-0.025097	0.028327	-0.016835	-0.011875	0.013539	0.096217	-0.036340	-0.067201	0.047713	-0.055967	-0.019635	-0.030017	0.056922	0.025987	-0.038758	-0.077479	0.033356	0.002388	0.074765	-0.000309	-0.022282	-0.005166	0.008836	0.000362	0.007572	0.001187	0.011832	-0.005563	0.003244	0.009556	-0.014039	-0.018537	-0.002911
HG03369	0.037631	0.030523	-0.044425	0.053623	-0.047717	-0.054292	0.097686	0.002850	-0.053718	-0.063828	-0.066780	-0.000698	0.047467	-0.028282	-0.091410	0.062823	0.069129	-0.028804	-0.091167	-0.026895	0.023984	-0.022697	-0.056681	0.025923	0.004637	0.065011	0.000346	-0.023024	-0.004370	0.002426	0.009712	0.002021	0.000086	0.001753	-0.006336	-0.003468	-0.000990	0.004531	-0.002910	0.008957
HG03370	-0.002363	-0.057411	-0.034867	0.071933	-0.033607	-0.052688	0.075961	-0.061834	-0.020287	-0.083150	-0.037653	0.061794	0.004869	-0.052407	-0.040989	0.073145	0.046779	0.008050	-0.042456	-0.020517	0.032691	-0.072106	-0.039944	0.006464	0.004712	0.075641	-0.003909	-0.029064	0.003190	0.003913	-0.002283	0.004974	0.005204	-0.000224	-0.005993	-0.010424	0.004404	-0.007433	-0.002788	0.001904
HG03372	-0.007003	-0.022428	-0.013368	0.101609	0.018618	-0.076047	0.029518	-0.022989	0.004233	-0.026579	-0.002623	-0.013596	0.019855	-0.035687	-0.051701	0.049478	0.073783	-0.031340	-0.075714	-0.066736	0.006969	-0.041439	-0.108560	0.001100	0.003787	0.083664	-0.006061	-0.033006	-0.002601	0.004050	-0.004526	0.008755	-0.003878	-0.009694	-0.008885	-0.031279	0.002143	-0.003515	0.016411	-0.011474
HG03376	-0.054279	0.040796	0.025958	-0.049446	0.026890	-0.059813	-0.007755	0.040033	0.018413	0.016601	0.032682	0.011250	0.001362	0.018028	-0.026255	-0.078236	-0.073448	-0.048198	0.028812	-0.042352	0.040840	0.051315	-0.047645	0.075158	-0.032562	0.000734	-0.006503	0.075967	-0.003695	0.002859	0.000086	-0.007188	-0.001143	-0.018939	0.007506	-0.007153	-0.005922	0.025181	0.010335	-0.006148
HG03378	-0.072157	0.009416	0.007451	-0.083769	-0.042172	-0.069990	0.036804	0.003967	0.030897	0.004829	-0.025966	0.023002	-0.013992	-0.031121	-0.053786	-0.055097	-0.005069	-0.003741	-0.014956	-0.041284	0.030899	-0.023826	-0.057863	0.067030	-0.033210	0.000968	-0.006274	0.092491	-0.008339	0.000396	-0.007176	0.015156	-0.001593	0.017553	-0.005790	-0.006524	-0.009930	-0.005663	0.035087	0.016877
HG03380	-0.072711	-0.003172	0.017936	-0.110166	-0.016175	-0.060151	-0.007770	0.008359	0.072153	-0.023396	-0.030056	0.045777	-0.029665	-0.028929	0.018192	-0.056039	0.016227	0.006982	0.045203	-0.106609	0.031473	-0.035271	-0.081447	0.038644	-0.033877	-0.003319	-0.006763	0.096896	-0.000674	0.008631	-0.002194	0.006141	-0.006780	-0.027274	0.004780	0.002795	-0.016557	0.008458	0.009054	-0.006799
HG03382	-0.062948	-0.001243	0.013818	-0.065253	0.005398	-0.025433	-0.027888	0.039479	0.024635	0.011178	0.000471	0.043150	-0.022403	0.001451	0.031295	-0.052071	-0.029616	0.015933	0.013089	-0.008052	0.023008	0.020475	-0.044983	0.024621	-0.037800	0.001700	-0.007055	0.091333	-0.005464	0.005472	-0.001936	-0.000385	-0.000276	-0.017900	0.004123	0.004194	-0.007961	0.042498	-0.002695	-0.010619
HG03385	-0.075896	-0.013984	0.032525	-0.096950	0.084821	-0.012146	0.005706	-0.020320	-0.043079	-0.048844	0.055436	0.049419	-0.004115	0.034492	0.020223	-0.011139	-0.004798	0.031470	0.047057	0.008627	0.041244	0.064359	-0.086748	0.000122	-0.031867	-0.000161	-0.004267	0.076774	-0.004616	-0.000254	0.000095	0.009001	0.003481	-0.007559	0.007238	-0.017447	0.011142	0.020703	0.011438	0.010192
HG03388	-0.045163	0.036727	0.009398	-0.022320	0.030787	-0.015745	-0.048220	0.080493	-0.014821	0.025580	0.034940	-0.025351	-0.044753	-0.015729	0.038317	-0.050780	-0.037194	0.025292	0.079944	0.044983	0.048868	0.003405	-0.049708	0.028186	-0.036906	-0.007568	-0.005643	0.084235	-0.005300	-0.000363	0.009488	0.004529	0.005559	-0.003322	0.008358	-0.001937	-0.008062	0.004341	0.008989	-0.002966
HG03391	-0.047383	0.081571	-0.000084	-0.061868	-0.049839	0.050649	0.020809	0.059306	0.007020	0.012578	-0.092096	0.014346	0.033564	0.047014	0.034600	-0.030504	-0.047223	-0.003287	0.087414	-0.036640	-0.068183	-0.109606	-0.010487	0.017998	-0.036633	-0.000841	-0.003818	0.095222	0.000309	0.014358	-0.006396	-0.013510	-0.008659	-0.028522	0.003914	0.001674	-0.013829	0.008579	-0.001908	-0.019237
HG03394	-0.056198	-0.015377	0.035601	-0.027185	-0.003926	0.001250	-0.061615	0.079440	0.035574	0.006679	0.038682	0.068285	-0.020730	-0.006652	0.044617	-0.077152	-0.014345	-0.085777	0.147548	-0.009727	0.034524	-0.088330	-0.009780	0.078358	-0.034943	0.003098	-0.003305	0.080535	-0.001542	0.005209	0.001549	-0.010082	-0.007189	-0.011431	0.005180	-0.002141	-0.005535	0.007257	0.003258	-0.002596
HG03397	-0.046611	0.027618	0.042267	-0.088958	-0.122517	0.018440	0.058281	0.031575	-0.046069	-0.045226	-0.004624	0.049669	-0.018031	-0.040332	-0.049345	-0.048413	-0.003711	-0.011688	-0.032056	0.055609	0.061158	-0.039379	0.062237	0.109381	-0.034704	-0.000768	-0.005626	0.061422	-0.003725	-0.000812	0.005617	0.002880	0.005439	-0.007203	0.003045	-0.005486	-0.002114	0.010310	-0.006907	-0.011792
HG03401	-0.073394	-0.006174	0.023942	-0.060498	-0.071583	0.043513	-0.007009	0.037119	-0.024206	0.056404	-0.053894	0.011665	0.004179	0.006749	0.081834	-0.009025	-0.020292	0.052279	0.038764	-0.077109	-0.092892	0.050304	0.012605	0.022875	-0.034528	-0.004291	-0.007788	0.079210	-0.004052	0.004230	0.002400	-0.002492	-0.005129	-0.013162	-0.005640	-0.006197	0.009134	0.006432	0.023431	0.006538
HG03410	-0.041794	0.150422	-0.034740	-0.030502	-0.006211	0.062916	-0.066942	-0.011575	0.070634	-0.005431	0.021112	0.108046	0.024178	-0.046434	0.129246	-0.044247	-0.087950	0.021857	0.035689	-0.059444	-0.110480	-0.008333	-0.016484	-0.013811	-0.037595	-0.000099	-0.006422	0.084317	-0.005655	0.005040	0.002883	-0.003318	-0.008831	-0.032417	0.010967	-0.008292	-0.000488	0.030460	0.028305	-0.003305
HG03419	0.060643	-0.016344	-0.020918	-0.007886	-0.097780	-0.078754	-0.012348	-0.006347	0.009378	0.093586	-0.002038	-0.025086	-0.060791	0.043182	-0.000042	-0.043707	0.020245	-0.018095	-0.035464	-0.027530	-0.007816	-0.001662	0.047422	-0.033210	-0.036690	0.000997	-0.010688	0.079812	-0.002848	0.008240	-0.001776	-0.005164	-0.000492	-0.016567	0.010636	0.007055	0.001774	0.025586	-0.028619	-0.007411
HG03428	0.065655	0.008135	-0.042829	-0.031986	0.051648	-0.068229	0.018405	0.008025	-0.012027	0.031659	-0.010225	-0.022210	-0.102909	-0.006826	-0.030602	-0.009753	0.024553	-0.012602	-0.048629	-0.059874	0.015537	-0.000022	-0.043259	-0.001100	-0.038300	-0.010026	-0.007541	0.092818	-0.003076	0.007861	-0.013962	-0.006453	0.003506	-0.089585	-0.016750	-0.016346	0.061765	-0.022718	-0.125598	0.158592
HG03432	0.041312	-0.040082	-0.081582	-0.022333	0.010843	-0.016607	-0.007168	-0.012481	0.060650	-0.081760	0.006955	0.113569	-0.053934	0.150427	0.034004	-0.020655	0.064401	-0.023832	0.050166	0.069089	-0.018068	-0.049999	-0.031675	0.080989	-0.032446	-0.003860	-0.002945	0.050631	0.000085	0.007141	0.001662	0.007264	-0.007389	0.003619	-0.001027	0.002197	-0.011946	0.010855	0.006860	0.004675
HG03433	0.055875	-0.074613	-0.022931	0.016942	-0.075833	0.040248	-0.079040	0.019358	0.108475	0.013682	0.035854	0.031455	0.002503	0.059064	0.066835	-0.060907	-0.051645	0.001213	0.062556	0.058889	-0.063102	-0.072939	0.031492	0.010778	-0.032216	-0.002200	-0.007664	0.066649	-0.003185	0.003961	0.003548	0.003913	-0.000369	0.000017	0.003194	0.003454	-0.000276	0.005963	0.017238	0.002923
HG03436	0.070344	-0.000444	-0.045629	-0.049932	-0.025490	0.032075	0.013337	0.042829	-0.021589	-0.068183	0.073771	0.025833	0.035679	0.133627	0.007445	-0.072885	0.018670	0.032269	0.022097	0.059942	0.018200	0.024725	0.007192	0.079080	-0.036684	-0.003646	-0.008438	0.074966	-0.000571	0.000628	-0.005048	-0.008047	-0.008212	-0.014828	0.010838	-0.000853	-0.000035	-0.002488	-0.004131	-0.001151
HG03437	0.076746	0.045609	-0.044704	-0.022424	-0.018747	0.056756	-0.026596	0.015848	0.025042	0.025140	-0.015811	-0.026708	-0.038436	0.039235	0.059306	-0.043752	-0.036489	0.025329	-0.014332	0.027720	-0.027459	-0.032274	-0.003597	-0.013099	-0.035397	-0.010741	-0.004979	0.053234	-0.004238	0.004720	0.000829	0.003607	0.012940	-0.009052	0.003286	0.007123	-0.007724	0.000124	0.004954	0.009276
HG03439	0.061436	-0.016966	-0.039952	0.038159	-0.047782	0.052370	-0.067770	0.082814	0.098588	0.043205	0.039514	0.041492	0.039353	0.143564	0.099480	-0.113166	-0.028747	-0.014466	0.050845	0.061621	-0.052836	-0.074302	0.007402	0.098313	-0.038979	-0.005562	-0.004452	0.089178	-0.008213	-0.005471	0.001200	0.011153	0.018350	0.015982	0.005898	0.004031	0.008835	0.014127	0.008635	-0.005172
HG03442	0.034851	-0.074325	-0.014829	-0.037633	-0.048890	0.032257	-0.048148	-0.080336	0.059220	-0.050671	0.026305	0.052759	-0.074175	0.073843	0.027704	-0.077748	0.009694	0.034680	0.054727	0.049529	-0.059800	-0.024611	0.005222	0.011076	-0.031886	-0.001644	-0.006429	0.073044	-0.002820	0.006252	-0.005292	-0.001667	0.000713	-0.016577	0.002312	0.000950	-0.006293	0.011251	0.003855	-0.004564
HG03445	0.062302	-0.028257	-0.015161	-0.024465	-0.063870	0.054509	-0.026981	0.056110	-0.017919	0.012758	0.047115	0.042717	0.008414	0.123298	0.059195	-0.067628	-0.004331	0.009904	0.066311	-0.016172	-0.003165	0.030324	0.068140	0.076268	-0.033670	-0.004473	-0.008376	0.075415	0.001137	-0.001255	-0.000311	0.001276	-0.005055	-0.010122	0.004055	0.002916	0.002248	0.009242	-0.000401	0.018904
HG03446	0.052429	-0.031316	-0.015420	-0.032668	0.004368	-0.000085	-0.011781	-0.013896	0.073106	0.006402	0.001476	0.004965	-0.055780	0.084236	0.025613	-0.041306	0.027707	0.008710	0.007670	0.038944	0.015506	-0.053893	-0.037236	0.034279	-0.038686	-0.004341	-0.005196	0.080698	-0.004722	-0.000845	-0.002060	-0.004561	0.012044	-0.006461	0.003313	0.011014	-0.000310	-0.017700	-0.004143	-0.020383
HG03449	0.052168	0.029326	-0.036979	-0.002553	-0.069493	-0.069097	-0.042453	0.033284	0.004848	0.026973	0.081701	-0.016969	-0.042832	0.058986	-0.029279	-0.021572	0.072796	0.016157	-0.001081	0.003131	-0.003213	0.075870	0.018383	0.099386	-0.036232	0.001937	-0.009404	0.097598	-0.000133	-0.002912	-0.000639	0.027148	0.013655	0.150175	-0.035961	-0.000395	0.002440	0.002064	-0.018177	0.001936
HG03452	0.072113	0.017413	-0.033730	-0.051871	-0.032655	-0.047819	0.021703	-0.016222	0.022561	0.031003	0.028977	-0.003207	0.018742	0.109045	-0.052383	-0.065622	0.003685	-0.013327	-0.050484	-0.035209	0.043163	0.040981	0.007151	0.041274	-0.037559	-0.001475	-0.012144	0.106542	-0.006302	-0.004001	-0.003647	-0.004147	0.004533	-0.032008	0.040006	-0.013043	-0.009282	0.086756	0.006977	-0.015839
HG03455	0.081049	0.004694	-0.029502	-0.050483	0.009978	-0.036737	0.012007	0.032313	0.015259	0.035106	0.001547	-0.063750	-0.068142	-0.002641	0.008774	-0.000485	-0.024177	0.008687	-0.012754	-0.008052	0.019494	-0.012255	-0.013183	-0.000624	-0.036897	0.001302	-0.012577	0.118388	-0.005847	0.003661	-0.009839	-0.017696	-0.018100	-0.130905	-0.030269	-0.016429	0.090749	-0.044745	-0.228345	0.184520
HG03457	0.071933	0.148769	-0.079936	-0.018198	0.079368	0.067068	-0.113825	-0.096930	0.087462	0.051017	0.119289	0.072367	-0.019114	-0.053923	0.102545	0.017714	-0.072221	0.056239	0.019570	0.019104	0.027135	0.060451	-0.006755	-0.125264	-0.037976	-0.005136	-0.012181	0.094131	0.000490	0.004460	-0.013951	-0.006937	0.007888	-0.061499	-0.023211	-0.010574	0.046725	-0.021623	-0.091736	0.110420
HG03458	-0.057146	-0.027126	-0.036188	-0.029706	-0.026880	0.004344	-0.075542	0.043064	-0.098269	0.029192	0.144908	-0.021909	0.040980	-0.008714	0.151457	-0.104569	-0.017281	0.060592	0.014917	-0.065774	-0.025851	0.130153	0.053910	-0.011605	-0.036420	-0.003785	-0.008965	0.098256	-0.003884	0.003217	0.004839	-0.004726	0.003560	-0.016990	0.016324	0.000229	0.010317	0.006110	0.008189	0.014673
HG03460	-0.044104	0.039971	-0.110862	-0.035358	0.085456	0.059401	0.001630	0.081934	-0.018960	0.007161	-0.014569	-0.065090	0.023508	-0.016715	0.043880	-0.005123	0.014593	0.000464	0.079469	0.036759	0.017278	0.021281	-0.040574	-0.022049	-0.036479	-0.004085	-0.004464	0.069868	-0.004314	0.000543	-0.003481	-0.003509	-0.000073	0.007065	0.002324	-0.008477	0.016281	-0.003688	0.006098	-0.002030
HG03461	-0.064805	0.002669	-0.021083	-0.026312	0.110443	0.031956	-0.033773	0.015282	-0.044040	-0.016434	0.028887	-0.018131	-0.094269	0.000271	0.004165	0.003867	0.032363	-0.027561	0.044231	-0.010600	0.017941	-0.059402	-0.068543	0.005737	-0.032822	-0.001713	-0.010033	0.067661	-0.002035	-0.005256	-0.003414	-0.008352	-0.007380	0.004262	0.001482	0.001068	0.001944	0.005445	0.004686	-0.001357
HG03464	-0.057357	-0.006519	-0.051227	-0.029488	0.027857	0.040789	-0.005287	0.046528	-0.020566	0.021856	-0.004004	-0.079554	-0.054581	-0.053480	-0.001672	0.039074	0.042695	-0.000504	0.059936	0.018007	0.026579	0.023581	-0.014060	0.008054	-0.038833	-0.001015	-0.010015	0.118351	-0.002151	-0.005169	0.004495	0.078370	0.039515	0.450670	-0.127394	0.008783	0.016161	0.012949	-0.005381	0.035773
HG03469	-0.073714	-0.088129	-0.093730	-0.050035	-0.070211	0.096848	-0.031340	0.004560	-0.042584	0.033562	-0.027985	0.000249	0.026418	-0.037849	0.027212	-0.091092	0.101883	-0.056360	0.066220	0.019742	-0.004074	0.023069	0.047976	-0.074088	-0.042639	-0.002752	-0.014576	0.136178	-0.009467	0.006310	0.002572	-0.002936	0.023578	-0.059310	0.024775	0.076523	0.113919	-0.862494	0.192876	-0.051829
HG03470	-0.062212	-0.047983	-0.112678	-0.046419	0.008500	0.031981	-0.001776	0.008849	-0.002895	0.036181	-0.027054	-0.048560	0.004183	-0.023883	0.014458	-0.034817	0.081552	-0.039059	0.009028	0.015834	-0.045958	0.037213	0.040205	-0.076854	-0.038965	-0.005799	-0.009215	0.105736	-0.007106	0.005376	-0.002246	-0.006839	-0.014630	-0.074007	0.049786	-0.031112	-0.031281	0.119314	0.096347	0.004100
HG03472	-0.045751	0.027286	-0.143153	-0.006308	0.026173	-0.032359	0.005868	0.055834	0.016925	0.052102	-0.011987	-0.062205	0.004883	-0.037571	-0.017186	-0.030639	0.028991	-0.050278	0.026909	0.007855	-0.019864	-0.000157	0.003849	-0.004321	-0.034681	-0.005547	-0.006547	0.041710	-0.005500	-0.002051	-0.000752	-0.001973	-0.000039	-0.012651	0.012956	0.002347	-0.019499	0.007484	-0.001018	-0.006405
HG03473	-0.052129	0.006275	-0.137619	-0.053980	0.043249	-0.032064	0.048198	0.027359	-0.030722	0.025247	-0.008503	-0.088986	0.024171	-0.052379	-0.024624	-0.023376	0.068699	-0.092472	-0.005127	-0.016463	0.001422	0.070035	-0.015738	-0.055632	-0.038834	-0.003817	-0.005035	0.074288	-0.000832	0.007628	-0.002611	-0.007952	-0.007435	-0.011359	0.011509	-0.005740	0.005053	-0.002882	-0.002871	0.011231
HG03476	-0.052662	-0.019101	-0.127406	-0.029871	0.016281	-0.066627	0.011170	0.039292	0.046967	0.071937	-0.006676	-0.031715	0.024116	0.022608	-0.016231	-0.056294	0.127920	-0.098773	-0.055467	0.025153	0.014659	-0.046726	-0.002286	-0.047220	-0.032170	-0.003857	-0.009015	0.078065	-0.005232	-0.003102	-0.001103	-0.001379	-0.005025	-0.008262	0.006265	0.001923	-0.005454	0.006537	-0.007333	-0.006236
HG03479	-0.051103	0.014794	-0.032428	-0.035084	0.087705	0.040554	-0.019206	0.050424	-0.065667	-0.051284	0.030355	0.014830	-0.079074	-0.012188	0.050823	-0.014894	-0.009418	-0.023721	0.005744	-0.055826	-0.008713	0.010652	-0.009762	0.011369	-0.036532	-0.001928	-0.009771	0.096185	0.005140	0.002573	-0.007092	0.002838	-0.022647	-0.027372	0.019782	-0.027328	-0.010966	0.049643	0.071512	-0.016595
HG03484	-0.052092	-0.050853	-0.113556	-0.042790	0.046007	-0.034729	-0.036702	-0.000889	0.029372	0.056067	0.066255	-0.098220	-0.011859	-0.101248	-0.005319	-0.097516	0.001201	0.009973	-0.027810	0.108277	0.067534	0.059936	-0.003079	-0.055469	-0.042708	0.001704	-0.006802	0.144833	-0.002976	-0.017933	0.006081	0.124226	0.076684	0.743122	-0.210204	0.038763	0.018549	-0.011383	-0.030339	0.052791
HG03485	-0.053771	-0.034949	-0.076113	-0.023172	0.078148	0.048501	-0.042139	0.058139	-0.005726	0.037677	0.056281	-0.066914	-0.004656	-0.040803	0.032044	-0.012122	0.004804	0.033926	0.024597	0.003536	0.030439	0.073611	0.016948	-0.009535	-0.041671	-0.000443	-0.007365	0.105378	-0.007041	-0.006553	-0.003777	0.013346	0.016986	0.016727	-0.014970	-0.010174	0.015090	-0.008727	-0.028541	-0.036642
HG03499	0.014398	0.039578	0.002456	0.088116	-0.043865	-0.003973	0.039053	0.026040	-0.040797	-0.034635	-0.045986	-0.044329	0.031019	-0.086957	-0.015628	0.057382	0.080025	0.016080	-0.072304	0.026108	0.024067	-0.019814	-0.047120	0.049664	0.001323	0.064130	-0.002090	-0.021250	-0.004105	0.006825	0.003915	0.007267	0.002101	-0.001195	-0.000764	-0.002597	0.000154	0.003266	-0.004518	-0.007558
HG03511	0.019286	0.008925	0.008215	0.094160	-0.015129	-0.034512	-0.063836	0.100980	0.115729	-0.067845	-0.016937	0.029687	0.097373	-0.059783	0.084604	-0.021103	-0.014045	-0.231049	0.154452	-0.024621	-0.055061	-0.061466	-0.028587	0.110807	0.003364	0.068189	-0.003367	-0.020180	-0.000734	0.009226	0.004072	0.001208	-0.002599	0.006341	-0.006105	0.001277	0.007398	-0.003849	0.002100	0.001262
HG03514	0.035262	0.034924	-0.019228	0.054225	0.039823	0.042484	0.052475	0.030896	-0.032820	-0.005054	-0.049902	-0.020659	0.116751	0.013452	0.002388	0.069456	0.029455	0.026299	-0.046646	-0.037787	-0.025561	0.033350	-0.031515	0.003215	0.001688	0.068501	-0.006971	-0.018831	0.000190	0.002794	0.007911	-0.012048	0.001113	-0.011568	-0.006166	0.001268	-0.009756	0.009058	-0.009539	0.003347
HG03515	0.033077	0.060770	-0.008367	0.081226	0.007289	0.038538	-0.003734	0.057208	-0.043354	0.007875	-0.034415	-0.021233	0.071963	-0.073257	0.038959	-0.003236	-0.014940	-0.009670	0.001864	0.005781	-0.020557	-0.018155	-0.051626	0.015075	0.002281	0.067254	-0.005842	-0.029330	0.000686	0.000580	-0.006352	0.005551	0.006045	0.008388	-0.002796	0.005096	0.013095	0.001178	0.002476	0.000659
HG03517	0.006822	-0.016776	-0.001619	0.104740	0.010935	0.044136	-0.007162	0.080822	0.023958	-0.069758	0.001193	-0.005636	0.064288	-0.078148	0.078699	-0.005004	-0.036510	-0.034499	0.028311	-0.013182	0.018284	0.003134	-0.072866	0.067034	0.002688	0.066966	-0.001997	-0.020624	-0.003538	0.007571	0.001752	-0.006718	-0.005207	0.006987	0.006263	0.002413	-0.000437	0.000761	-0.015206	-0.010798
HG03518	-0.004154	-0.036610	0.040923	0.081426	-0.023868	0.018521	-0.016313	0.011720	0.018364	-0.037327	0.000266	-0.018891	0.039792	-0.078490	0.017959	-0.015222	-0.023005	-0.012221	0.017539	0.008732	-0.003684	-0.020873	-0.051449	-0.011206	0.004739	0.070521	0.001716	-0.031547	-0.000234	-0.002589	0.005165	0.000549	-0.009159	0.005306	0.000795	0.006103	0.006440	-0.007265	-0.007549	0.004053
HG03520	0.045480	0.147935	-0.074766	0.083230	-0.024092	0.103355	-0.073322	-0.105132	0.039338	0.039511	0.022585	0.135375	0.046052	-0.068845	0.034634	0.046441	-0.004803	0.039789	-0.079012	-0.009024	-0.057451	0.022106	0.039466	-0.100044	0.002340	0.063910	-0.000782	-0.030129	-0.005942	0.002094	0.008147	0.006226	0.000092	-0.004382	0.013148	0.006060	-0.005949	-0.006641	0.004371	-0.003439
HG03521	-0.027099	-0.044744	0.029652	0.097320	-0.034474	-0.002496	-0.011450	-0.022262	-0.010971	-0.044645	0.035683	0.012984	0.052560	-0.022658	-0.009945	-0.027740	0.011622	0.003509	-0.032216	-0.044453	0.019700	0.024778	-0.061614	-0.024420	0.002114	0.073972	-0.002034	-0.031251	-0.000775	0.003065	-0.006133	0.003636	0.004944	0.011458	0.008103	-0.000635	-0.002564	0.012683	0.004412	-0.006872
HG03538	0.020921	0.008333	-0.075008	0.065841	-0.013967	-0.031838	0.122861	0.012221	0.029957	-0.091275	-0.127755	0.007112	0.006643	-0.082093	0.002585	0.070151	0.036313	-0.146131	-0.043075	0.065091	-0.074194	-0.074350	-0.007035	0.118265	-0.046103	-0.051995	0.001932	-0.046569	-0.000020	0.001627	0.006648	-0.005121	0.015001	0.009340	-0.007745	0.002022	0.001345	-0.021953	-0.019583	0.014379
HG03539	0.021540	-0.037877	-0.045241	0.055769	-0.099412	0.015091	0.069789	0.029496	0.083126	-0.091562	-0.023138	0.057923	0.088136	-0.070015	-0.050441	-0.039646	-0.052281	-0.074240	-0.032791	0.029564	0.051852	-0.041644	0.045013	0.116790	-0.041806	-0.051529	0.005163	-0.055465	0.001040	-0.005355	-0.001719	-0.006009	0.009131	-0.000071	-0.004001	0.010828	0.019443	-0.006618	0.043295	-0.017026
HG03547	-0.012374	0.147702	-0.179682	0.056980	0.059337	0.114861	-0.086608	-0.044725	0.056130	0.139673	0.095072	0.073121	0.113099	-0.019160	0.093963	-0.000476	-0.034271	0.111415	-0.010877	-0.000251	-0.105577	0.054068	0.195121	-0.051452	-0.037617	-0.002957	-0.004027	0.084671	0.001024	-0.004471	-0.004134	-0.001426	0.003376	0.011614	0.003362	0.001014	-0.002022	-0.004828	0.016099	0.003535
HG03548	0.003382	0.030012	-0.004328	0.055016	-0.012561	-0.073949	0.019818	0.022970	-0.085054	-0.114410	0.043216	-0.018613	0.026151	-0.096822	-0.021938	-0.034451	0.056772	-0.049990	-0.005045	-0.069546	-0.064270	0.035766	-0.054806	0.110255	-0.037445	0.002422	-0.005772	0.092691	-0.002840	0.003852	-0.003019	-0.001738	0.015127	0.005009	0.002359	0.002101	0.007930	-0.006877	-0.005727	0.026961
HG03556	0.026244	0.021870	-0.055320	0.087745	0.018518	-0.030229	0.032419	0.027237	-0.021810	-0.046650	-0.084451	-0.001807	0.011929	-0.028062	-0.036990	0.025782	-0.003989	0.020278	-0.029168	-0.027923	-0.020698	-0.028036	-0.101403	0.017314	-0.037232	-0.001615	-0.006938	0.095321	-0.000770	0.001151	-0.002390	-0.000737	-0.002078	-0.020911	-0.005634	0.011560	-0.000664	0.006072	0.001701	0.000459
HG03557	0.005421	-0.002513	0.001201	0.088228	-0.010017	-0.067866	-0.000106	0.026403	0.045331	-0.075711	0.032488	-0.030927	0.017949	-0.051592	-0.021971	0.061566	0.048678	-0.074178	0.042109	-0.010785	0.013722	0.040084	-0.074266	0.069891	-0.034813	0.006183	-0.009495	0.104806	-0.004281	0.007392	-0.006787	-0.000556	-0.000340	-0.035658	0.011404	0.007188	-0.001971	0.009056	-0.004329	-0.000399
HG03558	0.004980	-0.015005	-0.033958	0.085740	-0.005086	-0.083169	0.068796	-0.023429	0.044456	-0.024748	-0.039676	-0.038273	0.040371	-0.039741	-0.037497	0.122954	-0.002125	0.005446	-0.071510	-0.023636	0.034963	-0.013013	-0.073420	-0.025987	-0.033917	-0.000411	-0.008027	0.075369	-0.005283	0.005452	-0.001184	0.008056	-0.005252	-0.006363	0.007094	0.002977	0.002580	0.007760	0.001629	0.003738
HG03559	0.001089	-0.044255	-0.027152	0.079009	-0.022507	0.044879	0.039779	-0.015607	-0.025823	-0.113800	-0.023069	0.028373	0.043916	-0.051758	0.027327	0.033885	-0.041824	0.040181	0.018074	0.007489	-0.071801	-0.063073	-0.011932	0.008239	-0.035692	0.000797	-0.004802	0.090160	-0.006744	-0.006680	-0.000841	0.006580	-0.006785	-0.004285	0.001073	0.000931	-0.010904	0.008784	0.014316	0.013407
HG03563	0.018394	-0.042215	-0.018669	0.061553	0.013045	0.035927	0.043141	-0.025662	-0.014749	-0.065311	-0.033650	-0.000111	0.066890	-0.022079	-0.003324	0.078802	-0.000458	0.019577	-0.031407	-0.019273	-0.038516	0.014474	-0.032360	-0.001221	-0.033769	0.001253	-0.008461	0.075696	-0.002468	-0.003630	-0.001623	0.002826	0.012080	-0.012807	-0.001384	-0.000324	-0.002998	0.021376	0.008925	0.003113
HG03565	0.021364	-0.012030	-0.030466	0.049890	-0.064319	0.042763	0.060402	0.011444	0.002296	-0.139932	-0.023329	0.012960	0.052416	-0.030680	-0.056243	0.025527	-0.018103	0.005426	0.018034	0.075854	0.000542	-0.063790	-0.029065	0.089125	-0.035253	-0.003433	-0.006676	0.073676	-0.006071	0.008530	-0.001991	0.000298	0.003409	0.001839	-0.003337	0.006956	-0.008232	0.017803	-0.000612	0.012057
HG03567	0.039428	0.044017	-0.047515	0.085181	0.063628	0.056602	0.014893	0.033881	-0.000099	-0.019910	-0.032645	-0.017421	0.087206	0.010960	0.017593	0.058116	-0.053966	0.039159	-0.062452	-0.028254	-0.041025	-0.039816	-0.078187	0.002011	-0.036168	-0.004268	-0.003666	0.068152	-0.003010	0.001678	-0.004232	-0.011245	0.001762	0.003089	0.001398	0.000745	0.002526	0.021429	0.012916	0.003687
HG03571	0.000052	0.025345	0.039797	0.078421	0.049581	0.039077	0.037302	0.022622	-0.058807	-0.044875	-0.023732	0.032188	0.081585	-0.063038	-0.044453	-0.058373	0.022487	-0.083014	-0.007469	0.017071	-0.094028	-0.015278	-0.038498	0.090148	-0.037993	-0.003944	-0.007395	0.079798	-0.003223	-0.004024	-0.003457	-0.003147	-0.003835	-0.021805	0.004181	0.007645	-0.008658	0.029420	0.015272	-0.009008
HG03572	-0.019834	-0.101353	0.049033	0.048774	-0.040002	0.031784	-0.035458	-0.152047	0.020681	-0.048132	0.027501	-0.030613	-0.059069	-0.066298	-0.048648	0.043547	0.004151	0.069564	-0.055885	0.023956	-0.091849	-0.024092	-0.005132	-0.083287	-0.037445	-0.002255	-0.009066	0.086137	-0.003620	0.003242	0.007070	-0.010015	-0.000842	-0.019684	-0.004941	-0.014228	0.004550	0.033678	0.021275	-0.013574
HG03575	0.065233	-0.009455	-0.002792	-0.059037	-0.007287	0.090988	0.028322	0.009876	-0.005789	-0.005954	-0.064427	0.028535	-0.001251	0.059239	0.088840	-0.029496	0.000684	-0.018342	0.002405	-0.053654	-0.052922	-0.011170	0.030802	0.008968	-0.034536	0.003269	-0.008395	0.109939	-0.003535	-0.000995	0.013670	0.023089	0.000048	-0.048881	-0.017422	-0.042779	0.000838	0.045050	0.006112	0.101406
HG03577	0.052077	-0.066763	-0.022870	-0.035573	-0.009342	-0.022275	-0.029912	-0.029588	0.032853	-0.009326	0.066811	0.040499	-0.036320	-0.008744	0.040239	-0.067482	-0.017282	-0.007725	0.041406	-0.013684	0.091813	-0.002504	-0.025604	-0.009577	-0.037408	0.004297	-0.010079	0.090924	-0.005513	-0.000593	-0.003329	-0.002376	-0.024162	-0.007004	0.026442	0.013157	0.002283	0.047399	0.037022	0.025267
HG03578	0.056409	0.053370	-0.015688	-0.000468	0.043042	-0.054749	-0.010970	-0.009305	-0.079912	0.076150	0.037089	-0.049780	-0.011012	0.010363	-0.043982	0.014949	0.035331	0.002121	-0.051967	-0.128973	0.053931	-0.013091	-0.029465	-0.041080	-0.040122	-0.009597	-0.007968	0.119652	-0.009276	-0.007987	-0.013134	-0.004846	0.006563	-0.052924	-0.010187	0.006697	-0.037446	0.086072	0.043551	0.172674
HG03583	0.071456	-0.000116	-0.037247	-0.026579	-0.001908	-0.042584	0.008308	-0.000290	-0.004783	0.040109	-0.003852	-0.006030	-0.046235	0.054306	0.019416	-0.017179	0.035841	0.011928	-0.066826	-0.070576	0.035273	0.012318	-0.042739	-0.023171	-0.041848	0.002280	-0.017165	0.143097	-0.015352	0.008582	0.011290	-0.014255	-0.011237	-0.099931	-0.000162	-0.020757	0.030648	0.239691	0.019219	-0.003077
NA18486	0.064039	0.000561	-0.031242	-0.040492	0.045958	-0.091921	0.007443	0.036696	-0.030660	-0.005497	0.071699	-0.047563	-0.027967	-0.083168	0.044461	-0.024514	-0.030709	-0.043151	0.002190	-0.033015	0.099562	0.082250	-0.009754	0.019176	-0.002970	0.048421	-0.000991	-0.013449	-0.002440	-0.005815	-0.004646	0.006370	-0.001745	0.004911	0.005671	0.013152	0.003043	0.001225	-0.003247	0.004518
NA18488	0.071960	-0.031721	-0.000720	-0.017185	-0.094384	-0.010491	0.007322	0.009329	0.059737	0.037976	-0.012922	-0.011975	-0.001878	0.008231	-0.011369	-0.006643	0.025432	-0.036031	-0.034507	-0.006960	0.110788	0.029036	0.022068	-0.016197	-0.002574	0.061988	-0.003923	-0.011383	-0.004587	-0.004312	0.005825	0.006439	0.003023	0.005621	-0.001932	0.012534	0.010788	0.000855	0.000464	0.011250
NA18498	0.067370	-0.004968	-0.018530	-0.005519	0.024950	0.005828	-0.032426	0.060938	-0.052201	0.031931	0.048871	-0.025898	0.016374	0.028800	0.070210	-0.032259	-0.018875	0.019017	0.047744	-0.095719	0.022488	0.005494	-0.035702	-0.014190	-0.000302	0.058719	-0.002934	-0.020388	-0.004614	-0.002243	0.007310	0.007971	-0.004268	0.002752	-0.004819	0.015555	0.002803	0.003129	-0.001674	0.001875
NA18499	0.072267	-0.011578	-0.000965	-0.024864	-0.031849	0.044590	0.031119	0.017350	0.010697	0.015411	-0.042211	0.013992	-0.024785	0.030558	-0.002416	0.010457	0.031648	0.019962	-0.013299	-0.019762	0.067120	-0.083869	-0.009323	-0.019154	-0.003455	0.052789	-0.004431	-0.016916	0.000861	-0.001954	0.001170	-0.001358	0.002740	0.003275	0.000340	-0.000055	0.000772	-0.010482	0.011298	-0.008999
NA18501	0.050264	-0.005568	0.000685	-0.071226	0.084323	-0.044846	-0.000940	-0.022696	-0.009093	-0.031784	-0.013358	-0.016566	-0.054372	-0.042389	-0.014123	0.022415	-0.051310	0.002385	0.034321	0.022588	0.044716	0.010462	-0.024718	-0.021935	-0.002921	0.053094	0.000098	-0.011282	-0.002735	-0.009672	0.000328	0.000254	0.006368	-0.009688	-0.007174	0.003536	-0.010468	-0.007116	0.009794	-0.012857
NA18502	0.067543	-0.030368	-0.005890	-0.033021	-0.015796	0.011340	0.023170	-0.010189	0.018801	0.035782	-0.026367	-0.024029	-0.034974	0.055553	0.024080	0.040346	0.060138	0.040524	-0.024172	-0.030498	0.025295	-0.045327	-0.013278	-0.048164	-0.000670	0.063367	-0.001252	-0.016623	0.003591	0.004147	-0.000214	-0.005247	-0.005174	-0.007559	0.002589	0.007366	-0.004444	-0.002950	0.002124	-0.003831
NA18504	0.064104	-0.007754	0.002271	-0.074555	-0.057797	-0.023839	0.011663	0.025442	-0.053662	-0.088486	0.024968	-0.006199	0.019776	-0.012925	-0.005863	0.012116	-0.040104	-0.006499	0.064867	0.028652	0.042247	0.058701	0.020490	0.067632	0.003810	0.060867	-0.001919	-0.018253	0.002385	0.000365	0.008141	-0.006823	-0.006754	0.001461	0.010557	-0.004433	0.006537	0.009364	0.008473	-0.005828
NA18505	0.052441	-0.038303	-0.001882	-0.038256	-0.026956	0.026889	0.039223	-0.025256	-0.050833	-0.004652	-0.056004	0.018870	-0.058029	0.016432	0.012891	0.012442	0.091294	-0.018249	-0.038818	-0.053675	0.020368	-0.073038	0.028190	-0.008242	-0.001393	0.061162	-0.004829	-0.015662	0.002435	0.006636	0.006449	-0.011523	-0.009441	-0.010871	0.002464	0.003770	0.008998	-0.004292	0.013336	-0.015652
NA18507	0.062614	-0.024700	0.014586	-0.055930	0.057718	-0.062239	0.027297	-0.017602	0.036632	-0.003008	-0.041926	0.058560	-0.022231	-0.021647	-0.107480	-0.006183	-0.060668	-0.061763	0.003961	0.047445	0.016428	-0.078497	-0.007211	0.043670	-0.004157	0.050654	-0.000411	-0.014440	-0.007093	0.005222	-0.001765	-0.001429	0.009294	0.005268	0.002654	0.009924	0.002916	-0.001184	-0.000566	-0.021186
NA18508	0.051624	-0.089098	-0.017549	-0.026023	0.038523	-0.011554	-0.033121	-0.067178	0.023486	0.063374	0.059864	0.049057	-0.073380	0.007155	0.008926	-0.039539	0.043019	-0.022241	-0.063282	-0.125324	0.041092	0.019933	0.031526	-0.044276	-0.002385	0.054345	0.002487	-0.007486	0.002023	0.002101	0.000594	0.004731	-0.004187	-0.005760	0.005289	0.007954	-0.003814	0.001480	-0.007493	0.010363
NA18511	0.057140	0.064272	-0.021469	-0.024844	0.026748	-0.041260	-0.026993	-0.015077	-0.046522	0.030331	0.024239	0.025238	-0.057957	0.015333	-0.022539	0.002632	0.034641	-0.031713	-0.052940	-0.079121	0.030764	-0.051648	-0.004443	-0.072174	-0.002362	0.049478	-0.001962	-0.006994	-0.001935	0.000318	0.000185	0.000262	-0.004663	0.006782	0.007199	-0.000219	0.002982	-0.007869	0.004409	-0.007062
NA18516	0.060181	-0.046220	0.022981	-0.045941	0.048623	-0.071020	0.009916	-0.037126	-0.009064	0.011436	0.005068	-0.003107	-0.012936	-0.007604	-0.089445	0.023771	-0.056297	-0.040694	0.050868	-0.019642	0.022660	-0.060305	-0.054239	0.003007	-0.005286	0.048472	-0.000874	-0.016034	-0.001701	-0.001631	-0.004162	-0.007289	0.002501	0.006472	0.002776	-0.002666	-0.006613	0.001248	-0.007119	-0.008618
NA18517	0.070728	0.012374	-0.011109	-0.012074	0.006230	-0.035069	0.012433	0.001980	0.013434	0.090837	-0.064341	0.000480	-0.040856	0.049286	0.002438	0.007764	0.027046	-0.023625	-0.094097	-0.099937	0.009557	-0.095491	-0.017487	-0.071355	-0.002508	0.046735	-0.001114	-0.012321	-0.007014	-0.006322	-0.001321	-0.009574	-0.011662	0.007303	-0.007619	0.001909	-0.000899	-0.003204	-0.013297	-0.009346
NA18519	0.051110	-0.000747	-0.020453	-0.032286	-0.066738	-0.072010	0.039156	-0.024788	-0.021502	-0.020370	-0.022257	0.053460	-0.076065	0.017395	-0.042424	-0.048607	0.094426	-0.074834	-0.035343	-0.015535	0.065612	-0.047246	0.003425	0.018981	-0.001233	0.056135	-0.004037	-0.020218	-0.004031	0.003488	-0.002473	0.003042	0.000377	-0.005349	0.002273	0.004188	-0.002539	-0.007264	-0.000435	-0.000247
NA18520	0.045318	0.012092	-0.042655	0.070835	0.037008	-0.069018	-0.147978	0.134931	0.046628	0.043762	0.107500	0.013629	-0.041943	0.044315	0.100694	-0.025884	0.052803	-0.018424	0.088962	-0.096319	0.101484	-0.032184	-0.091730	0.045774	-0.003181	0.050855	-0.000714	-0.017614	-0.001168	0.002544	0.003211	0.002887	-0.005407	0.002385	-0.006496	0.007197	0.004395	0.000959	-0.003818	-0.009883
NA18522	0.013708	-0.023165	0.018621	0.014556	-0.065528	-0.039440	0.015061	-0.035901	-0.042470	-0.050078	-0.025541	-0.009133	-0.030367	-0.075991	-0.033284	0.062092	0.028885	0.026413	-0.006864	0.065542	-0.008941	-0.077579	0.027209	0.007428	-0.002208	0.049655	-0.004682	-0.011182	-0.003653	-0.007609	-0.000485	0.001536	-0.005767	0.012482	-0.001524	-0.008346	-0.006951	-0.022501	0.009480	0.003913
NA18523	-0.017365	-0.072802	0.040281	0.068607	0.037307	-0.027580	-0.069024	-0.063606	0.101237	-0.030171	0.066579	0.058810	-0.002137	0.048198	-0.031389	0.018282	0.056123	-0.046575	0.072123	-0.013741	-0.004298	-0.111951	-0.040425	-0.025357	-0.006522	0.053457	0.001180	-0.007814	-0.011020	0.005757	0.004739	0.003665	-0.007664	-0.003769	0.006854	0.003382	0.011631	0.010346	0.010019	-0.003909
NA18853	-0.004737	-0.001612	0.035262	0.050133	0.052610	0.009723	0.026571	-0.017792	-0.025958	-0.036588	-0.034455	0.009719	0.018311	0.002091	-0.009795	0.041286	0.045533	-0.016915	-0.030859	0.057777	-0.008668	-0.022948	-0.037472	-0.033056	-0.003208	0.052813	-0.001446	-0.009972	-0.000357	-0.001883	0.005189	-0.004214	0.001761	0.000877	0.008840	0.000512	-0.015800	-0.000339	-0.000762	-0.001992
NA18856	0.012273	0.033498	0.002593	0.043611	0.041145	0.013825	0.021418	0.007064	-0.132669	-0.031356	-0.069645	0.043252	-0.024499	-0.049214	-0.034448	-0.063253	0.010820	0.011641	-0.060976	0.001552	-0.085418	-0.101246	0.005903	-0.007199	-0.005089	0.050801	-0.003860	-0.018272	0.001340	-0.000217	-0.002879	-0.003484	0.009674	0.009750	0.006846	0.006461	0.007229	-0.000170	0.002712	-0.002033
NA18858	0.063124	-0.005032	-0.009820	-0.012956	-0.002866	0.014315	0.002422	0.030805	-0.066306	0.007342	-0.018958	-0.008820	-0.046010	0.000034	0.052410	0.009176	0.038549	-0.020463	-0.025429	-0.108834	-0.038746	-0.030246	0.017034	0.000714	-0.002450	0.058215	-0.002054	-0.013668	0.003300	-0.002055	-0.001672	0.010216	0.002909	-0.000908	0.013949	0.001380	0.002737	0.000044	0.003835	-0.010030
NA18861	0.054056	-0.043024	-0.013984	-0.031176	0.046113	-0.023820	0.013238	-0.063021	0.025452	0.037292	-0.012294	0.063966	-0.060871	0.049996	-0.046401	-0.023422	0.067918	-0.041188	-0.058074	-0.134885	0.024195	-0.034926	-0.019883	-0.055117	-0.001867	0.057762	-0.002525	-0.018328	-0.001746	-0.000069	0.001360	-0.001235	0.002605	-0.008918	-0.002602	-0.005545	-0.004814	0.008261	-0.009371	-0.009640
NA18864	0.050463	-0.012951	-0.065430	-0.025341	-0.082589	0.019260	0.018494	0.037457	0.030799	-0.118046	0.048212	0.066508	0.037984	0.106471	0.032997	-0.036142	0.007349	-0.088801	0.057353	0.139474	0.000716	0.042869	0.030344	0.092555	-0.004008	0.045221	-0.001900	-0.009703	-0.000756	0.001664	0.001367	-0.004151	0.007778	0.007190	-0.009001	-0.005795	0.002256	-0.002939	-0.008320	0.001149
NA18865	0.008738	-0.061074	0.018296	0.011139	0.042984	0.019688	0.020248	-0.062023	-0.023567	-0.013131	-0.008145	0.063637	-0.024256	0.012876	0.000510	0.046410	-0.017171	0.000234	-0.021623	0.070782	-0.089287	-0.014044	0.055153	-0.019563	-0.002899	0.041524	-0.006201	-0.006789	-0.000709	-0.003238	0.002615	0.000107	0.002912	0.007290	0.001158	0.009578	0.011093	-0.006600	-0.000440	-0.010566
NA18867	0.010332	0.048699	0.079630	0.038292	-0.021066	0.004338	-0.078487	0.084393	0.059046	0.051358	0.020596	-0.012460	0.064465	0.076108	0.086991	-0.003272	0.110044	-0.036025	0.057711	-0.030916	-0.044519	-0.034584	0.024630	0.002659	-0.003760	0.046633	0.000375	-0.012510	-0.001666	0.000368	0.002893	-0.004009	-0.013406	-0.003055	-0.005791	-0.002223	-0.017059	-0.003453	-0.005070	-0.004646
NA18868	0.069264	0.056337	-0.009922	-0.038410	-0.034028	0.044781	0.046342	0.030896	-0.067024	-0.067161	-0.089093	0.028224	-0.025007	0.031456	0.040527	0.042239	0.083061	-0.044677	-0.014994	-0.021121	-0.082504	-0.043513	0.043598	0.039567	-0.006891	0.047573	-0.005387	-0.003569	0.000037	0.001736	0.000554	-0.008991	-0.012247	-0.015395	0.009405	-0.001295	-0.007820	-0.006650	0.009136	-0.006302
NA18870	0.034345	0.001088	0.018733	0.022668	0.059774	0.022676	-0.057676	0.066211	-0.045684	0.018236	0.031273	-0.004880	-0.052818	-0.028334	0.081540	0.026134	0.040775	0.035210	-0.049854	-0.036181	0.058722	0.048122	-0.032903	-0.032568	-0.000930	0.073708	-0.001925	-0.023086	-0.002461	0.001296	0.009124	-0.001986	-0.007098	-0.001446	0.001437	-0.001956	0.016230	-0.001959	0.006709	0.007465
NA18871	-0.006938	-0.022440	0.058750	0.054130	0.060733	0.011002	-0.094605	0.066511	-0.025705	-0.011554	0.072727	0.021799	-0.011246	-0.055601	0.091862	-0.032881	0.008814	-0.016301	0.039944	0.008818	0.049563	0.004947	-0.022764	0.034328	-0.003294	0.052876	-0.002666	-0.012131	-0.001978	0.001316	0.003679	-0.009372	-0.005809	-0.002290	-0.000616	0.001635	0.002672	-0.009126	0.002831	-0.002660
NA18873	0.043817	-0.024772	-0.002801	0.071323	0.014941	0.035235	-0.070465	0.034257	-0.033653	0.140837	0.034985	-0.049225	-0.022995	0.023605	0.023697	0.012505	0.051938	0.103487	-0.107436	-0.018933	0.008059	0.113213	0.006804	0.009454	-0.001942	0.051929	-0.002549	-0.020986	-0.004943	-0.001379	-0.009863	-0.001739	0.011285	-0.005151	-0.003021	0.004926	-0.001776	0.003958	0.003840	-0.002224
NA18876	-0.069584	-0.015431	-0.050018	-0.021631	0.039666	-0.047909	-0.046552	-0.005677	-0.023300	0.019839	0.019458	0.077176	-0.058165	0.056151	-0.032573	-0.007932	0.042755	0.035717	0.044655	-0.033667	0.023218	-0.008715	-0.067964	-0.016836	0.000494	0.052261	-0.008127	-0.014813	-0.007230	-0.005659	-0.002299	0.001915	-0.004885	-0.001932	0.012294	-0.002513	-0.002560	0.007202	0.001203	-0.013170
NA18877	-0.067934	-0.011625	-0.074588	-0.045482	-0.060825	-0.039980	0.016373	0.001118	-0.080024	0.027443	-0.044718	-0.004853	-0.002267	-0.022693	0.015362	0.058991	0.009087	0.005376	0.058039	-0.033769	-0.013133	0.032621	-0.008239	-0.002245	-0.003582	0.049537	-0.003242	-0.007002	-0.004384	0.007491	-0.010409	0.011595	-0.012068	-0.007989	0.003039	-0.007671	-0.001511	-0.004070	0.012569	-0.020921
NA18878	-0.020542	0.017816	-0.091309	0.056441	-0.004255	-0.068770	0.011872	0.091571	0.108755	0.015924	-0.050647	-0.044735	-0.023268	0.020466	0.032836	0.061156	0.013129	0.060486	-0.001390	-0.039185	0.024555	-0.030271	0.028458	0.063766	-0.003641	0.044990	-0.003480	-0.005679	-0.003042	0.003328	0.002725	-0.010641	0.007077	-0.001713	-0.000203	-0.004694	-0.004756	-0.000113	-0.004953	-0.001242
NA18879	-0.076753	-0.006072	-0.074907	-0.037959	-0.075203	-0.092223	0.017896	0.016629	-0.047398	0.001972	-0.020927	0.046918	0.014549	-0.055267	-0.068442	-0.027302	0.004916	-0.105997	0.058022	0.004574	0.046463	-0.066578	0.005909	0.097776	-0.003204	0.047756	-0.004406	-0.004240	-0.003124	-0.000211	0.001574	-0.002326	-0.000990	-0.001904	0.006845	-0.005290	0.002933	0.004216	0.007582	-0.006535
NA18881	0.076571	-0.038553	-0.030294	-0.003649	-0.018632	-0.034122	-0.012237	0.016601	-0.042596	0.006601	0.051395	-0.026531	0.025758	0.004033	-0.045657	-0.065174	-0.067974	-0.054157	0.005114	-0.079681	0.028878	0.050142	-0.059346	-0.007744	-0.004917	0.042478	-0.001870	-0.015372	-0.005571	0.003076	-0.001465	-0.000467	-0.003115	-0.004525	0.004046	-0.001354	-0.001973	0.005087	-0.001467	-0.001855
NA18907	0.016925	-0.002719	0.027905	0.029876	0.105145	0.056481	-0.041209	0.039362	-0.084078	0.028145	0.020303	-0.006040	-0.018260	-0.002335	0.051042	0.012584	0.078924	0.065845	-0.024769	-0.094128	0.028039	0.058093	-0.009338	-0.025720	-0.000190	0.051218	-0.001851	-0.013288	0.000613	0.004074	-0.002243	0.000077	-0.005788	-0.000527	-0.001937	0.002790	-0.006177	0.000213	0.003190	-0.003292
NA18909	0.042530	0.168467	-0.060375	0.022807	0.060268	0.054245	-0.122547	-0.172687	-0.002279	0.107707	0.085089	0.109763	-0.071512	-0.057577	0.040176	0.055713	0.014901	0.086492	-0.089824	-0.098871	-0.026169	0.003169	0.038963	-0.196924	-0.002355	0.058622	-0.004211	-0.016029	-0.002174	0.002700	0.004633	0.003589	-0.006384	-0.002674	0.009562	0.004819	0.002979	-0.009688	0.000317	-0.009004
NA18915	0.047074	-0.059968	-0.047681	0.021930	0.025314	0.011236	0.039766	-0.086113	0.094178	-0.033074	-0.048446	0.004757	0.005626	0.113506	-0.055507	-0.017947	-0.016457	-0.045519	-0.023451	0.108274	-0.093750	-0.111254	-0.132479	0.002150	-0.000765	0.050108	0.002004	-0.012428	0.001902	-0.000427	0.004881	-0.001253	-0.003492	-0.003468	0.004393	0.007166	-0.003858	-0.000539	-0.001490	-0.003180
NA18924	0.049418	-0.017322	0.008142	0.031785	-0.070163	0.027331	-0.021990	0.067020	-0.010340	-0.062944	0.045581	0.003906	0.094566	0.004103	-0.008290	-0.015079	-0.003690	-0.018427	0.019204	-0.007715	-0.009598	0.018422	-0.031711	0.064743	-0.001799	0.050089	-0.003434	-0.015180	-0.003059	0.005376	0.003781	-0.001284	-0.008666	-0.007243	-0.001315	-0.003198	-0.004127	0.006637	0.004497	-0.005389
NA19017	0.063063	-0.005862	0.003834	-0.034916	-0.042155	-0.017831	-0.011336	0.020193	-0.027349	-0.020163	-0.008335	-0.019629	-0.050095	-0.138147	0.020622	-0.021920	-0.080632	-0.017484	-0.068294	0.024507	-0.008747	0.022556	0.020001	0.024703	0.075048	-0.024967	0.014196	0.009300	0.021294	-0.027741	-0.010558	-0.045536	0.062866	-0.040158	-0.060319	-0.007845	0.020538	0.015521	-0.007116	0.022422
NA19019	0.043827	-0.053348	0.026525	-0.018412	-0.017060	-0.016517	-0.022190	-0.053830	-0.061885	0.007497	0.011157	-0.036483	-0.035522	-0.038807	-0.035558	0.074018	-0.007639	0.105011	-0.045551	-0.000942	-0.015047	-0.032262	0.006848	-0.031193	0.079615	-0.032227	0.005896	0.012844	0.014293	-0.034794	-0.011988	-0.057321	-0.018617	0.007418	0.004116	0.006575	-0.016148	-0.034584	0.003950	0.015532
NA19020	-0.002920	-0.066184	0.056734	0.025650	-0.067098	0.028013	-0.160283	0.061808	0.120633	-0.025617	0.103175	0.082383	0.101888	-0.017232	0.122014	-0.057453	-0.074368	-0.084204	0.218581	0.017585	-0.071965	-0.011679	0.124120	0.051751	0.077269	-0.034077	0.011003	0.006524	0.020247	-0.033910	-0.020290	-0.014064	-0.000993	0.026421	0.053451	0.033605	-0.029927	-0.008433	-0.008546	0.017659
NA19023	0.060605	-0.009875	0.006832	-0.013735	0.011483	0.036756	-0.042060	0.056778	-0.010393	0.032606	0.015354	-0.057674	0.026714	0.009576	0.039747	0.026648	-0.058083	0.081052	-0.009812	0.028932	-0.032451	0.016076	-0.007697	0.017276	0.072863	-0.020426	0.015434	0.001758	0.003635	-0.018077	-0.021810	-0.018989	-0.007920	0.013346	0.041328	0.024116	-0.056070	0.004707	0.009527	0.002058
NA19024	0.032655	-0.056700	0.049871	-0.038242	0.077394	0.033841	-0.031961	-0.063518	-0.042956	0.036258	-0.007103	-0.015382	-0.058332	0.006351	-0.032864	0.043818	-0.003314	0.043261	-0.016849	-0.024208	-0.053725	-0.031700	0.007268	-0.069276	0.074933	-0.030335	0.006937	0.004412	0.019559	-0.058888	0.000449	-0.030675	-0.015893	0.008582	0.005886	-0.001505	-0.067633	0.007295	0.021935	0.003658
NA19025	0.052958	-0.037319	0.009545	-0.017459	0.058616	-0.003078	-0.064669	0.050253	0.049274	0.032299	0.048148	-0.007076	0.014603	0.013639	0.009710	0.016254	-0.071138	0.043719	0.051346	0.073172	0.012269	-0.018765	-0.030904	0.051903	0.090376	-0.032368	0.017587	0.016543	0.046040	0.002055	-0.044527	-0.166888	0.503496	-0.109169	-0.343577	-0.135375	0.214960	0.030789	0.003794	-0.091626
NA19026	0.045433	-0.023580	0.032680	-0.028265	-0.065375	0.050028	-0.024199	0.003946	-0.066804	0.009364	-0.020213	-0.008179	-0.030905	-0.034202	0.017785	-0.019811	-0.042497	0.047117	-0.000760	0.027940	-0.017441	-0.037545	0.060018	-0.002355	0.084507	-0.031722	0.033002	0.009929	0.022917	0.055503	0.166943	-0.110209	-0.180779	0.003974	-0.136395	-0.058591	0.097853	0.003118	0.001400	-0.034485
NA19027	0.051320	-0.074577	0.032038	-0.010019	-0.026534	0.081231	-0.062314	0.015722	-0.019254	0.008005	0.024393	0.009860	0.055902	-0.012399	0.102591	-0.021897	-0.115995	0.007324	0.080591	0.007453	-0.096954	0.048164	0.032044	-0.001229	0.100275	-0.060050	0.066815	-0.004134	-0.661872	0.047782	-0.042041	0.015267	-0.012986	-0.003312	-0.028734	-0.004062	0.016299	-0.002894	-0.003400	-0.012925
NA19028	0.040146	-0.005551	0.018160	-0.028977	0.052100	-0.071748	-0.021184	0.000460	-0.033833	-0.011687	0.056967	-0.057545	-0.018809	-0.079453	-0.019157	0.036515	-0.044801	-0.004204	0.000426	0.041419	0.053668	0.062478	-0.064822	0.047862	0.088512	-0.045787	0.017065	0.014862	0.023781	-0.062712	0.019622	-0.190610	-0.284233	0.109113	0.041519	-0.449552	0.191708	-0.015667	-0.004673	-0.000775
NA19030	0.061224	-0.049560	0.015078	-0.020067	0.003477	-0.022187	0.004707	-0.046937	0.000324	0.043808	-0.072385	0.004248	-0.017536	-0.023041	-0.038838	0.032858	-0.040207	-0.010662	-0.057693	-0.066250	-0.063291	-0.014719	-0.006075	-0.040632	0.074251	-0.028836	0.019201	0.010462	0.010347	-0.031662	-0.015397	-0.016915	-0.002999	0.030606	0.040970	0.057373	-0.038145	0.013034	0.014848	0.004638
NA19031	0.066845	0.063148	0.001130	-0.039883	-0.060092	-0.006669	0.009169	0.041558	0.005850	-0.056910	0.031281	0.018858	0.041237	-0.003634	-0.041082	0.007173	-0.037770	-0.029683	0.033013	0.068509	0.016686	-0.027949	0.005227	0.088324	0.076900	-0.028584	0.012925	0.004352	0.013493	-0.028551	-0.003446	0.001881	0.021867	-0.010546	0.015563	0.019452	-0.062998	-0.020475	0.017785	0.010239
NA19035	0.050070	-0.016704	0.006841	0.013785	-0.043914	-0.093635	-0.051088	0.065964	0.035216	0.038981	0.088666	0.011969	0.044915	0.001063	-0.004158	-0.029142	-0.030672	-0.058216	0.066597	0.000192	0.016188	0.037515	-0.012874	0.088405	0.074885	-0.023556	0.017777	0.003438	0.024458	-0.046760	-0.007705	0.015536	0.024356	-0.001978	0.025359	0.019090	-0.045158	-0.040981	0.021604	-0.007275
NA19036	0.013452	-0.034343	0.024464	0.024894	0.029897	-0.058111	-0.085737	-0.025371	-0.094190	0.020122	0.103073	-0.010226	-0.031322	0.006151	-0.014611	0.005353	0.039289	0.054663	-0.069414	-0.044122	-0.065671	0.098606	0.008481	0.030136	0.075930	-0.029370	0.020425	0.011322	0.009387	-0.020423	-0.030398	0.010020	0.016170	0.003576	0.020025	0.018412	-0.025576	-0.007315	-0.016179	0.026662
NA19037	0.055526	-0.031035	0.025719	-0.019857	-0.017270	-0.007446	-0.014622	-0.017103	0.001796	0.050816	-0.034307	-0.006460	-0.020801	-0.013663	-0.027157	-0.019343	-0.077910	-0.001026	-0.086441	0.021613	-0.084930	-0.001294	0.036798	-0.011285	0.094155	-0.041438	0.033480	0.009255	0.058757	0.316736	-0.192388	0.091834	0.128812	0.042591	0.108593	-0.201993	-0.024964	-0.002748	0.046741	-0.025272
NA19038	0.043872	-0.087651	0.007054	0.012288	-0.006724	0.014055	-0.085825	-0.056124	-0.009707	0.044127	0.038238	0.053324	-0.046108	-0.038870	0.033250	0.021916	-0.043090	0.036952	-0.065520	-0.039307	-0.075179	0.060698	0.043037	-0.039425	0.075129	-0.028025	0.014713	0.005340	0.011322	-0.040055	-0.005346	-0.012227	-0.003612	-0.002173	0.022980	0.034194	-0.054755	0.014453	-0.023566	0.022889
NA19041	0.068836	0.022768	0.004313	-0.031090	-0.006186	0.012795	-0.009559	0.050977	-0.012752	0.008161	-0.014492	-0.012425	-0.027406	-0.003786	0.012915	0.002395	-0.088448	-0.001489	-0.004030	0.076115	0.018482	-0.029696	0.006736	0.019003	0.078515	-0.030920	0.001830	0.005030	0.022151	-0.042096	-0.018728	-0.032034	-0.024977	0.004498	0.021771	0.021475	-0.030887	-0.000641	-0.013789	0.009045
NA19042	0.055355	-0.046886	0.041093	-0.035984	-0.017012	0.001561	-0.003439	-0.043606	-0.031430	0.044494	-0.025953	-0.071071	-0.009634	-0.035465	0.007173	0.009544	-0.132670	-0.040960	-0.028780	-0.080263	-0.140093	0.032523	0.041676	-0.059919	0.103088	-0.064068	0.074940	-0.003848	-0.684551	0.052105	-0.068308	0.000779	-0.028196	-0.009108	-0.064773	0.002844	0.018356	-0.002576	-0.008408	-0.010657
NA19043	0.022582	-0.030270	-0.034636	0.024653	0.053774	0.033217	0.095180	-0.023419	-0.001855	-0.065960	-0.095041	0.069451	0.059896	-0.005290	-0.028156	0.068547	-0.055326	0.044093	0.013190	0.092435	-0.025231	-0.103019	-0.003013	0.021548	0.077551	-0.032423	0.022726	0.006040	0.010610	-0.020704	-0.025609	-0.047752	0.025341	0.008123	-0.001038	0.030492	-0.008603	0.000550	0.011821	-0.005481
NA19238	0.062221	0.024432	-0.012941	0.010498	0.081656	0.032869	0.000265	0.054534	-0.066147	-0.035920	0.011044	-0.106188	0.036597	-0.055125	0.036029	0.074597	0.004696	0.027687	-0.022329	-0.057906	-0.001518	0.036045	-0.090794	-0.002821	-0.002481	0.055691	0.001806	-0.015264	0.001435	0.004164	0.000954	0.000385	-0.007482	-0.008236	-0.000687	-0.004509	0.020057	-0.009167	-0.009408	0.032914
NA19239	-0.021083	-0.034289	-0.053348	0.056456	0.080146	-0.034109	0.067893	0.004596	0.030464	-0.016491	-0.040835	0.043567	0.006343	-0.016471	-0.033181	0.086072	-0.004176	-0.026963	-0.001554	-0.046385	0.065226	-0.094862	-0.016969	0.068611	-0.002569	0.050327	0.000070	-0.008780	-0.000702	0.001690	0.003135	0.007348	-0.005735	-0.010754	0.010985	-0.009558	-0.004606	-0.003469	0.003939	0.001051
NA19307	-0.015526	-0.031822	0.041983	0.058910	-0.001587	-0.055754	0.001833	-0.045055	-0.045533	-0.021304	-0.003772	0.012856	-0.053456	-0.072169	-0.052306	-0.014218	0.063489	0.000022	-0.051366	0.073608	0.001090	-0.008920	-0.031519	-0.026742	0.090352	-0.039727	0.021707	0.008160	0.039649	-0.174484	-0.064153	0.500376	-0.146746	-0.109426	-0.156289	-0.101143	0.162096	-0.014409	-0.018294	-0.078220
NA19308	-0.046969	-0.047472	0.082876	-0.000779	-0.060924	-0.002922	-0.089725	-0.009268	0.038564	0.095786	0.082250	0.007226	0.048309	0.037017	0.042827	-0.077573	0.039733	-0.011257	0.027033	0.046133	0.091369	0.065527	0.018208	-0.036673	0.076279	-0.026097	0.019652	0.010700	0.011432	-0.032232	0.045531	-0.003501	0.026228	0.011512	0.057560	-0.010393	-0.039144	-0.003699	0.007001	-0.021850
NA19309	-0.022127	-0.060951	0.026396	0.056495	0.028055	0.019012	-0.055980	-0.015448	-0.025391	-0.065646	0.059806	0.021090	-0.012604	-0.048979	0.037176	-0.014762	0.038054	0.005057	0.043534	-0.000635	0.057324	0.042817	-0.053273	-0.020400	0.074547	-0.025025	0.013558	0.002963	0.018418	-0.031914	-0.016629	0.002589	-0.027945	0.017098	0.036392	0.009342	-0.032294	-0.005201	0.029449	-0.003170
NA19310	-0.001635	0.033035	0.044510	0.028701	0.009432	-0.068607	0.036586	-0.019880	-0.073084	-0.042352	-0.003982	-0.025725	-0.022207	-0.077612	-0.048904	0.027577	0.081847	-0.019359	-0.098772	0.020697	0.043114	0.023542	-0.022269	0.009458	0.078591	-0.020483	0.015354	0.004917	0.008755	-0.027891	-0.026286	-0.005643	0.019076	-0.020626	-0.003354	0.003840	-0.043173	-0.007376	0.002176	0.028794
NA19312	0.015458	0.001492	-0.004696	0.011561	0.059529	-0.007403	0.007494	-0.009052	-0.052701	-0.090284	-0.060274	0.053861	-0.053977	-0.031446	-0.032913	0.022400	0.044262	-0.011835	-0.015009	-0.002717	-0.005857	0.009421	-0.010104	-0.011871	0.086075	-0.035856	0.021402	0.011887	0.038639	-0.142593	-0.052187	0.441753	-0.109598	-0.095879	-0.156274	-0.083684	0.136977	-0.005440	-0.018454	-0.068809
NA19314	0.005811	0.004846	0.030617	0.027090	-0.075181	-0.043617	0.040063	-0.021114	-0.047758	-0.016857	-0.047985	0.017256	-0.017892	-0.049639	-0.038188	0.038186	0.089573	0.014589	-0.078298	0.033985	0.022428	-0.051358	0.037404	-0.039858	0.084167	-0.037735	0.017263	0.012950	0.018522	-0.060548	-0.012630	-0.076267	-0.045674	0.002980	-0.027490	0.057741	-0.097362	0.035848	-0.014695	0.036532
NA19315	-0.010918	-0.022626	0.006126	0.055466	0.048331	-0.049608	0.020136	-0.037658	0.012709	-0.059168	-0.038640	0.093518	0.006636	0.065721	-0.053050	0.071639	0.108438	-0.039193	0.001689	-0.028792	0.000709	-0.096352	-0.039100	0.008515	0.078811	-0.029190	0.018148	0.005268	0.006612	-0.041314	-0.012767	-0.048020	-0.003613	0.020843	0.026104	-0.004051	-0.053756	-0.021086	-0.024586	0.011661
NA19316	-0.011110	-0.028386	0.007802	0.050990	0.072894	-0.029139	0.051577	-0.063083	0.002379	-0.029939	-0.017581	0.049092	0.031913	0.021973	-0.090509	0.061275	0.049170	0.021124	-0.066567	0.046256	0.052545	-0.052196	-0.028903	-0.051742	0.084924	-0.034103	0.023105	0.006832	0.027247	-0.083454	-0.040756	0.187568	-0.037840	-0.053123	-0.076514	-0.018280	0.048480	-0.020096	-0.017839	-0.036255
NA19317	-0.014162	-0.051258	0.018561	0.051915	0.042737	-0.006408	0.004449	-0.054499	-0.003035	-0.050592	0.019757	0.020079	0.016964	-0.049970	-0.013561	0.036287	0.005709	0.031701	-0.011879	0.057893	0.045557	-0.003022	-0.051972	-0.053303	0.085163	-0.034399	0.024059	0.015933	0.033095	0.122776	0.200506	-0.062807	-0.147048	-0.045005	-0.199432	0.123548	0.044877	0.011445	-0.008197	-0.002663
NA19318	-0.022738	-0.057126	0.021878	0.085585	0.020663	0.013036	-0.037199	-0.018915	0.007233	-0.024853	0.024271	0.059035	0.032825	0.005032	0.020660	0.006943	0.036142	0.048094	-0.021322	0.036312	0.018330	-0.021348	-0.055693	-0.032223	0.091213	-0.034744	0.014533	0.015668	0.031529	0.053846	0.138785	-0.061587	-0.054775	-0.036855	-0.207878	0.156191	0.058892	0.028608	0.051404	-0.016484
NA19319	0.014506	0.054289	0.011073	0.044594	0.040473	0.001042	0.029530	0.014194	-0.061376	-0.025972	-0.049415	0.001735	0.045657	-0.028430	-0.030014	0.021252	-0.000099	0.003738	-0.027791	0.055976	0.023654	-0.022627	-0.041036	-0.022229	0.074217	-0.026736	0.018833	0.004746	0.028758	-0.043745	-0.028783	0.024826	0.026082	0.016620	-0.009608	0.014760	-0.009923	-0.022907	-0.016665	-0.016811
NA19320	0.012337	0.072297	0.036722	-0.053965	0.038973	-0.013775	-0.110773	0.175641	0.138565	-0.093774	0.129873	0.061819	0.001887	0.033638	0.073331	-0.147798	-0.058086	-0.148017	0.195426	0.003714	0.075482	-0.013654	0.072902	0.211877	0.096510	-0.042947	0.039716	0.011097	0.052462	0.366509	0.019728	0.019488	-0.201912	-0.022848	-0.097546	0.164601	0.032922	-0.005728	-0.056380	-0.004139
NA19321	-0.022110	-0.048509	0.075981	0.067352	-0.055970	-0.028519	-0.044236	-0.039515	0.017673	0.020970	0.022467	0.010959	-0.023817	-0.081612	0.041267	0.020833	0.103986	0.042552	-0.104775	0.028439	-0.051957	0.014452	0.021054	-0.025369	0.082375	-0.032020	0.003574	0.009611	0.030787	-0.074486	-0.050163	0.149581	-0.062204	-0.018351	-0.037749	-0.030573	0.025333	-0.041905	0.013344	-0.011076
NA19323	0.011984	-0.003147	0.007133	0.024918	0.021028	0.021265	0.018006	-0.005707	-0.107737	-0.030179	-0.044946	-0.022700	-0.005726	-0.008120	0.032051	0.072700	0.069442	0.068152	-0.049880	0.011349	-0.089371	0.083713	0.032800	0.001470	0.078411	-0.032005	0.005194	-0.005196	0.016327	-0.026887	-0.048303	-0.062242	-0.010458	0.005717	0.031201	0.054459	-0.053156	0.008535	0.034346	-0.044056
NA19324	-0.061529	0.043375	0.021572	0.087800	0.035613	-0.088623	-0.179674	-0.113792	-0.029093	-0.009830	0.085566	-0.105442	-0.085825	0.170212	-0.053853	-0.030942	0.026987	0.066282	-0.054045	0.051485	0.069837	0.026746	-0.058007	-0.053642	0.073744	-0.031556	0.016618	0.002585	0.025382	-0.030386	-0.025078	-0.023395	-0.050790	0.001293	-0.015576	-0.016310	-0.029035	-0.007729	0.042022	0.002814
NA19327	-0.003144	0.088954	0.005299	-0.067686	0.052238	-0.037487	-0.094744	0.072179	0.098202	-0.054352	0.107258	0.021406	-0.062913	0.029673	0.056768	-0.106683	-0.015942	-0.027107	0.083788	-0.040353	0.032920	0.053651	-0.023451	0.060416	0.086882	-0.045740	0.012478	0.003526	0.009580	-0.018206	-0.011992	-0.066368	0.070893	0.012407	-0.034708	0.079176	-0.083088	-0.001616	0.001862	0.000499
NA19328	0.008376	0.043817	0.030543	0.033656	-0.023441	-0.081815	0.015746	-0.007552	-0.076997	0.025813	-0.005296	-0.023468	-0.023741	-0.040107	-0.035357	0.038587	0.043916	-0.054998	-0.061261	-0.012734	-0.000646	0.038725	0.005489	-0.034969	0.081801	-0.031826	0.021135	0.013025	0.023084	-0.006326	-0.001285	-0.036139	-0.008006	0.008085	0.003993	-0.020764	-0.023088	0.027329	0.016785	-0.011064
NA19331	-0.027863	0.122276	-0.026080	-0.006293	-0.096770	-0.040894	-0.147143	-0.197616	-0.039664	-0.190421	-0.078029	-0.215515	0.026820	0.172456	0.023165	0.017474	-0.068425	-0.079212	0.032838	0.039061	0.069415	0.045181	0.115735	-0.018327	0.113345	-0.079543	-0.687941	-0.043265	-0.043918	0.033132	0.014437	0.006380	0.001963	0.005352	0.004317	-0.005554	0.003434	0.001750	-0.002788	-0.001809
NA19332	-0.061563	-0.006798	-0.032347	0.087407	-0.086167	-0.089345	-0.163084	-0.119480	-0.047302	-0.000279	0.062906	-0.088693	-0.112809	0.093748	0.047163	-0.085535	-0.006377	0.066379	-0.024436	0.011432	-0.003858	0.064527	0.051665	-0.052011	0.076147	-0.030002	0.015854	0.005978	-0.007574	-0.056358	-0.021758	-0.017507	0.024238	0.000249	0.018411	0.006945	-0.026176	-0.010917	0.017963	0.011365
NA19334	-0.058056	0.038079	-0.048317	-0.019200	-0.043112	-0.045052	-0.098580	-0.222262	-0.061813	-0.158154	-0.079060	-0.197765	-0.083664	0.034793	0.005572	-0.008275	-0.082245	0.061101	-0.019179	0.063664	0.017617	0.021905	0.008844	-0.049024	0.110365	-0.077236	-0.682679	-0.041740	-0.042197	0.031883	0.015898	0.007325	0.002886	0.004223	-0.002606	-0.008803	0.000155	-0.001105	-0.002658	-0.003348
NA19338	-0.045943	-0.026718	-0.002066	0.035868	-0.013920	-0.046640	-0.160826	0.051166	0.040490	0.093328	0.114826	-0.003625	-0.088194	0.062783	0.090102	-0.013952	0.052526	0.142692	0.013361	0.014633	0.058548	0.053730	-0.022493	-0.026498	0.076387	-0.033866	0.010868	0.009705	0.021139	-0.049334	-0.020674	0.037900	-0.029450	-0.002989	-0.002833	0.032182	-0.030223	-0.015147	0.037930	-0.007415
NA19346	-0.009786	-0.009485	0.056544	0.047463	0.051160	-0.025323	-0.014818	-0.002348	-0.012578	0.000872	0.018576	0.041727	-0.007946	-0.051886	-0.017246	-0.007319	0.004426	-0.008878	-0.060899	0.094217	0.025827	-0.001729	-0.001142	-0.000614	0.078839	-0.029208	0.013382	0.000119	0.016887	-0.048347	-0.048665	-0.056311	0.015670	0.050857	0.243803	0.246978	0.463062	0.089055	0.003490	0.020887
NA19347	-0.045903	0.038005	-0.036155	0.035290	0.007898	0.006980	-0.192560	-0.087269	-0.010212	-0.128114	0.018752	-0.098857	-0.025353	0.137801	0.098313	-0.090398	-0.081776	0.031500	0.036141	0.027033	0.055606	-0.011657	0.016833	-0.009353	0.093025	-0.039638	0.028568	0.013223	0.035642	0.231729	0.233603	-0.008315	-0.166609	-0.049737	-0.241155	0.154750	0.030953	0.016219	-0.007552	-0.029227
NA19350	0.014743	0.075319	0.039884	0.029734	0.019082	0.014044	-0.010597	0.054784	-0.057237	-0.012751	0.021590	-0.024170	0.052113	-0.009974	0.016282	-0.004352	-0.009933	-0.013638	-0.001424	0.067032	0.022337	-0.009482	-0.011481	0.014187	0.090976	-0.042627	0.042415	0.011708	-0.156471	0.038912	0.229204	0.096964	0.161544	0.014977	0.200909	-0.087434	0.002027	-0.005950	0.003985	0.015629
NA19351	0.024293	-0.008107	0.024857	0.024390	-0.080845	0.009657	0.022024	0.028790	-0.028550	-0.031731	-0.023214	0.040163	0.031826	-0.043490	-0.031651	0.034900	-0.017625	-0.026697	0.006267	0.083647	0.016181	-0.062995	0.064119	0.032185	0.076065	-0.026015	0.023376	0.002587	0.022438	-0.055319	-0.013495	0.002378	-0.000422	0.007170	0.014630	-0.017400	-0.044410	-0.003807	-0.021834	0.001994
NA19355	-0.078108	-0.031953	0.015579	0.033809	-0.062264	-0.071766	-0.086406	-0.179606	0.007798	-0.041797	0.017372	-0.046807	-0.120920	0.080484	-0.056684	0.023738	0.010303	0.149623	-0.065251	0.063004	-0.032195	-0.021707	-0.016717	-0.081678	0.084252	-0.034206	0.033289	0.001034	0.016608	-0.133574	-0.062968	0.237672	0.035208	-0.050037	-0.049614	0.004054	-0.016165	0.100861	-0.152854	-0.024437
NA19360	0.022552	0.009279	0.061796	-0.009949	-0.077338	0.031819	0.019089	0.042083	-0.069894	-0.061344	-0.006613	-0.006237	0.014755	-0.065612	0.001195	0.043415	0.014101	-0.063578	0.012996	0.057430	-0.001871	0.023057	0.074274	0.045372	0.084191	-0.036186	-0.046206	0.001276	0.016819	-0.095922	-0.027387	0.162983	-0.015314	-0.047905	-0.019243	-0.004719	0.039695	0.021695	-0.010106	0.003009
NA19372	-0.051785	-0.032986	0.008651	-0.020676	-0.049705	0.028008	-0.078372	0.016506	-0.029493	0.029791	0.111908	0.082397	0.057060	0.097890	0.021677	-0.161131	-0.077729	0.047299	0.028903	-0.020375	0.043333	0.005269	0.044047	0.001080	0.075640	-0.030748	0.022744	0.010260	0.006993	-0.020210	-0.024753	-0.017952	0.037426	-0.001355	-0.000421	0.011111	-0.002873	0.024801	-0.005866	0.006522
NA19374	0.000687	0.027752	0.047180	0.018906	0.064179	-0.081957	-0.031734	0.008957	-0.047886	-0.009302	0.043772	-0.016799	-0.031403	-0.024002	-0.018489	0.019092	0.059371	-0.053012	-0.021831	0.012014	0.057377	0.072632	-0.029353	0.002607	0.082175	-0.036623	0.030856	0.014265	0.018748	0.021304	-0.014216	-0.036778	-0.010030	0.034299	0.000156	-0.002573	-0.028199	-0.039944	-0.000099	-0.039720
NA19375	0.023200	0.017861	-0.073867	0.015700	0.013972	-0.017311	0.033070	0.065593	-0.074536	-0.023687	0.042860	-0.011997	0.154929	0.136044	0.144580	0.051023	-0.026023	-0.022881	0.050657	0.114759	-0.072427	0.176075	0.004558	0.081633	0.092814	-0.039985	0.033669	0.014040	0.014478	0.025712	0.394030	0.141084	0.201433	0.020174	0.251437	-0.118595	-0.048916	-0.020293	-0.009045	0.010748
NA19376	0.028736	0.042234	-0.003896	0.036853	0.076661	-0.060652	-0.016716	0.044360	0.012675	0.004888	0.017897	0.028704	-0.000329	0.026496	-0.036065	0.073137	-0.009409	-0.023921	0.011288	0.098369	0.025893	0.002110	-0.045955	0.037811	0.099395	-0.045157	0.044427	0.016674	0.030505	0.183548	0.483067	0.059543	-0.009096	-0.024361	-0.089715	0.065172	0.031782	0.026730	-0.008271	-0.014032
NA19377	-0.002110	0.030570	0.065284	0.063630	0.013351	-0.075882	-0.009213	0.020971	-0.025759	0.084494	0.012438	-0.049941	0.017503	-0.029100	-0.008245	0.052196	0.054660	-0.033287	-0.064642	-0.004072	0.019144	0.037504	-0.033428	-0.043764	0.079601	-0.033773	0.016199	0.013963	0.003310	-0.008336	-0.031459	-0.049222	-0.008772	0.012196	0.053043	0.015319	-0.039992	-0.005760	0.014367	0.009259
NA19378	0.036370	-0.005344	-0.004902	0.033853	0.036923	-0.009992	0.008747	0.044779	-0.032101	-0.033807	-0.060954	0.071140	-0.016364	0.019899	-0.014776	0.034531	0.000820	-0.072105	-0.017945	-0.008224	-0.046133	-0.085514	0.011246	0.018946	0.074102	-0.027646	0.018574	0.006099	0.008869	-0.035973	-0.012890	-0.021895	-0.020991	-0.009896	-0.023367	0.006004	-0.032743	-0.011150	0.004256	-0.007694
NA19379	-0.075570	-0.035036	-0.133772	-0.065852	0.074306	0.051743	0.044528	0.047329	-0.011157	0.041340	-0.085670	0.013385	0.191330	0.005187	0.002219	0.017516	0.042673	0.010084	0.005329	0.044775	0.005402	0.059471	-0.014326	0.042182	0.078127	-0.028441	0.009580	0.012651	0.017160	-0.030647	-0.037378	-0.050736	-0.037388	0.010372	0.004350	-0.009013	-0.051238	0.000325	-0.003747	0.019708
NA19380	-0.073509	-0.027477	0.025513	0.014017	0.031836	-0.023329	-0.089641	-0.029446	-0.049349	0.024635	0.094998	0.033019	-0.080484	0.041587	-0.015992	-0.056951	-0.020298	0.006081	0.049848	0.043740	0.054190	-0.004378	-0.063456	-0.036535	0.084998	-0.038274	0.020884	0.014075	0.037590	-0.049284	-0.022831	-0.064855	-0.003396	0.004400	-0.021415	-0.021192	-0.074595	0.009536	-0.007836	0.040575
NA19383	-0.069486	-0.031235	-0.039446	-0.021519	-0.014452	0.026915	-0.064390	0.020999	-0.056844	0.018426	0.035383	0.030910	-0.015634	0.040321	0.061107	-0.059358	-0.031678	0.047308	0.057254	-0.009064	-0.027421	0.019528	-0.012322	-0.016343	0.079247	-0.039257	0.023544	0.002969	0.013443	-0.043153	-0.029403	-0.013096	0.015377	0.004499	0.072033	-0.004191	-0.038909	0.005642	0.036653	0.036276
NA19384	-0.045433	0.078470	0.012571	0.041477	0.024419	-0.013289	-0.072233	0.032564	-0.031315	0.021209	0.053039	0.004529	-0.038419	0.076229	0.024827	-0.009581	-0.034374	-0.013675	0.064824	0.037100	-0.049550	-0.078443	-0.055195	-0.022392	0.085459	-0.026550	0.019165	0.009880	0.033197	-0.006761	-0.030957	-0.145290	0.416730	-0.098529	-0.275651	-0.106694	0.195656	0.034321	-0.007430	-0.073541
NA19385	-0.075916	-0.035591	-0.039608	-0.025282	-0.044980	0.023915	-0.021695	-0.003304	-0.077069	0.058140	0.003285	0.021969	0.009470	0.018310	-0.008764	-0.003957	0.012255	0.049103	0.009980	0.006421	-0.022796	-0.029246	0.000845	0.005598	0.083235	-0.034419	0.020808	0.014872	0.023026	-0.061269	0.063587	-0.265046	-0.297638	0.080741	-0.008810	-0.480009	0.234647	-0.028775	-0.005803	-0.021341
NA19390	-0.042897	0.026361	0.004012	-0.002548	-0.046373	0.060997	-0.015419	-0.041970	-0.003957	-0.038087	0.021386	0.003596	-0.022407	-0.018678	0.020246	0.025472	-0.011186	0.041231	-0.028662	0.053726	-0.033864	0.002790	0.029563	-0.040870	0.079837	-0.028292	0.018385	0.010557	0.013312	-0.026296	-0.023117	-0.016895	0.020534	0.014085	0.029349	0.038331	-0.007905	0.012523	0.000330	-0.008457
NA19391	-0.085174	-0.052453	-0.103553	-0.075556	0.037490	0.087475	0.015623	0.012926	-0.033404	0.028278	-0.091325	0.089986	0.118015	0.043265	0.040979	-0.044176	0.076819	-0.034115	0.001723	-0.059539	-0.070479	0.059457	0.003704	0.019114	0.073945	-0.018805	0.011134	0.006280	0.017212	-0.026744	-0.010005	-0.004498	0.002790	-0.006682	0.021711	0.033862	-0.034927	0.009730	0.016143	0.014194
NA19393	-0.079150	-0.068604	-0.020098	0.005537	-0.000927	0.038807	-0.121077	0.000225	-0.027234	0.065196	0.067060	0.051061	0.017011	0.057826	0.089491	-0.019681	-0.035559	0.065026	0.071202	-0.024452	-0.034597	0.002433	-0.016319	-0.044193	0.080709	-0.037716	0.018278	0.010959	0.024159	-0.019289	0.172609	0.116371	0.034023	0.014985	0.085458	-0.051899	0.013705	-0.018885	-0.011466	0.010660
NA19394	-0.054623	0.042194	-0.043945	-0.046981	0.100886	-0.040760	-0.008458	0.007444	-0.058825	-0.029108	0.021583	0.045355	-0.041508	0.050620	-0.020125	-0.003398	0.011000	0.027183	0.007739	0.028382	0.014038	0.036233	-0.082733	-0.004271	0.078486	-0.026717	0.014302	0.006236	0.021208	-0.047480	-0.040856	-0.015341	0.013976	0.006352	0.018880	-0.019396	-0.038971	-0.020911	-0.006884	-0.011442
NA19395	-0.054068	0.033027	-0.079992	-0.048555	0.001948	-0.023752	0.008475	0.034261	-0.074991	0.015745	-0.026153	-0.018913	0.014113	-0.000217	0.027008	0.034862	0.030382	0.046647	-0.025390	-0.034816	0.027572	0.038703	-0.039075	0.005246	0.082433	-0.036861	0.017144	0.004392	0.017763	-0.075652	-0.045883	-0.050986	0.026763	0.067533	0.287999	0.329716	0.559649	0.086316	0.003743	0.027778
NA19397	-0.080058	-0.069059	-0.088800	-0.070168	0.056096	-0.047602	0.011620	-0.034508	-0.014429	0.042890	0.011567	0.024977	0.078842	0.004918	-0.026998	0.052621	0.050314	-0.042815	0.042082	-0.006329	0.074628	0.047693	-0.066793	-0.035045	0.085259	-0.035574	0.033011	0.010984	0.002544	0.048404	0.359360	0.125224	0.164458	0.013478	0.209867	-0.104402	-0.057162	0.011917	0.011027	0.028789
NA19399	-0.040330	-0.004102	0.011330	-0.058830	-0.001668	-0.067390	-0.017209	0.003076	-0.062748	-0.043457	0.135325	-0.023653	0.012157	0.032440	-0.002518	0.059036	0.089895	-0.032097	0.036279	-0.060981	-0.027222	0.140286	0.046013	0.073200	0.076753	-0.021120	0.016126	0.015360	0.024415	-0.049093	-0.010329	-0.019592	-0.002168	0.027669	0.021154	0.066983	-0.021993	0.000658	-0.012132	-0.003027
NA19401	-0.073941	-0.014461	-0.045147	-0.039389	-0.018716	0.031100	-0.011490	0.014440	-0.072145	-0.006039	-0.018397	0.027990	0.023550	0.016802	0.024554	0.006047	0.027382	0.010448	0.047873	-0.021049	-0.009703	-0.019945	-0.011883	0.019203	0.079079	-0.031771	0.017852	0.011778	0.019461	-0.056148	-0.007450	-0.031029	-0.049714	-0.001522	-0.014163	0.017577	-0.053301	0.001115	0.000403	-0.011494
NA19403	-0.063578	-0.031209	-0.035808	-0.046982	0.044914	0.033423	-0.022060	-0.035774	-0.030305	0.050392	-0.037099	0.019259	-0.042970	0.030104	-0.030866	0.044509	0.009747	0.040881	-0.053744	-0.065720	-0.033550	-0.032633	-0.036873	-0.057916	0.074752	-0.027233	0.014915	-0.000744	0.008024	-0.018133	-0.013694	-0.037923	0.011467	-0.001705	0.020559	0.028046	-0.029196	0.006236	-0.003731	0.021592
NA19404	-0.060544	-0.020531	-0.047235	-0.049600	-0.028666	0.004066	-0.026188	0.012853	-0.035592	0.016733	0.013078	-0.012073	0.010152	-0.048498	0.039701	-0.034597	-0.045961	0.021298	0.007643	-0.010975	-0.040812	0.008779	0.001021	0.016024	0.078712	-0.027611	0.012637	0.008524	0.012745	-0.030312	-0.014894	-0.019996	-0.015901	0.000054	0.027412	0.029504	-0.075462	0.018535	-0.007078	0.006712
NA19428	-0.063480	0.052384	-0.049608	0.023637	0.011557	0.024546	-0.045835	0.047646	-0.008699	0.062370	-0.013129	-0.000230	0.008315	0.067936	-0.006180	-0.024953	-0.042048	0.006715	0.087937	0.048013	-0.037832	-0.064971	-0.065674	-0.002701	0.084042	-0.030673	0.021478	0.000603	0.030958	-0.005610	-0.036523	-0.036718	-0.000437	-0.032928	-0.071252	0.022982	-0.048369	-0.044798	-0.004963	0.069198
NA19429	-0.072544	-0.034512	-0.058343	-0.060909	0.039055	0.024848	-0.007661	0.025044	-0.068840	0.000091	0.010339	0.047478	0.035815	-0.024528	0.046340	-0.058333	0.004048	0.032099	0.035400	0.019925	0.001146	0.045534	0.004346	0.052811	0.077810	-0.031184	0.014672	0.008760	0.003566	-0.045605	-0.018835	-0.047080	-0.027579	0.032953	0.051033	-0.034426	-0.003966	0.035294	-0.007693	0.027479
NA19430	0.068291	-0.016421	-0.022017	0.035877	0.084636	0.021520	-0.009377	0.058945	-0.024676	-0.027437	0.025890	-0.023183	0.043295	-0.025167	0.004249	-0.017062	-0.067713	-0.077886	0.038350	-0.003605	0.023780	-0.019358	-0.111049	0.019829	0.091271	-0.039953	0.024338	0.009189	0.051431	0.275220	-0.169613	0.095098	0.189046	0.026068	0.090063	-0.209412	-0.003918	-0.000739	0.051705	-0.034324
NA19431	0.066131	-0.075214	-0.033070	0.002498	0.035441	0.021902	0.012492	-0.045977	0.060680	-0.040557	0.007284	-0.058063	0.018877	0.043134	0.030728	0.022739	-0.024339	-0.032259	-0.000280	0.044213	-0.076104	0.050257	-0.113411	-0.016959	0.075101	-0.022901	0.022261	0.011408	0.017922	-0.025964	-0.008521	-0.037636	-0.020726	0.011480	0.011535	-0.022854	-0.027650	-0.007162	0.014196	0.013274
NA19435	0.048151	-0.078793	-0.015382	0.039911	0.082507	0.093012	-0.056493	0.015461	0.055909	-0.050787	0.003802	0.073703	0.063833	0.098431	0.045829	0.034421	0.007922	-0.004992	0.024565	-0.084078	-0.094498	-0.060585	-0.063822	0.054903	0.080159	-0.034855	0.014640	0.005850	0.014554	-0.034446	-0.034104	-0.032661	-0.008367	0.021972	0.016793	0.059065	-0.072683	-0.038885	-0.001417	-0.025455
NA19436	0.003978	-0.045141	0.043791	0.057012	0.076178	-0.036862	-0.060872	-0.008343	-0.050926	-0.012601	0.080576	0.004951	0.003802	-0.025244	-0.029893	-0.009675	0.092001	-0.017378	-0.037396	-0.107865	0.081114	0.031696	-0.110327	-0.021942	0.073860	-0.024581	0.026375	0.009445	0.020572	-0.023826	0.077624	0.024242	0.064181	0.031487	0.111222	-0.039873	-0.017666	-0.031596	0.012698	0.010959
NA19437	0.069325	0.009853	-0.064207	0.012544	0.015908	-0.069808	0.006339	-0.018855	0.029785	0.018840	0.025128	-0.018254	0.006291	0.080554	-0.062577	0.015169	0.056621	-0.044301	-0.070725	0.012331	-0.015601	0.036580	-0.128063	0.038978	0.077853	-0.028630	0.013868	-0.001388	0.013670	-0.060425	-0.027292	-0.007990	-0.000674	-0.007089	-0.009895	0.000695	-0.066281	-0.013234	-0.030963	-0.017180
NA19438	0.062463	0.012608	-0.000805	0.003996	0.044865	-0.028588	0.012182	-0.007809	-0.066464	0.062184	-0.022064	-0.044075	-0.037224	0.009788	-0.085126	0.015764	0.032884	0.023175	-0.077723	-0.052435	0.041228	0.072860	-0.055806	-0.064241	0.070948	-0.024439	0.013684	0.002903	0.010963	-0.031662	-0.010408	-0.011088	-0.000231	-0.008795	0.008165	-0.003956	-0.006688	-0.024887	-0.011726	0.023866
NA19439	0.055265	-0.049938	-0.011962	0.025835	-0.038457	-0.086488	-0.008994	-0.018315	0.024095	0.042232	0.056632	-0.032018	0.002642	0.038033	-0.078990	0.037716	0.070220	-0.007884	-0.040748	-0.073107	0.052782	0.015247	-0.074266	-0.022306	0.076357	-0.026409	0.019140	0.000774	0.022168	-0.020305	-0.005738	-0.031720	-0.029954	-0.010102	-0.005917	0.024611	-0.037927	-0.020944	-0.006700	0.002555
NA19440	-0.030009	0.004269	-0.117425	-0.084106	-0.051525	-0.054816	0.009586	0.039553	0.010738	-0.063877	0.075439	-0.055155	0.020881	0.037773	-0.036866	-0.011711	0.103403	-0.139069	0.037185	0.001621	-0.024547	0.075084	0.062215	0.032787	0.072723	-0.024249	0.014895	0.005688	0.018188	-0.033830	-0.036232	-0.007211	0.016814	-0.002337	0.040513	0.009589	-0.013531	-0.014333	-0.011775	0.029129
NA19443	0.022181	-0.020201	0.037556	0.052478	0.045933	-0.007361	-0.038585	-0.001992	-0.054780	-0.024788	0.033275	-0.063092	0.018526	0.021717	0.010298	0.072352	0.084273	0.055000	0.005679	-0.024231	-0.037681	0.058414	-0.077082	-0.033069	0.079943	-0.034053	0.010344	0.014064	0.018625	-0.042491	-0.040350	0.006276	0.005494	-0.011289	0.093718	0.038642	0.004422	0.009968	-0.028499	0.016913
NA19446	0.062661	-0.047618	-0.011927	0.011772	0.042174	-0.011022	0.016427	-0.049100	-0.039290	-0.021352	0.010394	-0.055488	0.009732	0.021187	-0.084228	0.061768	-0.000600	0.011018	-0.037360	-0.037890	-0.017728	0.013969	-0.095206	-0.053941	0.077000	-0.026314	0.019340	0.004686	0.023726	-0.027556	-0.012644	-0.006736	-0.000044	-0.013829	0.026770	0.020106	-0.024099	-0.026229	-0.008516	0.026310
NA19448	0.001603	-0.016296	-0.022930	0.086185	-0.059054	-0.039047	-0.075646	0.087570	0.169592	-0.032763	0.072884	0.005398	-0.004936	-0.043985	0.051980	-0.074404	-0.060964	0.046074	0.000369	0.098208	0.092518	-0.000502	-0.034537	0.080928	0.086493	-0.040036	0.018699	0.005467	0.028957	0.087445	-0.060511	-0.038701	-0.063852	0.011131	0.017697	0.072756	-0.022966	0.005838	-0.049229	0.014047
NA19449	0.072935	0.029682	-0.001953	-0.014873	-0.020770	0.063391	0.001093	0.052728	-0.022118	-0.042839	0.059357	-0.130472	0.175613	0.004408	0.102306	0.007746	-0.037115	0.025200	-0.029503	-0.032756	-0.071031	0.191026	-0.031685	-0.079318	0.077022	-0.029799	0.012248	0.010090	0.020822	-0.061656	-0.007807	-0.027122	0.006128	0.013715	0.059097	0.034493	-0.012057	-0.022398	0.014303	0.009788
NA19451	0.072228	-0.041367	-0.076805	0.007135	0.056230	0.022827	0.049753	0.013879	0.047251	-0.078628	-0.035166	0.034581	0.032173	0.062445	0.004829	0.006401	-0.043010	-0.013883	-0.001861	0.083772	-0.074347	-0.087752	-0.087521	0.089246	0.091434	-0.039239	0.033306	0.008235	0.078464	0.387620	-0.199544	0.087902	-0.009962	0.006289	0.055815	-0.043680	0.013663	0.001159	-0.024092	-0.000563
NA19452	0.043220	-0.054335	-0.000112	0.055772	0.052947	-0.021731	-0.025395	-0.007432	-0.047947	-0.001706	0.029525	-0.040238	0.020209	-0.055700	-0.024642	0.012279	-0.029501	-0.016567	0.009395	-0.033861	0.007836	0.021219	-0.119707	-0.013230	0.093874	-0.046371	0.035560	0.007993	0.075928	0.452445	-0.239391	0.089757	-0.065339	0.023556	0.086503	-0.001244	0.042808	0.000426	-0.042647	0.018737
NA19454	0.068391	-0.076847	-0.026263	0.007803	-0.033641	0.057727	0.008351	-0.026731	0.028490	0.006733	0.025071	-0.024736	0.116082	0.086431	0.039962	-0.021650	-0.063070	0.020558	-0.028051	0.001118	-0.042274	0.047433	-0.072106	-0.000504	0.073136	-0.022231	0.013627	0.012041	0.010877	-0.033815	-0.008845	-0.009802	-0.022572	0.010933	0.006968	0.017337	-0.030672	0.014798	-0.010639	-0.005570
NA19455	0.077823	-0.035920	-0.016937	0.018273	-0.011073	0.062820	-0.018947	0.040839	-0.044692	0.022769	-0.039647	-0.069937	0.042507	0.019135	0.057844	-0.000996	-0.067178	-0.009902	0.046071	-0.038016	-0.118783	0.115027	0.015275	0.013017	0.081611	-0.034324	0.025245	0.009957	0.023935	-0.041520	-0.041859	-0.028275	-0.019672	0.012428	0.036666	0.063621	-0.078294	-0.009595	0.021213	0.012609
NA19456	0.058429	0.047944	-0.019872	-0.007798	0.008261	-0.036840	-0.062654	-0.022897	-0.015342	0.027103	0.123962	-0.028669	0.027665	0.000745	-0.084764	-0.055712	0.028926	-0.018787	-0.061832	-0.024528	-0.008372	0.185573	-0.027684	0.008713	0.079295	-0.027133	0.022032	0.012937	0.018107	-0.034851	-0.020513	-0.078110	-0.006232	0.000845	0.002673	-0.033545	-0.031783	0.012320	-0.022870	0.005008
NA19457	-0.025079	0.010589	0.025228	0.048348	0.057646	-0.013650	0.012419	0.004592	0.024873	-0.005435	0.005378	0.013308	0.023414	0.030317	-0.025364	0.032041	0.006149	-0.029482	-0.053438	-0.083074	0.033530	-0.000686	-0.010568	0.004860	0.074225	-0.033358	0.011602	0.003879	0.017068	-0.043308	-0.034231	-0.010956	0.000062	0.006209	0.018538	-0.008338	-0.069740	0.013126	0.009124	0.064212
NA19461	-0.008605	0.064132	0.052299	0.048361	0.039983	0.031635	-0.019993	0.033708	0.010974	-0.042414	0.003579	-0.008515	-0.004116	0.018236	0.024680	0.004121	0.013899	0.002539	-0.010792	0.051229	-0.013403	-0.021552	-0.038639	-0.010113	0.081422	-0.029503	0.026802	0.004143	0.035685	-0.000766	-0.061334	0.005524	-0.022084	-0.024676	-0.041169	0.045606	-0.084939	-0.049450	-0.001362	0.065686
NA19462	0.071623	0.003157	-0.028036	-0.041586	0.053370	0.040013	0.016946	0.024660	-0.013639	0.040224	0.022509	-0.019213	0.015647	0.112967	0.027648	-0.042140	0.015455	0.024018	-0.035559	-0.003908	0.010941	0.027672	-0.016996	0.045893	0.070085	-0.019483	0.009114	0.008385	0.014967	-0.038547	-0.023070	-0.048405	0.011057	0.014554	0.024167	-0.008319	-0.029709	0.001580	-0.012752	0.010875
NA19463	-0.027604	-0.027204	-0.042393	0.041548	0.100463	0.041991	0.039702	0.024418	0.052132	-0.055834	-0.024029	0.066130	0.013049	0.003936	-0.005654	0.080926	-0.021396	0.015332	-0.040453	-0.045571	0.044249	-0.016383	0.009297	0.067089	0.080668	-0.038891	0.018000	0.007497	0.005472	-0.041217	-0.065192	0.017970	-0.017586	0.010863	0.035316	0.005485	-0.087115	0.009928	0.042579	-0.005856
NA19466	0.039402	-0.028552	0.020415	-0.003377	0.047541	0.006726	-0.036827	0.011468	-0.056713	0.051308	0.047955	-0.026557	-0.042864	-0.027861	-0.022520	-0.019767	-0.022277	0.036359	0.009050	0.001925	0.051225	-0.007403	-0.004804	-0.025664	0.082117	-0.033298	0.020710	0.009553	0.021192	-0.044544	-0.037907	-0.028715	0.015960	0.020105	-0.009979	0.079115	0.009213	0.004543	0.024616	0.002450
NA19467	-0.020464	0.030460	0.024001	0.068227	0.072127	0.041398	0.013376	0.034573	-0.022896	-0.010383	0.000890	-0.013064	0.012375	0.020379	0.000915	0.039949	0.006608	-0.009995	-0.033510	-0.053695	-0.017644	-0.061484	-0.027671	0.014239	0.080442	-0.034928	0.024930	0.005326	0.025928	-0.042735	-0.014201	-0.013353	0.096770	-0.023277	-0.068031	0.007154	-0.034458	-0.035579	0.017939	-0.026383
NA19468	-0.027949	0.024424	0.048975	0.061738	0.052323	0.005050	-0.026662	0.004118	-0.054120	-0.028301	0.059207	-0.039878	-0.036122	0.046313	0.022610	0.021642	0.096200	0.043004	-0.068444	-0.006484	-0.032835	0.055195	-0.042031	-0.032230	0.079175	-0.025772	0.015498	0.004904	0.008388	-0.036652	0.005019	-0.007153	0.022408	0.020863	0.008044	-0.028768	-0.000952	-0.015363	0.002079	-0.005420
NA19471	-0.032999	-0.037739	0.016003	0.064258	0.061502	0.103468	-0.028067	0.022038	0.017931	-0.019173	0.027408	0.018026	0.030373	0.031506	0.070038	0.048849	-0.008742	0.043682	-0.025864	-0.094535	-0.031120	0.043360	0.013649	0.020493	0.084059	-0.039825	0.000808	0.009316	0.017239	-0.026443	-0.008477	-0.082461	-0.007891	-0.004567	-0.183781	0.128803	-0.037208	0.008330	0.074743	-0.011917
NA19472	-0.044080	-0.040028	0.022042	0.070745	0.042777	0.026046	-0.004209	-0.042796	-0.005447	-0.009950	0.025928	0.023577	-0.018581	0.029380	-0.009946	0.041851	0.025192	0.032377	-0.043477	-0.067885	0.007135	0.002919	-0.011986	-0.039905	0.081796	-0.035167	0.009905	0.008420	-0.002245	-0.029272	-0.021145	-0.040902	-0.003645	0.010900	0.026400	0.020071	-0.088516	0.014746	-0.036114	0.054206
NA19473	0.004455	0.031583	-0.049104	0.062509	-0.035119	-0.021369	0.002095	0.091808	0.077925	-0.032614	-0.002163	0.043235	0.049393	0.012417	0.027951	0.028364	-0.018742	-0.044662	0.004022	-0.038779	0.000681	0.008958	0.043987	0.088597	0.082459	-0.035483	0.011968	0.008709	0.025962	-0.047722	-0.022629	-0.015043	0.013918	-0.028780	-0.119972	0.057417	-0.107996	-0.015959	0.056341	0.011009
NA19474	-0.021000	0.028991	0.021119	0.072489	-0.036098	-0.054814	-0.059833	0.084877	0.006423	-0.046188	0.044550	0.029412	-0.009006	0.007963	0.063574	-0.021060	0.043796	-0.123902	0.067821	-0.128827	-0.061450	-0.027953	0.018832	0.085183	0.078735	-0.035232	0.012462	0.010023	0.013802	-0.036755	-0.022591	-0.066686	-0.021278	0.027531	0.038814	0.005893	-0.058687	-0.014787	0.007055	-0.001508
NA19475	-0.020516	-0.061129	-0.089063	0.040251	-0.000448	-0.015811	0.067062	-0.018138	0.033793	-0.082099	-0.000416	-0.029859	0.035665	-0.037993	-0.000165	0.080955	0.054145	-0.022304	-0.013457	0.024165	0.030574	-0.005854	0.039511	0.088692	0.079918	-0.034968	0.015655	0.012033	0.015605	-0.037459	-0.013399	-0.091428	-0.011642	0.043320	0.027324	-0.004103	-0.090667	0.004515	0.003056	0.003492
