FID	IID	SV1	SV2	SV3	SV4	SV5	SV6	SV7	SV8	SV9	SV10	SV11	SV12	SV13	SV14	SV15	SV16	SV17	SV18	SV19	SV20	SV21	SV22	SV23	SV24	PC1	PC2	PC3	PC4	PC5	PC6	PC7	PC8	PC9	PC10	PC11	PC12	PC13	PC14	PC15	PC16
HG02461	HG02461	0.0524226444703106	-0.0509426336596308	0.0237286948429873	-0.0218555701193859	-0.0964348106675762	-0.0628625537072599	0.0476298052514212	-0.0337379136624776	-0.0422209931734887	0.0136429968168565	-0.0142402602535946	-0.0255024760226215	0.0250743141863492	-0.0085870812877565	-0.109530007675516	0.0663129636488339	0.0084542904343353	-0.0736530612669191	0.0482317692032616	0.0621573851774664	0.0636879776179563	0.0753241622594112	0.0402645117141837	0.0132930938098187	-0.0469158801479018	-0.0551662875010554	0.0052180660740648	-0.0684398198794781	0.0053303992935581	-0.0024839838413647	0.0069752074474219	0.002043299507812	0.0032684451418114	0.0086170053734315	-0.016247889339886	-0.0088997231595007	-0.0124392009043494	-0.0298277018428604	-0.0343522276404644	0.0211197760975737
HG02462	HG02462	0.0304393124847329	-0.0010774802297236	0.0103174793339204	-0.0324787226942952	0.0874152465568006	-0.117741605118039	0.0146040765745926	-0.0103294209057711	-0.0244781595186073	-0.010875202848026	0.0332951523224883	0.0342863863175175	-0.059702987550075	0.0364416045229299	-0.091256820662198	0.0660645997168593	0.0899119376147067	-0.0091249300872827	-0.0495731475836773	-0.027730138065737	0.0704132374615269	-0.0051761930345261	-0.0353343387059704	-0.0138645349560114	-0.0485404246805332	-0.0669064225927945	0.0053458284790513	-0.0742347037876613	0.0045681486809322	0.0055956509210039	-0.0060179557597655	-0.005585085027945	-0.007202335299635	0.0248827322301498	0.0005838320755686	-0.0082663537293786	-0.0227684358240146	-0.0342649632778928	-0.0412265303028206	0.0181795123482703
HG02464	HG02464	0.0187122806459876	-0.0110523405413345	0.0113684975531091	0.0270339994879424	0.021730111850444	-0.0291201011443994	-0.0888202102044843	0.0918007284791367	0.0076534915449646	-0.0650196810376463	0.0974065976419602	0.144154439733534	-0.0182152036335867	0.069156695187391	0.01439114479082	-0.101211991247369	0.0431453163797506	-0.128264426157484	0.161411457324895	0.017467037526715	-0.0574959648972953	-0.0756481292447903	0.0346671473882528	0.147407141663449	-0.0495506943809399	-0.0476170368914915	0.0029629091259557	-0.0333429313518337	0.0052012964459272	0.0178168225108311	0.0038887406201945	0.0086514712654076	-0.0045647374049852	0.001287273926567	-0.0116337907437391	-0.0096327367406619	0.0213647242043499	-0.0017717386082422	0.0069524616250527	0.0422290529495052
HG02465	HG02465	0.0374202415130494	-0.0836520055039039	-0.0022804860808773	-0.0277040063737491	0.0087182195729371	0.0053067194928967	-0.0109640743727379	-0.0672595497352114	-0.0168810831049114	0.0087841408960875	0.0409122601409741	0.034021601052623	-0.022936436083745	-0.0151299305521056	-0.0090006128251124	-0.0362340295050036	-0.0515546201309532	0.0118949758737847	-0.0102309415173384	0.0023820421698051	-0.0137566553848506	0.0681708607963513	0.0419786733264679	-0.0450566907941251	-0.0494245563535716	-0.0501553081231967	0.0032860833316212	-0.0279460632284453	0.0037437079298281	0.0041404371248184	-0.0048058488463109	0.0008865420715918	-0.0166805908590895	-0.0014636168707766	0.0051817923696761	-0.008551026319816	0.0158424681584519	-0.0031083466779232	0.0291814326603824	0.0206585253595106
HG02561	HG02561	0.0582417836749874	-0.0337342579867103	-0.0120545586451469	-0.0583045799419388	-0.0764438242119011	0.0331020275836312	0.0595821194855449	-0.0263750282996634	-0.012899156028548	-0.120084986391258	-0.0195590968311124	0.0799758525972944	0.0181263638774975	0.0951469944018326	-0.0549309372590709	0.0447095460149958	0.0139841428543159	0.051126422089561	0.0479731482167098	0.107641035635068	0.009151844489534	-0.0694195162301648	0.0638360206299996	0.0722002243255225	-0.0399639559726696	-0.0478783338059473	0.006614182290674	-0.0345873914061858	-0.0034576348255438	0.0026773492456558	-0.0029849153617064	0.0096821709867705	0.0050814015542732	0.0015860100570412	-0.0084879239082145	-0.0131304914722965	0.0017418205180322	0.0393518501430125	0.0182730160548139	-0.0059074982060875
HG02562	HG02562	0.0529092174815941	0.0253416886422471	0.0045068016966937	-0.0128017409476461	-0.0131589770310182	0.0174589963335151	0.0083290719347151	0.0534094446711671	-0.0532282363114251	0.0014768013635408	-0.0439111722351235	-0.0027509432567928	0.0002584723938648	-0.0083909362192203	0.0111201752017583	-0.0036069068584173	-0.0100292110741965	0.0549875755022796	-0.0175127374294812	-0.0136606927258021	0.0100024076139985	-0.0063529708212233	0.0338264866602863	-0.0141593759706289	-0.0384925617302564	-0.034850257879492	0.0030184490090337	-0.0307825015838483	0.0017912380284989	-0.004623328591903	-0.0067068874605885	-0.0103574611221531	-0.0060415171888892	0.0081120084353082	0.001744347007202	-0.0047016675189735	-0.0038020046158652	-0.0030275751761824	-0.0022950575918617	-0.0102051489776896
HG02568	HG02568	0.0405895413649699	-0.0885267426958818	-0.0112724147103789	0.05374096781634	-0.049128117940166	0.0038019795653488	-0.0617682791969715	0.0324077245414565	0.0845461575040762	0.062216851346436	0.0533410788147393	0.0400408811208975	0.0853382831648279	0.0422662007716346	0.0581171819272961	-0.0349865429706373	-0.0421006705276186	-0.0455473040725218	0.081599444091155	0.0332850467465042	-0.0037109725390565	-0.049238017392378	0.0266390801680846	0.0195878730963734	-0.0419016624462608	-0.0463233912389855	0.0029106510443516	-0.0492662602249516	0.0002070854989499	-0.0080878915210757	0.0066076790154424	-0.0054566178193564	0.009006532719944	0.0044890218593838	-0.0011481105988856	0.014399967673899	0.0038775653662016	-0.0107749812203949	-0.0012965070002778	-0.00480399601595
HG02570	HG02570	0.0424352357213698	-0.0883389062133	0.0062604714539884	-0.0210691290847698	-0.037046792515353	-0.017429427883298	0.0130962472532999	-0.0740622635099372	0.0357325626372498	0.0147503854105348	-0.0349283820505737	0.0284696991947453	0.002766982363008	0.0369036437820419	-0.0213727997504262	-0.0011609088286851	-0.0698274128801817	0.0108992324013989	0.063929987599618	0.124705018633282	-0.0344828353971426	0.0183603941932285	0.0464646141743266	0.0128596744532306	-0.041532779200832	-0.0309319965143869	0.0025573075263811	-0.0151001715137953	0.0053954554366137	0.0043584672026251	-0.0065479522562828	0.0036895961466888	0.0041455227436305	-0.0123455517398316	-0.0018752639316585	-0.0107531313753715	0.0041449219981287	0.0043560567505261	0.0110363039741819	-0.029995838452358
HG02571	HG02571	0.0537115445618471	-0.0596260705946891	0.0187465989064132	-0.0179921991124474	-0.0103035520000703	0.0409262111966622	-0.0027969611395602	-0.0227063166509583	-0.0013645270524551	0.0529284762908232	-0.0454456101738486	0.0128995725951625	0.0297882506449144	-0.0137943213364106	-0.0018473715820239	0.0089031798856552	-0.0778684804025486	0.0564315427583087	0.0020786521480655	-0.0069283696070406	-0.0334342860410576	-0.0148981736994114	0.0434725099482765	-0.0600473818022763	-0.0439904209772773	-0.0427332039651832	0.0024605226864918	-0.0359675625558179	0.002307609267787	-0.0077675686620024	-0.0039429175524983	0.0068765464609125	-0.0010779981112987	-0.0065054945742554	-0.0076966885475171	-0.0191645494966842	0.0047503065381892	0.0117239422338676	-0.021706138448652	0.006177592544307
HG02573	HG02573	0.0460691034021613	-0.0642621803199312	0.0178608129433951	-0.013350953531767	-0.0767274594458737	0.0365503548417296	-0.0090251128470992	0.0035673480823422	-0.0547414376130474	0.0403520429982252	0.0247262129419377	0.0220439302238216	0.0629610525967697	0.025677412103434	0.0068017282260478	-0.0033704408192769	-0.0706608045688692	0.0066457993605372	0.0756305261583451	0.0117273400676821	-0.0213733899004628	0.0920907397524701	0.0775686846918226	0.0057328914109978	-0.0436641061628385	-0.0468772449684496	0.0048767664408248	-0.0373432862682486	0.0006734773643822	-0.0013016171581228	0.0054536463714982	0.0087100653328023	0.0008825817534231	-0.0284647738036982	-0.0053168409077585	0.0096222264244168	0.004482774641513	0.0169636378270207	-0.0034613995390088	0.002012216602977
HG02574	HG02574	0.044609735352707	-0.0314514024924654	0.0115252808491759	-0.0107857710238468	-0.0910714518248738	-0.045984990548665	0.0075538317325982	-0.0425569541942787	0.0206664664042248	-0.0063958549680081	-0.0128457117777034	-0.0049976676025898	0.0130074254253443	0.0266799242825244	-0.0989785912653237	0.0597681774667482	0.0162807615010576	0.0283335269656904	0.0169781893601369	0.0698041145779311	0.0672108668894678	-0.0230691154618852	0.0436683460052996	0.0052819360179949	-0.0414471401800638	-0.0477600840744136	0.0048381286403517	-0.0357772260838284	0.0057198438913343	-0.0059315974042305	0.0047628491775278	-0.0005738987431362	0.0048115315496163	-0.0046844776588007	-0.0194216078426505	-0.0061187073496509	-0.0036805853192554	0.0096619151898064	0.0168819059408147	0.0217518530895794
HG02582	HG02582	0.0681883484620312	0.0059029900642923	-0.0099143209074917	-0.0415428636407845	-0.0293548535593705	-0.0609185424220325	0.0524265273887235	-0.0314644814830884	-0.0677617038395706	-0.0109204095772582	-0.0943666918012587	-0.0205203081187257	-0.0645407361442661	-0.0138873807947671	-0.0408706701207917	0.0412062043620335	-0.0211681843962926	-0.0404598352569693	0.0159526619434249	-0.0045603878378001	-0.0333306423035226	-0.0067825982060167	0.0379627017952534	-0.0069202476490045	-0.0460401361473115	-0.0501638677238696	0.0004155954259906	-0.0499964716661616	-0.0017434631854041	0.0065649431767175	0.0034631899730945	0.0018748654119755	-0.0003388836429546	0.0017570735128022	-0.0077575565976561	0.0054715349493506	-0.0160159951583962	0.0046376683088506	0.014945421299002	0.0081520327509045
HG02583	HG02583	0.0335511926617303	-0.029041350651492	0.0078318945778214	-0.0143211632551301	-0.0452152048526564	-0.0687388375919697	-0.0025138730133526	-0.0494016699627453	-0.0294539779687555	-0.022359618649889	-0.0406374079308182	-0.0031132834941027	-0.127841492181598	-0.125845571044488	-0.0392793131352706	0.010959496613943	0.0142758971177974	0.0025162877605501	-0.0840181564972039	0.0482514638121073	0.0629849585513021	-0.0325475232806433	0.0232482905760805	0.0237577918771384	-0.0454107310464105	-0.0511672921295923	0.0069547068048817	-0.0403415968109286	0.0069828593258125	0.005970176694401	0.0062127185229652	0.0029144581390893	-0.0104403007919507	-0.0035113211850608	0.0074234323436618	0.005686202913443	-0.0099167946791646	-0.0206990139379288	-0.0248134101921792	-0.0171016369541022
HG02585	HG02585	0.0453881694365588	0.002785302374543	-0.0030613238460917	0.0239152088623275	-0.0761219984843499	-0.105034735230336	-0.0005937138091539	0.0024165912123623	-0.0074771564327649	0.107852545127687	-0.005295611839843	-0.047968340767599	-0.0352409054548931	0.0243221022619302	-0.0211682870451001	0.063060787798119	0.0237504767950508	0.0367230949941086	-0.0212182996946535	0.0561821358655983	0.0376263338439584	0.0682069349080394	0.0145713578150919	-0.0519591271552594	-0.0496878451113036	-0.0571939086006797	0.0038389833453818	-0.0569175101494813	0.002637389143418	-0.0049181242417982	0.0070089948115207	-0.0009409568856092	0.0038148654450129	0.0035615129938015	0.0057050644529141	-0.007652710926309	-0.002991874163051	-0.0108061335972376	-0.0237045840764034	0.0068069577640538
HG02586	HG02586	0.0392971412843115	-0.041422382590236	0.0208781875217943	0.0084078242211769	-0.0804519453754317	-0.0046888559979624	-0.0125763268698052	0.0055339630011025	-0.0334849259928959	0.0366937121491855	-0.0138796192752877	-0.007673946973428	0.006713088248713	0.0009271612417947	-0.0217902338887267	0.0551765783478837	0.02483644973394	0.0793838074050893	-0.0078150294267888	0.0276877007309494	0.0482215573278936	0.0032885413923439	0.0472601652106627	-0.0066095706124063	-0.0466927156952766	-0.0539623100505563	0.0044132388883138	-0.0550217571366458	-0.0251259231948577	-0.0008226617072297	-0.0051762001320846	0.005088061721312	-0.012892759104143	-0.0058913698238534	-0.0071196989553856	0.0125486192714378	-0.0138666623826853	-0.014202305473791	0.0036648945134689	-0.0158514394049728
HG02588	HG02588	0.0439022259036554	-0.0578501245042655	-0.0035498418291845	-0.0072231107836835	0.0145494615443434	-0.0223535433976922	0.0038574064488296	-0.0251318370468171	0.025488459405183	0.0027783877579854	-0.0231355997575826	0.0636943158667467	-0.0149924270596813	0.0026305243544828	-0.0542208076214859	-0.0251705376897938	-0.0545386049092909	0.0042252542215279	-0.0176001141684275	0.0812421494357201	0.0146035318887163	-0.0402099163024168	0.0060847771434928	0.0321726558075008	-0.0434613933609121	-0.0467525003410244	0.0050842281173402	-0.0420725710639547	0.0020723810682099	-0.0018444919074453	0.0103466616552186	0.0015695470993997	0.0057049981042095	-0.007161269316412	-0.0020474201178084	-0.0008337414701276	0.0047231209290974	-0.0023307856559402	-0.0071505627811194	-0.0113899514444104
HG02589	HG02589	0.0611791245133456	-0.0425933835170639	0.013393320314892	-0.0134145671064289	-0.0519248293946709	0.0230899078458889	0.0299666958605139	-0.036813827789996	-0.0196792643692529	0.0366680583476142	-0.0990242269306772	-0.0267457727192665	-0.0222894077879663	-0.0134720649383852	-0.0387843988381201	0.0432796123839416	-0.0433324904448558	0.0336779402475083	-0.0176594201011894	0.0300144526445904	-0.0485479550253676	-0.0084150296431002	0.0595954589338752	-0.0474824305964906	-0.0419024336423713	-0.0469778224529083	0.0037968609418302	-0.042914306284277	0.0061430327898165	0.0029319932505953	-0.0034256037430798	0.0052426758977421	-0.0100275690216295	-0.0077873338007537	0.0080871138699951	-0.000901778239402	-0.0071882513341041	-0.0117366366508887	0.0071113928011345	-0.0029295726244429
HG02594	HG02594	0.0723023618073903	0.0220710896213453	-0.0089172199223359	-0.0258607178028885	0.003161117194411	0.0377842750783792	0.0243544086190515	0.0118695065102025	0.0169785198818358	0.071960458265526	-0.066539100045349	-0.0597299384216009	-0.0068800707679811	-0.0025334798026107	-0.0147777530241076	0.0414198769650605	-0.084103571585881	0.0124497299254622	-0.0167618160453989	0.0740618063865821	0.0285470596506407	-0.0667181501822847	0.0145091031134517	-0.0552389769197857	-0.0428130848574745	-0.0509505418840909	0.0077656251950583	-0.0537160417667708	0.005291009563953	-0.0027663715751571	0.0044029898663566	0.0097237820420025	0.0012082783649468	-0.0044609827064942	-0.0018657143217044	0.001962146648948	-0.0022898828286947	-0.0237610451499985	0.0014964182938421	-0.024447692013087
HG02595	HG02595	0.0296600944900448	-0.0281199430838758	0.0315952255233682	0.0431696047329464	-0.0404374486364469	0.0175476190242195	-0.0598024590859961	0.0270596113009574	-0.0430485427859568	0.101675340494563	0.0197106968809117	-0.032626713193676	-0.008399095630998	-0.0065985005480028	0.0485128611410221	-0.0002609146413179	-0.0182771763069718	0.0594110362847417	-0.0159386312927129	-0.0053978584628844	-0.0466725740028455	0.101250846709073	0.0806359053872274	-0.0374116108314028	-0.0471385493672002	-0.0520700170901966	0.0044244688861455	-0.04743448369977	0.0030868901188853	-0.0012786601513095	0.0027397807971252	-0.0003822990817474	0.010659028211706	0.0197465600182333	-0.0064544577890967	0.007277289726949	-4.76140443292205e-05	-0.001608274701367	-0.0024797939962934	-0.015710168676667
HG02610	HG02610	-0.0411511276840296	0.0166593028360889	0.0782908274810554	-0.0250457770310215	-0.0117523239138438	0.0169710995470184	-0.0313547787529153	0.0373036949740965	-0.0464969599397361	0.0261804671770808	0.0704939269102031	-0.0163474441454409	0.04731439179159	0.0423557784300691	0.147260040369545	-0.0211458506400938	-0.0643207143075358	-0.0277829639597793	0.0815730519415142	0.0239582851828599	-0.0740196170342374	0.0285373634887943	0.0138255433817576	-0.02837815394404	-0.0484223974859655	-0.0562687945617862	0.003009286241097	-0.0667691496087667	0.0052592351726998	-0.0070411764698479	0.0026738195807278	0.0032199184773807	0.0254405961437379	0.0187775533929614	-0.0050855862615177	0.0006943397695045	0.0074097600759263	-0.0591853259250193	-0.188553810081102	0.113261061814707
HG02611	HG02611	-0.0285664077296632	0.0776927198257772	0.042109369046971	0.0405596796294731	0.0075678962171617	0.030653905887653	0.0044914076179749	0.0414178122949701	0.008082879424891	0.0124383404829144	0.00498621353989	-0.0530659252734658	-0.0117334417797928	0.049264926288081	0.0472784033614872	0.040750739094571	-0.0708863396895808	-0.0062833461640123	-0.0223410767625219	-0.0189349294664224	-0.0429112725510308	-0.038196517085582	0.0077343497802861	-0.0642337037511521	-0.0518776509882515	-0.0664045586395927	0.0046579827848462	-0.0800916554904771	0.0066282638457062	0.0027949665836357	0.0079883454127862	-0.0030764651589334	0.0233957811513308	0.0115633649783747	-0.0110406322618839	-0.0051734708269318	0.0036494144776362	-0.0359678770360957	-0.051676039252055	0.0218061979386584
HG02613	HG02613	-0.0682534733173935	-0.0401727500165382	-0.0291203032062345	0.0130570575304362	-0.0666757035594047	0.0213807928800169	0.0223587506685916	0.0346951242808538	0.05078755613508	-0.0252272364851551	0.0457045158651973	-0.0263551427167114	0.0178524295619615	-0.0243682506859952	0.0040343701144658	0.0112083523124492	-0.0036192339514998	-0.0570867609961635	0.0350365869334632	0.0735897362387798	0.0335963889693033	0.0676625367579405	0.0878605424379455	0.0705783981451418	-0.0436152300828668	-0.0520221802649515	-0.0003644080554328	-0.0370106130363705	0.003123283179815	0.009386820425912	-0.0023381002954239	-0.0060073160319776	0.0080549360505449	-0.0264661483108024	-0.0161136452091376	-0.0149806613707005	0.0235257056861122	-0.0020497288344909	0.0365107685887375	0.0036227350983522
HG02614	HG02614	-0.0421442891109165	0.0306078774107738	0.0668681142898104	0.0271581792351906	-0.0433153641438418	-0.0135946541548045	-0.0437841057594388	0.0581929080783941	-0.0229465152975014	0.122253974035574	0.0250622435767917	-0.0091376651267969	-0.0558466926047971	0.0190089303011225	0.0455844011288357	0.0082602732357483	0.0196167772423485	-0.0272101530393732	-0.0278974660441538	0.001486959566862	0.0119355328793926	0.0256031559505561	0.0531727101259777	0.0194626771421119	-0.0432564037110712	-0.0565289184664941	0.0040048638847259	-0.0383838057256199	-0.001018547235448	0.0019587927332854	-0.005749567785056	-0.0007433095318115	-0.0105482838455775	-0.0066498757958066	0.0037916697141222	0.0270570615561281	-0.0058001173894966	0.0099426477861436	0.0595413938702309	-0.0375976308808869
HG02620	HG02620	-0.0711773177445791	-0.0055760522989731	0.08554449249447	-0.0416851334918833	0.0067458953435444	0.0369072540458735	0.007641654749649	-0.0310480566921397	-0.0298489099855448	0.0470691752285711	-0.0224255239921327	0.0542684624348137	-0.0209482292255346	0.0047335555424845	0.0186642276873358	-0.0318933686440237	-0.0359735128811228	-0.0170529599928051	0.0032629726201803	0.0290413469401518	-0.0116579694198767	0.0130654280817887	0.0042943007724433	0.0021196874522795	-0.0442577586180025	-0.0406688263481494	0.0044589328272825	-0.0164981912222486	0.0004199344106148	0.0047701119354821	0.0075871227034373	-0.0004023066204585	-0.0117234488165076	-0.0115327898972922	-0.0092908753426141	0.0060137940927562	-0.0039220355524167	0.010040659503226	0.0257876857692504	-0.0225240835341683
HG02621	HG02621	-0.05282394556021	-0.0279567850530864	0.0912957956685202	-0.0357792393058873	-0.112051060886372	0.031561944525121	-0.0169807111097774	-0.0267601626750371	-0.0064779150656141	0.0548272890023746	0.0232817401971846	0.0352247174400966	0.0023851513631063	-0.0185211075875226	0.0181168773235869	0.0016354708398539	-0.0026483335776538	-0.0044174129386037	-0.0302161258505827	-0.0024951715352007	0.0213565647053434	0.0688692943179319	0.0913069276770364	-0.0213012366161633	-0.0451727468911042	-0.0460840635854395	-2.85236803558377e-05	-0.0204206426002837	-0.0009791595134401	-0.003364457406466	-0.0015866189593618	0.0090043542516621	-0.0072033588759719	0.0204379902294455	0.0366571773306371	0.0065518900906299	0.014714099134567	-0.005445745576166	0.0106772717669073	-0.0190158951136101
HG02623	HG02623	-0.0403254669527193	0.0753939833217237	0.0471735608495372	-0.0016199317840454	-0.0206642478248576	-0.0509436274704627	-0.0174072099373897	0.0008735658698004	-0.0219510563187163	0.0671219529933254	0.0170522580117965	-0.0424686805233874	-0.0454815011341833	-0.016591551519896	0.014869713502737	-0.0156981489256604	-0.0543728539687573	0.0092825419794836	-0.0121497263265666	0.0601438421867672	0.0265513537680653	0.0317382215496586	-0.0227442975227142	-0.0424111199643721	-0.050173990312274	-0.0646939159402677	0.00238695254588	-0.0747349505452592	-0.003268803520242	-0.0035365186208017	0.0062542090502202	-0.0072072587952412	-0.0058592012004809	0.0162870152858523	-0.0096043090838711	0.0036118170286477	-0.0067747800474751	-0.0014619686101657	-0.0385817936012694	0.0103422499585015
HG02624	HG02624	-0.0248441319209006	0.0810062861201318	0.040808526937852	0.0098063692042742	-0.0381747841367368	-0.0108752117447134	0.0544705195362818	-0.0026841116607393	0.0317922874728718	-0.0110518949952222	-0.0230122814084887	-0.094056144008043	-0.0401083225576619	0.0015011078319654	0.0042327286893526	0.0773773285462345	-0.0013809272501003	-0.0588257495234686	-0.0756908896819857	-0.0130234940268002	-0.0179715251563942	0.0333782351581402	0.0321508603083129	-0.0326264438052188	-0.0520374263628724	-0.0577496836893269	0.0049939766280348	-0.0646473326762182	0.0070395880957567	-0.0009385937718581	0.0038722332673675	-0.0018568392342095	0.0208124800091848	0.0108574021805911	-0.0115371421784659	-0.0139256575231247	-0.0009527856171036	-0.0492207613218742	-0.179069524977709	0.120790043903243
HG02628	HG02628	-0.0505015576791508	0.0571101674851588	-0.0033336026446637	0.0065603080041854	0.0695261567119454	-0.0133871812742739	0.0990400691553178	0.0269155452416565	0.0470397204313867	-0.0371063727055844	-0.0397902290152061	0.0137098718804138	-0.0102307046840374	0.002973599781175	-0.0502796963985344	0.0116963191452652	-0.079173047157014	-0.087491516389362	-0.0188343322557408	0.0300824619997588	0.0089059635105747	-0.0296740305441194	0.0026171124317813	0.0427978314407618	-0.0482030507150646	-0.049239369778278	0.0033377008026157	-0.0247033086425225	5.23007507669695e-05	0.0033602807150883	0.0038449203701329	-0.005342224526664	-0.0043731962261685	-0.0228998907083078	-0.0001939764286408	-0.0102525381346812	0.0088837501700304	0.0038292369395702	0.0102914196176153	-0.0120998695967602
HG02629	HG02629	-0.0454542122547479	0.0425418637442146	0.0045568413168073	0.0318612230518188	0.0013283006467735	-0.0092057495647544	0.0765525376375536	0.0221555799332304	0.0388156622484445	-0.0048153612373013	-0.0079661040619311	-0.0214219817329874	0.0134935287452836	-0.0177329479142489	-0.0161509905870253	0.0287189991622467	-0.0501657611165763	-0.0420895476773095	-0.0746449838876425	-0.0185909560871288	0.0235588984444833	0.0293018666072687	0.0243631180242907	0.0304668259395705	-0.0498788356896565	-0.0492167073971266	0.0023226976665002	-0.0275834109205673	0.0022592648125454	-0.0051750205951826	0.0027487358800597	0.0018943277078861	0.0036457795438669	-0.0068708752061024	0.0028077387710801	0.0021882849843091	0.0422574222926779	0.0042108470962862	0.0346594294614047	-0.027668655186003
HG02634	HG02634	-0.0286168450626664	0.0167241890886551	0.0765798895977698	0.0360037731852648	0.022229247030867	-0.0237480939357423	0.0456132306379156	0.0034875065086943	0.081363755993644	-0.0249750657086474	0.0009820520718851	-0.0259773538904997	0.0407033258023428	0.0384561690509032	-0.0358184086360651	-0.0125107295925803	-0.0617153923950803	-0.0614338775574346	-0.0025955849959752	0.0377932536183218	0.0011584435657691	-0.0071181243635721	0.0132055571443856	-0.009449716529642	-0.0402635397732488	-0.0347817622310796	-0.0007307463717893	-0.0223972137690238	-0.0013615070601655	0.0001599631868211	-0.0062563133774701	-0.0068750285514476	0.0044408538149691	0.0068475178332965	0.0062712044749744	0.0089730378174284	0.0101506294479398	-0.0027499029103761	0.0287017464786252	-0.0386003974695189
HG02635	HG02635	-0.0715919839778984	0.0275683288768784	0.0292286967593227	-0.0332954478154363	-0.0742066136950256	-0.0160786098290251	-0.0040016669417415	0.0071459015156227	-0.0321372690097085	0.0039969021876986	0.0054681411668019	0.0362987394141056	-0.0064054732578678	0.0343852063281173	0.0112208357263458	0.0191741139693877	0.0200362070920022	0.0418810777913328	0.0049415565153408	0.0227892967349225	-0.0175704692222839	0.0277534004477905	-0.013380849076757	0.0117947568371256	-0.0338742144081294	-0.0283596004974956	0.0052714557453903	-0.0099032005347069	0.0004748355993196	-0.0018063243578511	-0.0064462450921395	-0.0146704130969851	-0.0051410445072385	-0.0191582664783375	0.0121961990773615	0.0071997770427604	-0.000640683553148	0.0216984500803628	-0.0043457823245651	-0.0357855384825665
HG02642	HG02642	-0.0170821734137011	0.0764384930816415	-0.0042109082927954	0.0741676894613624	0.0516066570878528	0.0933637413631413	0.0549096911545804	0.0140584260676405	0.0534542892351192	-0.0236803536696378	-0.0532333184839852	-0.0496229044319589	0.0366545174072783	-0.0183536278098207	0.0230310140431734	0.0579443234295754	-0.0901188108047146	0.0070409372168555	-0.0153847549783412	0.0666513343252853	-0.0615726768374566	-0.011954453914163	-0.0094035832975375	0.0038142764818625	-0.044578963809283	-0.057413741639783	0.006889712957796	-0.0633625938356051	0.0055974237902341	0.0012983846064519	0.0126668106475417	0.0022181713977132	0.0078392773404031	0.0156950748988243	0.0168253637861867	-0.0095454335220758	0.0108823628935192	-0.0492623897752738	-0.137373180547676	0.0817180549433581
HG02643	HG02643	-0.0711809395535738	0.0888468870225773	-0.0213068821830348	-0.0488849497812641	0.038284159605122	0.0491636729633994	0.0421806736991521	0.0275504539463505	-0.0500906951090803	0.0444992671877139	-0.0512493809137964	-0.0002606588110156	0.103079814577868	0.03095276837586	0.0602138168299114	-0.0346741488851868	-0.0390797216532721	0.0253599024080055	0.0050211294719629	-0.0370109922434769	0.0012930010868235	0.0587323730090463	-0.0675198446230033	-0.0086836156741387	-0.0408283692526265	-0.0416170131069978	0.0009200532231715	-0.0518760643116315	0.0013734497218068	0.000541178483309	0.0045143151774274	-0.0048082865882021	0.0054313688798814	0.0047516257465637	-0.0116199644136733	0.0050472345950019	0.0005732753936593	-0.0198757345514781	-0.0719006056249369	0.0244530597469061
HG02645	HG02645	-0.0483569006681395	0.0076508092394145	0.0609409585467646	-0.0320831731369485	-0.0767822148848718	0.0353990876459608	-0.0253037226592609	0.0417592463346249	-0.038509164888284	0.0248806413080143	0.0780105123663093	0.0008912924618061	0.0188729723720762	0.0557965743851789	0.0761119273754949	-0.0081629665683198	-0.0188611015612204	0.0016616072761883	0.036144932505973	0.0779766611831961	0.0094452669545422	0.0912664443828269	0.0211023203084594	-0.009619049704938	-0.0504124312337979	-0.0692379445833443	0.0019670447872662	-0.069627853038033	0.0017998470616749	0.0027444746127207	-0.0009666232796031	0.0033379752819451	0.0060623383741555	0.0102090664746739	-0.0028211936798482	0.0058987289895621	0.0046915650616721	-0.0161793707587404	-0.0720140830676126	0.0323999782377818
HG02646	HG02646	-0.0486381456796097	-0.0235018334590405	0.0696295985112242	0.0392065838921649	0.0298163765362181	0.002908370391164	0.032921117945489	-0.0462955179658068	0.0418767340032127	-0.0380803782850976	0.027343885416331	-0.0507997408256264	-0.0604840870361046	-0.0401851970532194	-0.04334365056061	0.0116242445745893	-0.0480231056195843	-0.0330322584702188	-0.0589032437648056	0.0524217973535901	-0.0252063952470575	-0.0087762697637414	0.0269859215902498	-0.0022155288816667	-0.0495689004005337	-0.0623907699544159	0.0040329049447461	-0.0575102262863454	0.0016623919630458	-0.0005838157276532	0.0022533635345738	-0.0081523346808497	0.0034716971940364	0.0129401549195307	0.0015155269839795	0.0029683286501625	0.0039612954172928	-0.0012104580459355	-0.0467734183773231	-0.0115560870754224
HG02666	HG02666	-0.0870411047800566	-0.0389651116094116	0.0442520187589849	-0.0503053630106928	-0.0317328137470988	0.0551438814950678	-0.0194846750967838	-0.0342041513250532	-0.0383913169917751	0.0496543238649011	0.0147483249436438	0.0119927029204518	0.0516113496763056	-0.0255157944459143	0.0861142115363922	-0.0389328580871446	-0.0669211512742306	0.0273713657559782	0.0581110897915871	0.0313699423962702	-0.0309794628158752	0.094649411234948	0.002626496513111	-0.022668268407181	-0.0520031977704975	-0.0581002944537532	0.0088668128118556	-0.060649239343985	0.002083358035556	-0.0001439446885426	0.0020981644233455	-0.0045290584059979	0.0080265533710564	0.0019432118173243	-0.0011661291260002	-0.0003589236294154	-0.0060061772024889	-0.0309838027018392	-0.111941289118032	0.057382112169769
HG02667	HG02667	-0.0727667149036144	-0.0027799655857675	0.0451917084061404	-0.0322020766346127	-0.0196498598910549	0.0566821752727796	-0.0108373084906114	0.0082080738559586	-0.031227945918768	0.0778136162462366	-0.0066512342695348	-0.0025470881974599	0.0361543652809854	0.0209817380131116	0.0579731546034984	0.0207581840168289	-0.0068258762910777	0.0387590649068448	0.0090808071144783	0.003810075964321	-0.0305793533989935	0.0979059757292778	0.0007794256836466	0.0061503176591152	-0.0479204100177526	-0.0583775873330548	0.005228619872982	-0.0614678497522228	-0.0002121424031511	-0.0039372509539547	0.0021046390798574	-0.0041200862180869	0.0063651020748841	0.0169889358357464	-0.005440994324449	-0.0132805585194913	0.0121370767958913	0.0097565551045545	-0.003392877446052	-0.0026195314977695
HG02675	HG02675	-0.0466056760959024	0.0625668597389908	0.0161252877263568	-0.0225926202893157	-0.0696328200732411	-0.0556174812432297	-0.0033054482368238	0.00808460368347	-0.0554366368662947	0.0186892385690053	0.0353756800420817	-0.0286866089823054	-0.0249700095919626	0.0350181764354766	-0.0040124046042213	0.0525076339405516	0.0273182806728312	0.0304603064942752	0.0096041942910226	0.032032399675861	-0.0031813933580765	0.0801130007132464	-0.0100690587216643	0.0030365716019301	-0.0464345487167043	-0.0448300288660095	0.0075606353894987	-0.046643432212842	0.0011076929269551	0.0078626984281072	-0.0070391920441059	0.004131151458818	0.0068129620056615	-0.0015982515850582	0.0075673921031631	-0.0028105622477044	0.0098843039275382	-0.0028861432479707	0.0076037141767859	-0.0036211387882425
HG02676	HG02676	-0.0240083000817463	-0.0012330469268125	0.0550113803925357	-0.0051791465246379	-0.0837421526988845	0.0414042110389897	0.0693113347366887	-0.0045116069220667	-0.0128951968930399	-0.0726473246956862	-0.0288377984318919	0.0393189953179431	0.0597647223882121	-0.0210840016685566	-0.0649314343906998	0.0401561650773149	0.0700566581741951	0.0100470685027394	-0.0037248864400798	0.0406388097320666	0.0818441130066854	0.0036060596237875	0.0438148689783583	0.0775685903086247	-0.0423161120918562	-0.0464554241865969	0.0009762919705123	-0.0363054928089445	-0.0047781062018767	-0.0069109895679045	-0.0008549913171449	0.0115403166620332	-0.0029187891816085	-0.0334606110815845	-0.0045941038487267	-0.0087349039669835	0.0054050594863569	0.0327742542000737	-0.0074675550640665	-0.0047560436624601
HG02678	HG02678	-0.0525944289292592	-0.0165323282670647	0.0274288255165013	0.0091102612893852	0.0376434645317884	0.0428620155938158	0.0550928666755135	-0.0492430013103374	0.0090039697500487	-0.0086277697495543	-0.0420817546918161	0.0784991408116517	0.0754826074630053	0.0329238515209885	-0.0366960738887103	-0.0153419409254015	-0.0104619808762767	0.0953754121217412	-0.0112619042997477	0.0283885355970594	0.0379672711230404	-0.0154650007598548	-0.0356262176318934	0.0182111870655183	-0.0429570528971584	-0.0518710345017458	0.0039083487148187	-0.051376869559628	0.0047708849955411	0.0037095208428908	-0.0048208088706035	0.0047101367338999	-0.007787108535462	0.0031317528418889	-0.0088726113351576	-0.0210226552957812	-0.0118645207111419	0.0045016069957791	0.0056102794472755	-0.0084671288379339
HG02679	HG02679	-0.0284565676343564	0.022308527357336	0.0451660051262954	0.0337413029081298	0.0269069836844492	-0.0581152619230582	0.0179105830661922	-0.0296578261771075	-0.019161402721089	-0.0127635139157126	-0.0060448829338753	-0.0081413752117487	-0.0137864000224375	-0.0335994038576482	-0.0537175030071196	-0.028651570921268	0.0337098712776075	0.000642343300665	-0.0540061887221376	-0.006036731544963	0.0343777240539882	-0.0227081678407868	-0.0465668960453734	0.0115153994555918	-0.0444153787535832	-0.0455815896314194	0.0037734106882951	-0.0407303237756268	-0.0026342920529876	0.0039404826570134	0.0001545021165233	-0.0089009965216071	-0.0011349472030531	-0.0093481452589669	-0.0115715219339423	-0.0056770496801718	-0.0034271985847049	0.0113373700036024	0.0040893956164872	0.0102729645843486
HG02702	HG02702	-0.0166301768822682	0.0643144609669064	0.0190423712862176	0.0219704850212564	-0.0481922846768326	-0.002759659500319	0.0636502014537162	-0.0032384067032446	-0.01877325653894	0.0020688620222967	-0.0924640936611539	-0.0199993280317039	0.0317402376812678	-0.0038075351064756	-0.0265676136591459	0.0534511045542818	0.0255493604138666	0.0145031181257803	-0.0008019924386263	0.0431940862082602	0.0561574475853004	-0.0082100476346585	-0.0313444625258276	-0.0001031811778388	-0.0447429971459645	-0.0483930777950939	0.0032116568917095	-0.0514429143160448	0.0032308134544324	0.0014262810311778	0.0006792452722177	0.0170432033438323	0.0021910596559605	0.0040623087014556	0.0118375137173433	0.0056940909937782	0.0059666304497501	0.010771003589186	0.0337250355341943	-0.017240059034463
HG02703	HG02703	-0.0868232600462698	-0.021179487955982	-0.0133512891192954	-0.0472414741064106	-0.0520978475475621	-0.0632690057147093	-0.0128659090679518	-0.0078790624429109	0.0088310808787734	0.0802855308227655	0.0065430727948123	0.0272726510826258	0.0273338123436704	-0.0033675698916786	-0.0535751277951698	-0.0473394324472659	0.0427221357208434	0.0755792319042355	-0.0300040517719862	0.0028175907945617	0.0697631922885211	0.0788706541548565	-0.055662330574045	0.0125223946378373	-0.0481428337085658	-0.057308880921579	0.0068836528226398	-0.0562278951392097	0.0010825171229067	-0.0089902505237102	0.0063801794317918	-0.0171019154250229	-8.39926587670648e-05	0.0244243410259737	-0.0084366504475132	-0.0124396345614299	-0.0065044498264242	-0.0145971125299927	-0.0306008775436704	-0.0009496498411494
HG02715	HG02715	-0.0321055053506922	0.0163683912576778	0.0509769419824595	0.0479182573913116	-0.0075551558564519	-0.0722093700474159	0.0477101291293824	-0.027732171790372	0.0164498763801556	0.042806619852159	-0.0133567131456264	0.0028478271214754	0.0255763754822505	0.0070461490688621	-0.0714104415402796	0.0505281208704354	0.0516939920745404	0.0118774605988071	-0.0285675722268589	0.0583640905365722	0.0460235150738652	-0.0165098288345654	-0.0251867034907447	0.0213258428115544	-0.0453777590844131	-0.0479679523527126	0.0019797964013227	-0.032163468587519	-0.0029399686981828	0.0033139995982939	0.0010263591993891	0.0044621033156797	-0.0052864133449012	-0.0227095785106232	0.0124215721873693	-0.0043352989985744	-0.0116340150036886	0.0102524701623851	-0.0022251819932951	0.0105781732510622
HG02716	HG02716	-0.02905140052524	0.0099656257233233	0.0582711876167904	0.0377823768331719	-0.0024255481147915	-0.0496555311535962	0.004472919625977	-0.0134594434934198	-0.0036721890584402	0.021930837188788	0.0045002479952048	0.0019386518341483	0.0170720011719848	-0.0158620008272984	-0.0484885156532471	-0.02937673565226	0.035040256637878	0.0099103639896766	-0.0567486674257997	0.00054432319447	0.0563691918232829	0.0149667406891715	-0.0168307291474106	-0.0068761631798781	-0.0458462713797678	-0.0465723841672276	0.0053081021821154	-0.0338517841192494	0.0009921444314463	-0.0034155511412974	0.0024639969870951	-0.003941956396827	-0.0041998147399764	-0.0060449718113784	-0.0034763070970561	-0.0045046339226238	-0.0061592623038279	0.0034790810185634	0.036802687525862	-0.024196430966116
HG02721	HG02721	-0.0343999023689159	-0.0184578150889032	0.0604287413445271	0.0406791185739318	-0.0352416915991568	-0.0254543439717819	0.0234137588756214	-0.0470634564228366	0.0436283495959626	0.0236537273130429	-0.0145884232240346	-0.0026323671464821	0.011017779393892	-0.0292048549690923	-0.0484149312439553	0.022695932198527	0.0139981764259373	0.0413593580290384	-0.0275908689339178	0.107328182060754	0.0464847825780069	-0.0029828614154343	-0.0171293959166254	-0.0136593534748609	-0.046630604564163	-0.0521948243321705	-0.0005444924505685	-0.029056610193973	-0.0026741912934147	-0.003643111472737	0.0012524229390154	0.0087158178566962	0.0011221238590226	-0.0181295904939674	-0.0101181700357425	0.0122061768960731	0.0010149656205143	0.0143232578052458	0.0184751553204891	0.0031996139102801
HG02722	HG02722	-0.0325611913153922	0.0067029974788517	0.0282811624539083	0.0186103657717724	-0.0216425119689041	0.0351936441561709	0.0573267070702596	-0.0204718039391437	-0.0435150992928853	-0.0135273157871505	-0.0580993245361874	0.0168610437288403	0.0422545657862022	-0.0120170115720953	-0.0241528116603698	0.0280325445649076	0.0371281860433022	0.0690163379520145	-0.0178534872423631	-0.0117060196658948	0.0125554892987148	-0.0322751638771054	-0.0065092347436119	0.0197285684240818	-0.041939379835936	-0.0358633087074891	-0.0002482909024069	-0.0143269367243199	0.0098803608380854	0.0048777808070319	-0.0114365353447156	0.0032967147612062	-0.0067237791479788	0.0068281624333136	0.0170748237030308	0.0242530932127862	-0.0123920387443936	0.0051432000211032	0.0236663391348668	0.0465894343305362
HG02757	HG02757	-0.0250524702062941	0.0307172958356719	0.0293756303112318	0.0056253478148707	0.0199700631330779	0.0321455855894939	0.0690088190005054	0.0128730878712925	-0.0596053503779012	-0.0413915053427731	-0.0630644843717387	0.0328545343421247	0.0388033544498426	-0.0007415401745984	-0.0022017247466831	0.0111544706103085	0.0443810022839247	0.0647630150996023	-0.0383878432193061	-0.004750010339251	0.0186855065944262	-0.0051202087343247	0.0097049041697672	0.0412931176781508	-0.0430896306839098	-0.0424332091040876	0.0043210451225828	-0.040104143297395	0.0014250052741761	-0.0037923135737258	-0.0029949920525466	-0.0054261232768338	-0.0001638871504796	-0.0012296623270704	-0.0098218182439726	-0.0017359572023973	-0.0008139353550601	-0.0013043228486797	-0.0001202969872137	-0.0011350471153378
HG02759	HG02759	-0.042969698308811	-0.0071565134478924	0.0342840798125928	-0.0129394465276088	0.0526564252517785	0.038205608063338	0.0530064066985157	-0.0409866887539819	0.0051722836275097	-0.0228619787078487	-0.0771793674464095	0.0508097679151422	-0.0035549936555704	-0.0001911271856046	-0.0415002558834906	-0.0442005139843509	0.0103846757395079	0.0263320747040215	-0.0168965743633859	0.0249364659114946	-0.0350092036646183	-0.0377972629841461	0.0070518630123942	0.0280263627807711	-0.0442878526054414	-0.0390526733036754	0.0085867928614471	-0.0330594552130569	0.0028414718798897	0.0015608512418769	-0.0033421630492832	-0.0054716077091709	-0.0039842900884841	-0.0011595578938349	-0.0105050438571123	0.0064656232830739	0.0007286690708951	0.0017553760427552	0.0455309329823839	-0.0269652304970077
HG02760	HG02760	-0.0352019970252116	-0.0063310923645941	0.0803895032560194	-0.0096058472266027	-0.020378178767198	-0.0033541060886156	0.0698803243853036	-0.0773415754430676	-0.0048035287172019	-0.0179527454827095	-0.0705122252493126	-0.0152185953315099	-0.0472399255072031	-0.0401693383376497	-0.0730393151144343	0.0473888964843055	0.0625110127302778	0.0536150095283805	-0.0745816198270354	0.0418158175395567	-0.0134656926636479	-0.0648898477047995	0.0107187566322669	-0.0096479204437838	-0.0426191302924083	-0.0393558670621806	0.0017550525597247	-0.0388652650943128	0.0021260211538167	-0.0062515766896596	-0.0001635415520805	-0.0064719794355146	0.0012660160559409	-0.0034648380855932	-0.0128250187560551	0.0039732654174733	-0.0066766937958003	0.0110950074221152	0.0211233000105716	-0.0340394713539313
HG02763	HG02763	-0.0541612202777732	-0.0354547779005887	0.0568310576280104	0.0124994348805389	0.0339904857059783	0.0675644690025417	0.030324133739519	-0.0394277634945635	0.0095299609161025	0.0091943462319244	-0.0393823322853605	0.0704573207569572	0.0298291546224512	0.0209298587314377	-0.0165299484588078	-0.0166112150046313	0.0056191769072623	0.0159833674926533	-0.026995827520644	-0.0370760620321851	-0.0054412627106777	0.0140494448525117	0.0099135288058508	0.0027452934252046	-0.0484810300272869	-0.0493759562872965	0.0050656224546214	-0.0485460690101951	-0.0037016245324396	0.0031839364806324	0.0042261011597375	0.0026333911858663	-0.0016051396581542	0.000759397731626	0.0004968095076841	0.0031080005531139	-0.0208029824494925	0.0005383370886324	0.0150375144923849	0.004946818817177
HG02768	HG02768	-0.0152132717827773	-0.0056467603706184	0.12153443361976	0.0309922213156495	-0.0416657945270459	0.0613483123204545	0.0202667074361655	-0.0003992885230277	0.0615630533492568	0.0574145392833786	-0.006342623276896	0.0006415015576252	0.11703140249135	0.0483533678456029	0.045206361134309	-0.0343524843000089	-0.0387398237941937	-0.0553662908043264	0.0090654454305483	0.0566705861008762	0.0053537229104342	0.0467899706716908	0.0634978134211962	-0.0539191714870962	-0.0426938278450357	-0.0456823501414274	0.0028876872780811	-0.0300546473892853	0.0050566794449721	0.0007727841713404	-0.0029933733808031	-0.0038391497116184	0.0041999750012786	-0.0151284545747861	0.0141565485698326	-0.0090476946891704	-0.0031637144762142	0.0063361712513165	0.0225372340235677	-0.0060554460336077
HG02769	HG02769	-0.0167671463481048	0.0343547237495738	0.0581774312882496	0.0212221888123985	-0.0762615823676625	-0.0596180274224715	0.0422070310665259	-0.0154296947578615	-0.0195708908956553	-0.0303528050986313	-0.0068124925844978	-0.0286275018090063	-0.009236751001248	-0.0522040064270975	-0.103092856045606	0.0387783481279368	0.0888017878643558	0.0223760090114821	-0.0608164954152004	0.0606235831105462	0.101277361300174	-0.0055196979130163	0.0087395250550957	0.0371310402273091	-0.0430651112346013	-0.0401910492200712	0.005071011664019	-0.0226625739421155	0.0013616323337919	-0.0063354710804216	0.0025437633531074	0.0026113476115017	-0.0077723426016069	0.0021751716100923	0.012235175654167	-0.0006080045254391	0.0087383267544718	-0.0300840258425589	0.0155427215689323	0.0189859570973807
HG02771	HG02771	-0.0203214701240472	0.0416390238754573	0.0668648477616868	0.0439874702024383	-0.020204352705913	-0.0674956175028025	-0.0070237535027718	0.0163621666395307	0.0125962547493915	0.0355780051440003	0.0019419661622565	-0.0181259174920991	0.0036649323612171	0.0114491386226813	0.0108994496654935	-0.0150171719979206	0.041119398890822	-0.0351717667338988	-0.0275678684339426	-0.0041130626559219	0.0429097753394794	0.0119514716571908	-0.0262804010938937	-0.0164143834617568	-0.0483853203960874	-0.0444703512735896	0.0004951053156101	-0.0178636043347761	-0.0008152240091395	0.0092678793506983	0.0050843755296436	0.0032256278196013	-0.0112563991615631	0.0001431530226197	-0.0039484717397909	0.0081469729903409	-0.0080763366800948	0.0010113090376423	0.0029178316234979	-0.0250189080441533
HG02772	HG02772	-0.0499200050463647	-0.0175901230571979	0.041307138142128	0.0286866433836763	-0.0388516429558308	-0.0781228664881943	0.0395394191623365	-0.0712122012187111	0.0211852349041605	0.0350182608594349	-0.0205547280885789	0.0227446247689824	-0.0241851919061292	-0.0081615466101566	-0.0819158695880042	0.0430259171101664	0.0695627355781222	0.01712856813303	-0.0559891125246861	0.0284006583447729	0.023616776404086	-0.0326924771473712	-0.0137085801891888	-0.0140064807153711	-0.0477960419046513	-0.0501573685318346	0.0057293388100162	-0.0333391060112998	0.0010812070980103	0.0070887550749643	-0.0032481108877941	0.009430772468497	-0.0027328478316571	0.0092108696696463	-0.0095971508919721	0.0064874622756782	0.0094393454920426	0.0103252429811652	0.0210537358985217	-0.0214287886796323
HG02798	HG02798	-0.0345529038668211	0.0117148451777342	0.04269943722865	0.0463417256094271	-0.0151339097609411	-0.0684631507838987	0.0108118507273153	0.0032249571635901	0.0574294543609713	0.0025244892215704	-0.0333501905251898	0.0683809816818363	0.0232729269402698	0.0514321823289442	-0.0359953030829255	0.0424990505487113	0.0413587651031499	-0.0193542733642689	0.0007046291369789	0.0368810040188862	0.0183228670765035	-0.0647819795261076	-0.0209044026951546	0.0418163457908142	-0.0459707931701143	-0.04712316052042	0.0028230390512457	-0.0349605850513731	-0.0005861598739052	0.0055860827453679	-0.0037287527321041	0.0123155702150903	-0.0045129107670697	-0.00846085291801	0.0074668360782084	-0.0029197030466136	-0.0027302819689336	0.0103583780117214	0.0200580515028973	0.0213659040057356
HG02799	HG02799	-0.0352448797987996	0.0070097028571677	0.0886522388578576	0.0420450969974137	0.0231219794410325	-0.0538182611709939	-0.0181210155996161	-0.0324272432110949	0.0044339401939663	0.0551940111459751	0.0514181490196223	-0.0380522865292361	-0.0130076130032308	0.0237610139860301	-0.0324462986019068	0.0038995178527944	0.0881879642960951	-0.0034412699585465	-0.0766691824684699	0.0378229020550752	0.0700978630619144	0.0286634523657992	-0.0185118108456631	-0.0342712382520035	-0.0443687352687748	-0.045305053274505	0.0016678760549664	-0.0241870592594614	-0.0001086801491734	0.0134362340737765	-0.006329490412775	-0.0054629243372391	-0.0104422593400632	-0.0026361078422685	0.0040508494841731	0.0022527839441013	-0.0057218430987077	0.0396164184753218	0.0227129794649282	-0.0225623514769311
HG02804	HG02804	0.0661296787369872	0.0199981375403859	-0.0175136826858869	-0.0704213177537924	-0.0135348580610978	-0.0905640126179034	-0.0240372236143756	0.0028152301566634	0.0170099301669344	-0.0319548192205733	0.0653390717902709	-0.0486425079562955	-0.12625116345755	-0.0799112213124036	0.0065703095376446	-0.0497324215310326	0.0132821816614559	-7.38599557911657e-05	0.0026992369813234	0.0422967620131045	0.0675052520811678	0.0329426467775658	-0.0075565620426248	0.0219992634084536	-0.0534286967363691	-0.0569648941369213	0.0022078128332225	-0.0335684355226353	0.0055471951590507	0.0056229046692697	0.0053197430046296	0.0193245570469422	-0.0072731782637006	-0.0190513114773554	-0.0046343283936818	-0.019877849668136	0.0073437664135264	9.59752123963703e-05	-0.0203105138036782	0.116295047452102
HG02805	HG02805	-0.0500325794362425	0.0286323539928253	0.0227947567955397	-0.0038593439535384	0.0384142300231506	-0.0461847145094124	0.05955082314733	-0.0003788881567129	0.0357362619097156	-0.0576423006543328	0.0065488945251999	0.0220120206993322	-0.0940909668697259	-0.0050489946712842	-0.0449399069599865	0.0429787928806828	0.0249681689830837	-0.0795898731827982	-0.0526589976487514	0.0012369389737322	0.0300218790230697	0.0150072637332312	-0.0153958755137874	0.0029792053085431	-0.0506422378286462	-0.0581753099447476	0.0032484997798016	-0.0265307042629647	0.0042053133819754	-0.0030050827060975	-0.0004918236728108	0.0051418142842449	-0.0067093434281012	-0.0251980665337009	-0.030426763438407	-0.0311548142192559	0.0190714602725175	0.0326121233897367	0.0298089958093626	0.15617959313478
HG02807	HG02807	0.0678276995815941	-0.0161553039013339	-0.0207823592622476	-0.05115616576112	0.0460870531478739	-0.0027219301109089	-0.0420983441177334	0.0468229791522782	0.0261154663488758	-0.0512976134103077	0.0770552700161894	0.0048084769935845	-0.0465670566449679	0.0071128529584352	0.042133868989065	-0.114962964222419	-0.0390054517060432	-0.0436055412705435	0.10677451194665	-0.0052357108200806	0.0502673313284977	-0.0188566787495875	-0.0046198377679525	0.0846887954491964	-0.039210587061027	-0.0432755055923077	-0.0035043442413462	-0.047739031821711	0.004074790420998	0.0040636460114528	0.0068756201482046	-0.0046418581252054	0.0018611003330619	-0.0008362955883347	-0.0038286221580722	-0.0042278382674323	-0.0055291766088832	-0.0059451978095162	0.0002035694329433	0.0170309390195453
HG02808	HG02808	-0.0648261053735774	-0.0257508565707094	0.0341141151816566	0.0128382847139485	0.0052249446317617	0.0195811898408704	-0.0042321957420858	-0.0096622466068087	0.0289585590085217	0.0350692763075382	0.0060489582287471	0.0171124167014403	-0.0615034776386535	0.0319942063124743	0.0145255435516782	0.0652184953556287	0.0121611385523152	-0.0579215774988205	-0.0034499202737519	-0.0511443063748513	-0.0170321011083676	-0.0084392619887749	0.0236969361801258	-0.034404547432755	-0.047021952956807	-0.0505315236275478	0.0035241649977345	-0.0432703142648692	0.002449744475808	0.0153980370665626	0.0008640423916208	-0.0097360182101462	-0.0050143261010225	0.0074504808599494	-0.0102227263238573	0.0037773231809244	-0.0037768949626067	-0.0248814767639634	0.0019890977520824	-0.0074087495822456
HG02810	HG02810	-0.0501008208090407	0.0151585623105308	0.0617328873767239	-0.0194748541313322	-0.0287524564916677	0.0373876545959666	0.0762217163375674	-0.0280352986641135	-0.0127947516827838	-0.0404115632846425	-0.0727071616432746	-0.0105724186607434	-0.101677308930619	-0.0182127127225473	-0.0107869410035326	0.0679722521417573	0.0092091133008136	-0.0645332486827892	-0.0179461192841114	0.0792103364737817	-0.0409895764609539	-0.0548200112219513	0.0498920706475531	-0.0090534539227846	-0.0339205651400419	-0.0454495049279682	0.0073999688602433	-0.0350881192988896	0.0013033871065257	0.0055540558462484	-0.0094275263012581	-0.01597818688269	-0.0333326954130146	-0.0283629043052272	0.0234653883521993	-0.0497337020071481	0.0259111927927671	0.0452761221682886	0.279447842001369	-0.261949291588816
HG02811	HG02811	-0.0395862818232124	0.0836044168382618	-0.0192792777751622	0.0241857889177016	-0.0470524930455112	0.067466564488384	0.0625901580375043	0.0378550381735084	0.030175190884889	-0.0416702984458809	-0.0621443378829953	-0.0217341404972911	-0.0461857748845211	-0.0173427145113128	0.0092721831174695	0.102922076120455	0.0179478355621884	-0.020085110126177	-0.0109336723094172	0.0493593354652189	-0.0484478606337864	-0.0231304831056594	0.0426463140171416	0.0424481592418047	-0.0477704168637109	-0.0512773285008191	0.00152994246603	-0.0321663179824359	0.0036529865576629	0.0030274514688718	0.0055536547422138	-0.0019480521140647	-0.0023524244783262	-0.0049046860847273	0.0163823718201742	0.0108611334756767	0.0030848803041712	0.0034547695413571	0.0308987185297916	0.0020297483364481
HG02813	HG02813	-0.0419933087650159	0.024082933794482	0.0705080463028378	0.0135142327346141	-0.0118812201282233	0.064032844603542	0.049714951791587	0.0250457492094893	0.009358686950957	0.0515748878364101	-0.0265577304966426	-0.0308352508557307	-0.0185164778601835	0.0183421883695772	-0.009973825759062	0.0479927747462263	-0.0315065557006405	-0.0483119722017007	0.0045852591286618	0.0446822578404835	0.0189680034680447	-0.0321361375891524	0.0566450312157927	-0.0158614051963071	-0.0532884247157752	-0.0562096606559801	0.008082160940916	-0.0634206370449491	0.0046520779147786	-0.0042910385463021	0.0039377154462803	0.0033647382010378	0.0141481399093914	0.0151960867628225	0.006268481585144	0.0084300284918938	0.0108388657611718	-0.0201919009292248	-0.004841718846082	-0.0093586773226893
HG02814	HG02814	-0.0556020057772539	-0.0168728232683479	0.0367980175921749	-0.018497929903576	-0.09961838540841	0.0382205228171322	0.0395247416691511	0.0014431205722051	0.0249541185837981	-0.0256471799229378	0.0246682722283031	-0.0066705185467088	-0.0048705348350447	0.0311932174956047	-0.0001027922274996	0.0821569214302922	0.0326951247418922	-0.0401022966350376	0.0058753328873901	0.0427191765577293	0.0047771318428028	0.0677414197788214	0.0709836078947845	-0.0150047895904595	-0.0432927367407094	-0.0374777937428543	-0.0002187671554833	-0.0315971038982365	-0.0004491412551184	-0.0052744327634896	-0.0061699364424972	-0.0049655970485772	0.0077434903083131	-0.0020006520616344	-0.0110987541027114	-0.0029756048251874	0.0105254651137354	0.0019768116282781	-0.0033947017653823	0.0003518565731369
HG02816	HG02816	-0.042961851564506	-0.0011123657758251	0.0730572619661933	0.0181167800975973	-0.0140345536667653	0.0774597431255434	-0.0099787197570182	0.0372413002868589	0.002632190925736	0.0500224834953735	0.0390124420379442	-0.0048511206628967	0.0168653186315964	0.0749375430099415	0.0637467953513615	-0.0180624145085689	-0.0629379650512291	-0.0343008899726183	0.0228070751412861	0.0036161389303046	0.0032905647615787	0.0640757079180571	0.0730244785912333	-0.0083089962504555	-0.0447323835191318	-0.0466512722256455	0.0038131785291563	-0.0412203887359968	0.0101507956839988	-0.00892439028344	0.0034213077659401	-0.00847108852207	-0.0106021656581417	-0.0039944047115875	-0.0130032743307543	-0.0083257016116117	0.0144063188332343	-0.0117647551195249	-0.0196684823467299	0.0113628174428717
HG02817	HG02817	-0.0391111267758443	-0.000123973901851	0.0464981195390476	-0.0085388117794755	-0.127895152229915	0.0390575962875249	0.053005736094993	0.0015825300093606	0.0366911114301921	0.0177281801166985	-0.03583088798605	0.0446849017012487	0.0266029064025257	0.0147368985378659	-0.0758869313462448	0.0629297284027667	-0.0034641204152728	-0.123616299198535	-0.0506721440374916	-0.0281156011291305	-0.0433687365582978	-0.0202649141123212	0.169332403609191	0.0350726250236332	-0.0408623570947164	-0.0501865715211039	0.0059641369650449	-0.0417437820534528	-0.0011319754139769	-0.0088183433589839	-0.0152325628775466	0.0188675153516654	-0.0103106165061983	0.0060047975897379	0.0038665386463129	0.006808973988721	0.0040152413385569	0.030340311246696	-0.0035296332548563	-0.0004545029087478
HG02819	HG02819	-0.0336379450089794	0.0455552025819596	0.0179436897191506	0.0313660225399582	-0.0824688469224587	-0.0389768759712137	0.0266107833966574	0.0035696971528591	0.0896251048450901	0.0264622211918155	-0.0382048417292572	-0.0128051478060395	-0.0042324595677989	0.0792681113537064	0.0025660562181651	0.0368097118313168	-0.0197370737983138	-0.0657734003870941	-0.0046283204616495	0.0547788650281021	-0.090184415948189	0.0298844417889157	0.0860805985205251	-0.0254886785229259	-0.0484178094464232	-0.0489820327986924	0.0031676474933218	-0.0337299778607019	0.0010723520130646	-0.0007453376843336	0.0082142462822148	0.0039911705913001	-0.0012530729323174	-0.0270394414844519	0.0153214858831332	-0.0111691804295273	0.0080099917106513	0.0219182822216219	0.0217890377707262	0.0449789047622132
HG02820	HG02820	-0.0338876181439921	0.0566344043521805	0.0197340581366795	0.0381827127535145	-0.0238864323050458	-0.0170414580294896	0.0430485428118636	0.0210751254496067	0.0094356099370083	0.0110004556401559	-0.0212390760626206	-0.0471090512101481	-0.0593992924452012	0.0131361996910186	0.0063357367160881	0.0332240682064679	0.0114083834386016	-0.0484123530549567	-0.0597100922417306	-0.0362539445354169	-0.0315619483396168	0.037330770462595	0.0487003571452181	-0.0165551541859009	-0.0462586236104226	-0.0528078522365113	0.0090718488372883	-0.0355368855442159	-0.0050521121053569	0.0016522332489733	-0.0011240117211451	-0.0113797748302012	-0.0067146461556905	-0.0029068380326107	-0.0065518130097509	0.0052823474257803	-0.0171263083300138	0.03600218378814	0.0297742315769595	0.0160912786467263
HG02836	HG02836	-0.0371744795774193	0.0525355471126661	0.0519930868805796	0.0296012918644587	-0.0818377875743969	-0.0364477196530002	0.0674759525627405	0.0066861666129905	0.0479762498398796	0.0536630881151379	-0.0219946992764833	-0.0150111804667039	-0.0055280152275324	0.0337434309794057	-0.0809590967090856	0.0496018190719105	-0.0064932335498288	-0.0754309739471926	-0.0390629067212928	0.0955624053943863	0.0684542396293965	-0.0051454812283812	0.0523045053167581	-0.0052590911586539	-0.0454959698369649	-0.0502656203913431	0.0034881504811857	-0.0540059733361355	0.0032939785170056	-0.0039853237213291	0.0057345452764629	-0.0056291935058205	-0.0033335771519146	0.0171015978405681	-0.0134125382627459	-0.0145452796025683	-0.0016546628916149	0.0187236949801265	0.0126035386581711	-0.0171797201511153
HG02837	HG02837	-0.0421068380892318	0.0247832071308042	0.0846823710734282	0.0068950875363818	-0.044203188283219	-0.0649556748268559	0.0348536450780866	-0.0016048844310955	0.0344650141790913	0.0394995049677095	0.0178003045227864	0.0054233816291425	-0.0448881690145112	0.0046341992626773	-0.0036370861903039	-0.0084277678157613	-0.0094152937105572	-0.11476923554299	-0.044222854903747	0.0235339994369206	0.0341841612057824	-0.0013165371118057	0.0655389261344258	-0.0224922608986781	-0.0459390584270829	-0.05547154724786	0.0066490765167396	-0.0569971610496765	0.0008205549193019	0.0017136856183121	0.0006142224023369	-0.0049403071465941	-0.0029919531143977	0.0246623427004119	0.0145151477573498	-0.0047120011603416	-0.0081500834764453	0.0189211101718792	0.0234769484436798	-0.0320700884332205
HG02839	HG02839	-0.024780924740643	0.0306561848539631	0.0962889326992846	0.0188008167581289	-0.0932170487132046	0.0015116023197904	0.0308990197249449	0.0132360850393655	0.0768207066035441	0.115855299034444	-0.0419132142635084	-0.0704373424022817	0.0043021880207183	0.0638420304187345	-0.0044221236662751	0.121431169310275	0.0054087194471178	-0.18023368660598	-0.0015931778463862	0.0342913115681891	-0.0397383050538997	-0.0001570740360288	0.127015965126692	-0.0201276624324286	-0.0486714219563715	-0.056711976912245	0.0043763839362623	-0.0605088909214345	0.0035297226543117	0.000846744552177	0.007999206694828	0.0001994648485859	0.0115027971680235	0.0171867745600144	0.0128338114112363	0.0011338456701573	-0.0056438414308771	-0.0165194611024654	-0.0063930946580972	-0.002049865585667
HG02840	HG02840	-0.0670486113553992	0.0008409369332305	0.0107828141327777	0.0017937692752505	0.0329318399060912	0.0241764475969364	0.0482774648186477	0.0162758665513203	0.0488524957445411	0.0421812292256938	0.0052894911829228	-0.0355043735655687	0.0492276256000567	-0.0256941741940217	-0.0058633693980785	0.0248857490105949	-0.0380678403359518	-0.0485081712564751	-0.037367439632099	0.0045525853904831	0.0281458312085651	0.0028485173018385	0.0452949200417959	0.0206476600700488	-0.0419275904254912	-0.0477357376662775	0.0021536391342851	-0.0427945344641041	-0.0012376957310095	0.0016657791343183	-0.0060005430059677	-0.0155742182340593	-0.0096679701609632	0.0138976498174976	-0.0008304303327298	-0.0165803380926814	-0.0076001692834933	-0.0058078310458463	0.0059853336768501	0.0027288421884896
HG02851	HG02851	-0.034225579335139	0.0291857701272465	0.0690883231011273	0.0006312927303652	-0.0460569357423004	0.0455388025473095	0.0517041278624831	0.0108451693193831	0.0322358768726258	-0.0318293877179989	0.0005904132235457	-0.0398190976202654	0.0112106575160726	0.0309896489171023	0.0319722984994728	0.0588254888468639	-0.0340326452154661	-0.0799026140341773	0.0218641675003055	0.046527626471417	-0.0747658292778096	0.0225152739498746	0.0729966302407242	0.0111414770448167	-0.035166558631253	-0.0185546439257861	-0.0005124828620482	-0.003655069951674	0.0023699350646963	-0.0102665531459049	-0.003287062334223	-0.0036156044426793	-0.0108541075056757	-0.0172354030085697	0.0052657695325282	0.0040581100828786	-0.0021466715207518	-0.0015957193358081	0.0069387901538616	-0.0240652099601015
HG02852	HG02852	0.0800455721517414	0.042822321943902	-0.0007782916255282	-0.0723931773197657	-0.0264894407481882	0.0312313474000428	-0.0092826571001789	0.0342212934090442	0.0270670842486767	-0.0096074039811979	0.0163403249555748	-0.0764192424706526	-0.0392117239687228	-0.0225931869255693	0.018330925327316	-0.0106713096924109	0.0061774473070319	0.013650911802738	0.0123544037861695	0.0136138512821472	0.0558978592162039	0.0158941495939904	0.0297138890339892	0.0026609437559356	-0.0494363744676318	-0.0621767990761654	0.0053969776854275	-0.066711517459397	0.0033291556042046	-0.006626921886036	0.0019973262848272	-0.0146204852023461	0.0136511890268149	0.0279565131503334	-0.0048759829441097	-0.0112374143440261	-0.0047592595911797	-0.0129639911935269	-0.0483364798934459	-0.0148790629402728
HG02854	HG02854	-0.0387556025566585	-0.0033508886181904	0.072849812126475	0.020976626132878	-0.047501581941183	0.0551990379516837	0.0076779721164605	0.0247855837681384	0.0138355492580481	0.0052070546549732	0.0374933129207113	-0.043100015203008	-0.0130496154584973	-0.0108117572789742	0.0547258503645786	0.0015674040203927	-0.0779308556519171	-0.0370797117682039	0.0212321413510877	0.0390720236933507	0.0043636397496063	0.0345513881327164	0.084624625107306	-0.0013158504705443	-0.0430377163913317	-0.0347982182605964	0.0002965755970455	-0.0012450465318881	-0.000779015457188	-0.0024307746850662	-0.0059744333063027	-0.0108777237254747	-0.01225213528011	0.0008660274098351	-0.0002018544600352	-0.0185992510805323	-0.0090873862347441	0.039598155979344	0.028939134262184	-0.0210502252607724
HG02855	HG02855	-0.0171710801055499	0.0175106430229534	-0.0370756927863052	0.0690388169356904	-0.0121035510800568	0.0738851310630316	0.0776336042406792	0.033882583088861	0.0233904659366485	-0.0816832899565002	-0.0898687605751786	-0.0318022231833372	-0.0291825337269629	0.0050135854142719	0.0004568563656802	0.125459161955394	0.0132334687280451	-0.0079174574264273	-0.0117211721423776	-0.0245403334057607	-0.0827192422222704	-0.0057161641949862	0.0493357977457412	0.0251757379846826	-0.0465213225482078	-0.0570516929971103	0.007427007049174	-0.0593517250944825	-0.0034090605504538	-0.005420816296474	-0.0007042540592033	-0.0048066009444342	0.0017165748453926	0.0091111615234414	-0.0019626703935736	0.0062374334391224	0.0017223782543692	-0.0120345008675352	-0.0207246317433428	0.0129517692719873
HG02860	HG02860	0.0097973177121656	0.0560064370256564	-0.0222223781699168	0.0544637654303638	-0.0213394913212113	0.0543751603073947	0.0692763964977494	0.0222523825761869	-0.0053272269831617	-0.0737503702332339	-0.0006525934805256	-0.0708675317335693	0.0451005223460071	0.0358765273368079	-0.0076019009384194	0.0797413223847089	-0.0334589783456387	0.0105063016339457	-0.0097508001142283	-0.0387639341888664	-0.0716710676472497	0.0189316009660979	0.0171433762652948	-0.0451855768509009	-0.0461271377618956	-0.0515702121884271	0.0023811173644399	-0.053602612173673	0.0054562084183238	-0.0033569484063829	-0.0017283221452645	0.0024413045641718	0.0070745814770678	-0.0034610282263321	0.0021594231333528	-0.0059156342065271	0.0061171326848521	-0.0082310090046516	-0.0193677474910463	0.0200114405161088
HG02861	HG02861	-0.027127719295508	0.0142491062082521	-0.0376725187445605	0.0839276547637691	0.0053755123326642	0.0408999450367612	0.0518696159355189	0.0494446180189354	0.0646092223619602	-0.0186584163285133	-0.0083503892234083	-0.0522121528705451	-0.0039070357581811	0.0050957718938693	-0.024843048493293	0.0601565222590245	-0.060833467792265	-0.0047454837144947	-0.0228355310930989	-0.0187199145856867	0.0044095624835225	-0.0024697069004682	0.0278796163341441	0.0225663372975588	-0.0470766258536154	-0.0595659358149708	0.0073103767765904	-0.0617860936269256	0.0071928673100371	0.0102881388718385	0.0060319037107769	-0.005474440600867	0.0049554630198956	-0.002115889973126	-0.0104931837436641	0.005678763230736	0.004273794348436	0.0148824348059002	-0.0188739318118328	0.0022450077887013
HG02870	HG02870	-0.0428413063314293	-0.0461323413250187	-0.0339939494455017	0.0675647459792791	-0.0883059490944651	0.0451273991656141	0.0378282072630906	-0.0087179795569467	0.0336352825612843	-0.0290414928893081	0.0407113670883349	-0.0814568169348399	0.0314896489074393	0.0476262178489419	-0.0323158059315861	0.126685054682295	-0.0450957368861089	0.0731664543569226	-0.0266964514725904	0.0090744019518291	-0.0749926025852017	0.0508876898341049	0.145745897711765	-0.0289101048694952	-0.0415569114749097	-0.0424604699633305	0.0027002591089239	-0.0382552989114465	0.0009613655006336	-0.0028659373218335	0.0003207313849013	0.0005885691626613	-0.0036992553634161	-0.0051609782393162	0.0029029514009286	0.000758607878276	-0.0066473133445062	-0.0047468705197134	0.0287490794306903	-0.0253203617001146
HG02878	HG02878	-0.0627630349805554	-0.0452442274579392	0.0171302174775867	0.077274517279419	0.0005177999899402	0.08925135992244	-0.0152206159381852	-0.0501113907461346	-0.0257353619771065	0.0096977854787996	0.0376965248586074	-0.0095199644478884	-0.116157301838754	0.0332060452730909	-0.0206178134606801	-0.0171574364753549	-0.0601799520266735	0.0232700756650072	-0.0201917131929841	-0.0848501676337053	-0.0494739115310783	0.0082127487436324	0.0762466702834048	-0.0678888975885969	-0.0493594196725664	-0.0599957447472268	0.008166586677367	-0.0660588094272953	0.0029563342104817	-0.0022149827681888	0.0016893753546861	0.0125279553833927	0.0116459993411518	-0.0021378234769103	-0.0084879520047769	0.0078386907053792	0.0063230917545209	-0.0253279711062949	-0.0320154033749117	0.0516117582232486
HG02879	HG02879	-0.0685946693366711	-0.0550285342379408	-0.026999581170443	0.0568946953611584	-0.0139865293831764	0.0523257598398749	0.0327567431785209	-0.06447547264	-0.0148101846925849	-0.0243823633469845	0.0245460771959684	-0.0024171536694998	-0.0626670484731252	0.0317064268508622	-0.0206539951961359	0.0192096200579887	-0.0611255225167971	0.0178800638226173	-0.0532993282758752	-0.121036759082379	-0.0614241412220572	0.007630566771693	0.101928830202439	-0.0849969065607966	-0.0446224331877004	-0.0513199552955658	0.0099922882941155	-0.0496860850468259	0.0025553266208852	-0.0002296363512426	0.0015404211877974	-0.0111661590921792	0.0021488383036414	0.008967837509788	0.0066839109652334	0.0031485175802745	0.0040998180498469	-0.0065628188971059	0.0058949757144146	-0.0355061489125774
HG02881	HG02881	-0.0248023277077076	0.0325566803771187	-0.0956565788934716	0.0667125477857144	0.0405938990050315	-0.0339013606742061	0.0769643392015725	-0.0020037739050493	0.0274628722792225	-0.0295082015872232	-0.0532508675818539	-0.0264640837326311	-0.0314870638327057	-0.0030878574873881	-0.0946872889735309	0.0325831549577753	-0.0898003161179072	-0.0173077174386128	-0.0280171016766615	-0.0376890015617799	-0.0189552295785569	-0.0197980123797385	-0.0096553244409232	-0.0178424191757781	-0.0490885416168913	-0.0446924004884265	0.0026264618950764	-0.0230075114064311	0.0035123660079279	0.0027119204338037	0.0050960937766046	-0.0086109574316652	0.002625522222632	0.0151459774761642	0.0165171954316427	0.0176539624283073	0.0150565910128768	0.0112445659834611	0.0205645419654623	-0.0018726348825981
HG02882	HG02882	-0.0495116598789689	-0.0054588168580083	-0.0164839193604561	0.0789045547787238	0.0083435822257947	-0.0546017410322506	0.0442971207076473	-0.0532546240508013	-0.0131729867871704	-0.0307655166492683	0.0090053935071644	-0.0453520996387016	-0.117850452780179	0.0202395269241434	-0.113481250375794	0.0413370226348631	-0.0256070074315084	-0.011865959386223	-0.0874353488319969	-0.106511829642273	-0.0322364408293028	0.0032813696871891	0.008944091600267	-0.0607713411708148	-0.0458665907911575	-0.0517901503412038	0.0067719722506523	-0.0442699361885515	-0.0037595510830894	0.0053723986057871	0.0077136450715101	0.0041012133640484	0.018138296569756	0.00290289681641	0.0039296130133624	-0.0158702268493223	0.0059141770031205	-0.0093425172886535	-0.0256674429110724	0.031129473998885
HG02884	HG02884	-0.0409806775069456	0.0033562668778674	-0.0577994561103918	0.0699121291069767	-0.0484389348968421	-0.024513434500564	0.0954623789173806	0.0063948306459846	0.0188864115360292	-0.0636642074222512	-0.0252592876218019	-0.0347284024981587	-0.0430055472133276	-0.009344944593366	-0.0626452677023818	0.0832584507407711	-0.026493776194898	-0.0249790152335495	-0.0312129581424811	0.0065840582708609	0.0315101064139682	-0.0279119295982787	0.0437391730784851	0.0072866959114817	-0.0432989827564494	-0.0506095706821795	0.0082842209973662	-0.03528097048144	0.0045471645441886	0.0072460335928802	0.0005899558172291	-0.003456576931998	-0.0084145093297859	-0.0074404436250864	-0.0045675639428215	0.0075413613855479	-0.0010397518318527	0.0090685608139829	0.0177283334374044	-0.0182499649090161
HG02885	HG02885	-0.0631337539051702	-0.0385441143315326	0.0087639163029319	0.0607414194576529	-0.102157792181917	-0.0471983119094895	0.0292105467871523	-0.0734136537632838	0.057030681035758	0.0092911961495071	0.0419860932197576	0.0229728537334186	-0.065313632004506	0.0129744619400115	-0.100220462428864	0.03177472140212	-0.0314100022738891	-0.0452904984487124	-0.0912126398811844	-0.0575735291562275	0.0416157287024841	-0.0208364277729901	0.0745436415017646	-0.0478953636046527	-0.0449621114761749	-0.0547345339961005	0.0063574512834914	-0.0485509070250086	0.0042738816399998	-0.0036122594737337	0.0006095156682013	-0.0042535747247543	-0.0071668601870163	-0.0166302395870185	0.0128284119498422	0.0121769488599817	-0.0047048819030381	-0.0058813465629823	0.0235683078740553	-0.029793761473189
HG02887	HG02887	-0.0304797208841748	0.0139666291644855	0.0419064993625756	0.0381844672099102	-0.0340642007600261	-0.0045586145265429	0.0500871568639865	-0.0500159929363555	-0.0182843610517469	-0.0628213579632741	0.0084904225388206	-0.0774284456242319	-0.0870468138346151	-0.043822980815323	-0.0591344027375589	0.0366245256555929	-0.0270309396837562	-0.0093249283764718	-0.0791860887380707	0.0190074902996274	-0.0103356528116237	-0.0379614664232937	0.0406527513763984	-0.0414261835003673	-0.0483081055742683	-0.0618311957206581	0.0048837272596094	-0.0710297988908451	0.0031103695209256	-1.93194924294664e-05	0.0091575030674967	-0.0096959988211263	0.0075806546356564	0.0133079904384968	-0.0038878492666787	0.0005923624305696	-0.0134533705657594	-0.01191160737946	-0.0433324186241424	0.0152727404389573
HG02888	HG02888	-0.0301518996924575	-0.0336703325911229	-0.0664098763629647	0.0640431862916249	-0.0158230298676223	0.0366380245702949	0.077905497894952	-0.018542511212294	0.0515668399967449	-0.0471463084686463	-0.0354244714881443	-0.0521720055589572	-0.0010327683491687	0.0249283152111816	-0.0570318639962124	0.111495376269625	-0.0144252379270257	0.0493283977993356	-0.0487987321229982	-0.0073529235121767	-0.0672603640894995	-0.0103863714338868	0.07445444603384	-0.0067907666493183	-0.0437207979215532	-0.0505037510337762	0.0064285748610533	-0.0490854308645745	0.0012638681889194	-0.0049563459603337	0.0077514808007345	-0.0016943598368896	0.0125879388112119	-0.0061673995653178	0.0018196979930729	-0.0027932894925227	-0.0111765781625255	-0.0030194519090091	-0.0268860035657229	-0.0110681094955688
HG02890	HG02890	-0.022710752370913	-0.0009200536126921	-0.0135557921732356	0.0762817388365329	-0.0595192006046621	0.0344794782781399	0.0660214522592524	0.0092962668212213	0.0134348101872398	-0.107743531149619	0.0008266821508379	-0.005126721330782	0.0061657967661732	0.0378532590090875	-0.0636141878022414	0.0726232811613907	0.0125418007556033	0.012399923302838	-0.0084419829293969	0.0600037268015344	-0.0041780733524628	-0.034198883816266	0.0246889011256363	0.0331274007674306	-0.0416331285354095	-0.0374403545165399	0.0066042898304097	-0.0212584531686931	-0.00377938878147	0.0042564741759598	-0.0049356691264122	0.0087015016191758	-0.0131403035440001	-0.0144698115280801	-0.0012233360342997	0.0127914906855128	-0.0041169594715417	0.0291121786628708	0.0336998811080721	-0.0082102393019946
HG02891	HG02891	0.0056230872529021	0.0498636795502177	-0.0176709434601323	0.0766864283687886	-0.0643183343431533	0.0376972486713743	0.0595462841140244	0.015374383668712	0.0069518069306355	-0.078959162614245	-0.0401273629322767	-0.0054358416161491	0.0027208809401871	-0.0283432476679146	-0.086441020288449	0.0508592439846818	0.0019208148993701	-0.0100658052152031	-0.0372064698900491	-0.0072461468882958	-0.0384842751834318	-0.058853721980562	0.033413974518773	0.0260556375754228	-0.0411781280180062	-0.0349886573583446	0.0043211351478476	-0.0269013639930676	0.0007956993633954	-0.0072178749251981	0.0071129233701024	-0.0056034791839819	-0.01267835769768	0.0035540041171155	0.0047073264266623	0.0045261796800917	-0.000831704953199	0.0273167766169018	0.018596049952851	-0.0124981811352598
HG02895	HG02895	-0.0167790740745703	-0.0230652699586486	-0.081894356972569	0.0954483487470366	0.0383058857992252	0.0941591408433441	0.0771015120169793	0.0353185465262016	0.0660320867375635	-0.0255052400340975	-0.056893968010182	-0.0309432643505262	0.0530985806513266	0.0288419594411569	0.0144727001248089	0.0729077252405705	-0.0795911966665472	0.0067841575619818	0.0165862662290579	0.0186021784564877	-0.0692963301713293	0.0191762379764676	0.036209354471034	0.043320881140139	-0.0521103996072237	-0.0629140529833284	0.0048864597451887	-0.0718527620053787	0.0036845092952391	0.0014982455981323	0.0070700223212186	0.0069953991192157	0.0167737194719252	0.0042376764069117	-0.0149520763626692	-0.0044570730416734	0.0070049594842317	-0.0224195914358894	-0.0367447467905959	0.0350056802215323
HG02896	HG02896	-0.0493615913244201	-0.0718119328111047	-0.0440741089931503	0.0769864777495136	-0.0553913052056649	0.0354880449573324	0.0441494840260082	-0.0456195451975755	0.0756111871957753	-0.0068801216610022	0.0252299613518461	0.0045429736208947	0.0162654660106726	0.0166726260373371	-0.0647426784326817	0.0212794435895391	-0.0469106026950914	0.0597021272636072	-0.0732148805851762	-0.0251655944856319	0.0098564425418722	0.0039297587681175	0.0777048880098742	-0.028192493240486	-0.0524791240549886	-0.0712314890984789	0.0093098036027024	-0.0858920794818787	0.0041220179560881	0.0014307960394406	0.0013708265527949	0.0068321450039571	0.0167595182652189	0.0003191299498073	-0.0048842642603393	0.0024987682035561	0.0005285123188919	-0.0417668105116769	-0.0687756642905861	0.0561465241391545
HG02922	HG02922	0.0456361569946266	-0.0581902963539474	0.0031821784152894	-0.0167773731490999	0.0116565937404501	0.0102615286978763	-0.010927792137993	0.003135591321859	-0.0121186461828431	0.0210635112077886	0.0216733825921883	0.0035063109439851	0.0044628969247593	-0.0067552242722042	0.0313459046356085	0.0062391793192307	-0.036531073703019	0.0442750517564756	0.010176425800717	0.0275512492712742	-0.0092966999619342	-0.0036962683628773	0.0358937140701836	0.024837185017561	-0.0009369815459862	0.0740778873327416	0.0007077044970861	-0.0259680593947745	-0.0028830558199639	0.0081838272999314	0.0069537852989187	0.0080903774996267	0.005225686486961	0.0054342427674275	0.0026658672655559	-0.0048237966200117	0.0052786659844562	-0.006281131758554	0.0101818343080977	-0.00228657912652
HG02923	HG02923	0.0405379803994592	-0.0569973440594833	0.0401212909312259	0.0117458770522577	-0.032410725108551	0.043046896812206	-0.044607956414129	0.0202165048113307	-0.0159294145549798	0.049217251278248	0.0045751505257629	0.0313817571992067	0.0608382616992276	0.0153941492149405	-0.0175105955955229	-0.0851153838407611	-0.102015294378811	-0.0403133211496378	0.0998623976453666	-0.017143466112868	0.0340708447346083	-0.0767745295231531	0.0712612309401462	-0.0271330054496833	0.0018795588840718	0.0698862226805341	-3.9586693332371e-05	-0.0303453310598381	-0.0024864059258228	0.0025748414746194	0.0019737392717841	0.0061558863045724	0.0035212109420972	0.0081943669632646	-0.0126023663289551	0.0068187696798343	0.0015085417096882	0.0024847275766401	-0.0001727914939708	0.0057518777617669
HG02938	HG02938	0.0436230347958667	-0.0309848613233881	0.0129583820709518	-0.0314389767085824	0.0224093879036949	0.0272154953541888	-0.0054310904323801	0.0117291396725003	-0.0656981892792913	-0.0130934247189531	0.0153947635810633	0.029089720119824	0.0122215814506099	-0.0002046839171991	-0.0416881364983049	-0.0475727960729763	-0.0461049989087992	0.0480132117780971	0.0047638251892958	0.0180251399099896	0.0608252695561357	0.0484825099520622	0.0312845995546645	0.0108121065300461	0.000426560947646	0.0647483011655438	-0.0007370056992277	-0.0202086874456826	-0.0033655666111557	0.0023807886299924	0.0005460680491982	-6.11204477408372e-06	4.05404353259213e-06	0.0067503889272683	-0.0021476476072938	0.0030429911221022	0.0032748189175323	0.0007043229721963	-0.0127319834544087	0.0046035659887068
HG02941	HG02941	0.0331328725093425	0.0235652449708764	0.0144065557235604	-0.0285276173122448	0.0177968134202785	-0.0952434587179228	0.0139663432482293	-0.0495819792687293	-0.0690880730071695	0.0181373537834868	0.0008871516083403	-0.0079180503465198	-0.0649873786152906	-0.0373400364799162	-0.123548494309433	-0.0642896659729765	-0.0232826799888509	0.017960070794424	-0.0343094956280224	0.0165959740031763	0.0371527249417657	-0.0214596530853322	0.0088020573544323	-0.0371299514785084	0.0020317451240317	0.0596354239185761	-0.0026285200105657	-0.018707892038723	-0.0010924852352928	-0.0008345107219962	-0.0012470349922862	-0.0002853183146922	-0.0004356056476667	0.0057656063445618	0.0006342489291383	0.0076361771849451	0.0002239579499236	-0.0168807144936235	-0.0047227497684999	0.0031711649127927
HG02943	HG02943	0.0344317001380808	0.0268201249519148	0.0042261717720104	-0.0049991376100676	0.102669209124393	-0.0415810640856666	-0.0076804598911073	-0.0071611733980493	-0.0221598447835859	0.0438819513089053	-0.0017213142207296	-0.0416937949780244	-0.0256976878625071	0.0690669118869721	-0.043815832470882	0.0944362556134652	0.0565130264220852	0.0569604751424829	-0.0176332623869812	-0.0610203751502546	0.0404198863636855	0.0191353242373749	-0.0320198513493742	-0.04518250455096	0.000919386155115	0.0747095128428207	-0.0044047620361959	-0.0323007588258425	0.002064015033478	0.0033847557027993	0.0021905889754531	-0.0064706417071129	-0.00453841870714	0.0015804145601464	-0.0135792069533059	0.005371539645772	0.0013955854944648	0.0011341235018725	-0.0032441665057	-0.0172161317222367
HG02944	HG02944	0.0500364664103887	0.149318761438288	-0.0408976532247651	-0.0173291522473268	0.0430654515879072	0.0637802697300232	-0.0704238047328841	-0.177934897456673	-0.0466068089524674	0.0695890497417428	0.0457194299050929	0.0640904533593246	0.0167751090046112	-0.0247388161572297	-0.001863661078172	0.0001600585662986	-0.0824945304994584	0.110973968782251	-0.0481051351660868	-0.0232405398071438	-0.0497226018114725	-0.004088547310699	0.0834599867436482	-0.159873831332135	0.0030045245310084	0.0735579727388773	-0.0042722018244809	-0.0323089573224085	-0.0025244321279553	0.000303299971634	0.0035092781624793	-0.0065894343493008	-0.0094636200634575	-0.0026820697305125	-0.0026287660299448	-6.26258297731284e-05	-0.0026514590059621	-0.0006257734591317	0.0008557452882076	-0.0032676956961348
HG02946	HG02946	0.0421029118000109	0.0059416660773898	0.0206312420109523	-0.0204992796631982	-0.0914619327619425	-0.0633807857629992	0.0763484816772261	0.0128409132727238	-0.0074468040244372	0.0014994874198807	-0.0452528724113456	0.0722710087427765	0.0638377654588653	0.0197734927609657	-0.130181159106427	0.0224122653044166	0.079764125803746	-0.0622245851357667	-0.0057940642247533	-0.0301475072715456	0.105171321712879	-0.028604426375774	0.0579397545572402	0.0086748647922023	0.0021307601712114	0.0735277942972602	-0.0052610693112315	-0.0323175951185411	-0.0068736292243371	-0.0060961842013839	-0.0012369454204765	0.0016893603892477	0.0014343156841378	-0.0123842349475081	-0.0048434121776489	0.002345430341239	-0.0001852022178966	0.0018370344311319	-0.0050242173809661	0.0136907937980854
HG02947	HG02947	0.0178839746240417	0.0031531443626947	0.0336052431862996	0.018443291732822	0.0401048698096027	0.0284121715764685	0.030975260469346	-0.0084333674014323	-0.0335962805316363	0.0035439319825801	-0.0777079804924354	0.0630801034855504	-0.015996399492851	-0.0165690518556289	-0.0001899998418819	0.0190342508528179	0.0154858946435787	-0.0186838984690796	-0.0169093341909958	0.0403963576586044	-0.0443681397430693	-0.0179931734332328	0.0067520192984926	-0.0567099556818465	0.0032767754789762	0.0695463898001218	-0.0042942452706615	-0.0257927147926888	-0.0052467263524545	-0.0019257921685382	-0.0008364134347963	0.0139775542698719	-0.0047734283168367	-0.0117117036945728	-0.0087318391406652	-0.0039117235479836	-0.0033665564068996	0.008455166836774	-0.0071474884128324	0.0015368216736792
HG02952	HG02952	-0.0045847992336759	-0.02134179681824	0.0608647830499353	0.0095338345273811	0.0105375885059985	-0.0487760931594083	0.0067429463226898	-0.0660170347299971	-0.0736822862962529	-0.0230057645550703	-0.0276588942165604	0.0398162351709899	-0.0712058664993395	-0.0767641260993763	-0.0636293503101513	0.0022365334471578	0.0781173223397203	0.0289180659901164	-0.0656434466229138	-0.0197600856466717	-0.0049003872011516	-0.0387899619587809	0.0100438020228992	-0.0457746445695117	0.001563164290648	0.0742232397288045	-0.0042111483373918	-0.027406976522802	0.0026363587155579	0.0040683967248709	-0.003226107796055	-0.0033905185680441	-0.0068982125344363	-0.0028019333483452	-0.0048668451485887	-0.0038762355683141	0.0008764614623626	-0.0067021467341389	0.0063585930332039	-0.0031740317149487
HG02953	HG02953	0.0298791978524597	-0.0246125086244816	0.0300785263028505	0.0200806003490514	-0.0474831805442472	0.017626664822045	-0.0062423703000225	-0.030024180872819	-0.0958058617812185	0.0314626590592929	-0.0412692190738022	-0.0109513162052748	-0.0267943127710933	-0.0407700926182454	-0.0222333669165229	0.0009541487529481	-0.0121212431966067	0.0955340384378791	-0.0470869680654697	-0.0083270308648932	0.0020058856533067	-0.062620749122947	0.0404862304361819	-0.0800312857096533	0.0041429023416817	0.0703082973980338	-0.0057747553686071	-0.029028207553312	-0.0020993817293823	0.0064164493510619	0.0094510744855956	0.0067786828735961	-0.0077104939424462	-0.0018445461110038	-0.0026268709463679	0.0055003891676632	-0.0065329651455208	-0.0087610867898223	-0.0052468039294561	0.0050944928504483
HG02968	HG02968	0.0392995574032677	0.022271766623211	0.016096587309163	0.0090109160612626	-0.0278056531518357	0.008547999933892	0.0531672594451898	-0.0063434561999422	-0.129944406779735	-0.0269572831949538	-0.112510523971298	-0.0177741258251203	-0.0498334635675706	-0.0680495404979322	-0.0256380809828948	0.0407553809229544	0.0112298522779973	0.0181792631501602	-0.0203134584622494	0.0050184093391211	-0.0555045364200671	-0.0321451700788823	0.0309406316234699	-0.0268725526109736	4.28269731601698e-05	0.0638763021746417	-0.0017774760326867	-0.0205376266676529	-0.0008923139140451	-0.0003820394976362	-0.0002855204591904	0.0004325649956682	0.0012977277544045	-0.0015674364150623	0.0074784985676663	0.0017973650447613	0.0039972491676952	-0.0018666978843255	0.0043878931197024	-0.0002844462982697
HG02970	HG02970	0.0285967641177607	-0.0073459130431921	0.0245961963265235	0.0269462551654411	0.0674856523824708	0.0352113055122857	0.0233764096172108	0.004724411591038	-0.040530664375079	0.0262759572069251	-0.0295801494036693	-0.0040570296350466	0.0220003314777153	-0.0019919107744888	-0.0275181874419696	0.0532879803502709	0.003285898719934	0.0545869757743742	-0.0226621431925282	0.0067677968488013	-0.0024652815952468	-0.0486281647058298	0.0002846294370756	-0.0474002872961614	0.0026898257079941	0.0677696142100621	-0.0016223112665198	-0.0224719085816126	-0.0058817436568357	0.0030129291583591	-0.0027171571649486	-0.0062985816193518	-0.002983885279964	-0.0035299742616264	0.0100095748435226	-0.004689959477144	-0.0002003899860796	-0.0028096415785995	0.0124357405598235	0.0106247040716222
HG02971	HG02971	0.0456689255753102	-0.0151178969928638	0.0085630001758674	-0.0187106383130928	-0.0341562017737301	0.0307317365508821	0.0732341397543754	-0.0013465256589712	-0.0429552267191022	-0.0621662264567558	-0.0513634393650131	0.0632774427632604	0.0465198035162344	0.010415992553419	-0.0730030710564082	0.0155101385391353	-0.0129273287784095	0.0285864082171334	0.0215785986663385	0.0518768801826952	0.0469535036821156	-0.0701982084696097	0.0570427770183922	0.0295804416964422	0.0019456870318184	0.0709510561835744	-0.0032067912048948	-0.0261075549892173	0.0011702171870963	0.0025829777896139	-0.006859223600367	0.0057302672600504	0.0039873445769586	0.0275642894468905	-0.0011263480093404	0.0073653930295851	0.0049498375062267	-0.0046462327175531	0.0018880503068801	-0.0057984165049317
HG02973	HG02973	0.0161127813518457	-0.0646782900469819	0.0247983106725033	0.0196643185177993	-0.0017326517109679	0.0194324187376503	-0.0141879426376708	-0.0381485389765869	-0.0823357571971347	0.0013201414727007	0.0033294577434416	0.0285443571278936	-0.0134748148295759	-0.0878135696847499	0.0115480838637946	-0.0285219633845185	-0.0598267117349698	-0.0009503448770605	0.0160315389937667	0.0026733755508899	-0.0227982036668109	0.0755258547114059	0.0330372738271712	-0.0494694716390769	0.0015183557447043	0.0706246386614556	-0.0015454653089045	-0.0320292792318758	-0.003471309302846	0.0108738638695535	0.0059513155354562	-0.0016384185342495	-0.0005528527445125	0.0013014750098748	-0.0012280882244	-0.0160666052832248	-0.0108539154431042	-0.0070140165399193	-0.0013794076247152	0.0106210643121032
HG02974	HG02974	0.0227438780382419	-0.0683025789973962	0.0264565580411311	0.0315018535814533	0.0296994792640846	0.0343745464987581	-0.0038007858427354	-0.035231088143814	-0.0567672039148121	0.0542854611215506	-0.0169179395052154	0.0435981381723374	0.0488258350388754	0.0136271942852577	-0.0496941565364752	0.0189649341564986	-0.0199612472463093	0.0354637323639648	-0.0211042767951764	-0.0096206793681238	-0.0020609384083294	0.0409575224592477	0.0347939132795935	-0.0642991612553151	0.0025959014536577	0.0713558568318958	-0.0025737197955908	-0.025116230813114	-0.0026956219894202	0.0026885994668721	3.29883676156661e-05	-0.0023740086739638	0.0043981560708546	0.0009557758052583	-0.0046792036611272	0.0053720683247514	-0.0031299708413567	0.0028380596102197	-0.0023147350066148	-0.0123408021222799
HG02976	HG02976	0.0292729208464344	-0.0283003501157622	0.0189892173316455	0.0018300438236886	0.0348298949444407	-0.0748322020970893	0.0425916103102746	-0.0825706915341006	-0.0237645870336427	0.045814647435902	-0.0370787443663842	0.0176469866782496	0.0037642939841978	-0.0170300975600037	-0.126720996239415	0.0313654597110981	-0.0188730533571829	0.0387015034841106	-0.0642307543647656	0.0461280694680488	0.0461564864716766	-0.0220050637014641	0.0023200263652267	-0.0725917554429412	0.0008424356605926	0.0673119721593431	0.0011058970454879	-0.0191401394176731	-0.0001393988450658	0.000233025805309	-0.0062573725033134	-0.0016181271706101	-0.0059741138234403	-0.0024427070104619	0.0118987603735946	-0.0007167636241405	0.0024198086202891	0.0086551763635926	-0.0062708062669899	-0.0144847302225289
HG02977	HG02977	0.0475823475705726	0.0376180998067111	-0.0061151862246218	-0.0098942236375765	0.0270370577838561	-0.026901805186032	0.0392179140581693	0.0224073835159025	-0.0737925168985905	-0.0114338510351581	-0.0644034835394641	0.0429946653813349	0.0017821221525522	-0.0383460961642301	-0.024419743342563	-0.0203230918029523	-0.0495278987021739	-0.0136086401981545	-0.0066053821570664	0.0004379632540222	0.0384238018349704	-0.0035397710124375	0.0032720614246833	0.0023577341610519	0.0028865494894079	0.0770763034749069	-0.0021021634888321	-0.0262361359362159	-0.001849141873434	-0.0028333076063968	0.0037675766193927	-0.0003268240374481	0.0062682316645781	-0.008503178986049	-0.0021750019313446	0.002808204841878	-0.0051440851737633	0.0104261700783331	-0.0001263977196539	0.0032426428149164
HG02979	HG02979	-0.0628507781579899	0.0810629738658833	0.0186210585135945	-0.0075031845425593	0.0260275478465082	-0.0225575319114576	-0.0072812057640222	0.0251686706485634	-0.0069103370726961	0.0780575920307409	-0.031250882419398	0.0295174004986332	0.0159113621666473	0.0587547926153459	-0.0031067956709613	-0.0132356395190458	0.004789689368618	-0.0015117887957711	-0.0238297895500811	-0.0523950091633781	0.0523186394769113	-0.0218047757655768	-0.0745247306096842	-0.0140189016050816	0.0070539369762796	0.0585067193686386	-0.0025094609797966	-0.0182501665646232	-0.000443977128538	0.0011876113490129	-0.0134701204691121	-0.0083095076295524	0.0041704294064178	-0.0193248679575813	-0.0028925716968853	0.0182292225467265	0.0066549924853704	0.005097194130532	-0.0190226616410382	-0.0270246554780961
HG02981	HG02981	-0.0725470897202872	0.0293828695157309	0.0143563810520044	-0.0708478546858266	0.0766137126798034	-0.0145475526189608	0.0286678432842772	0.0210216570772322	-0.0478341435297333	0.0049341747837227	0.0039893418234433	0.0393567240435804	0.006913349262441	-0.0077845966070021	-0.0027802872182252	-0.0529130687125741	-0.0182144291617123	0.0049135798218858	0.0437980812388254	0.0122528917929875	0.0661355759960051	0.0295836855395207	-0.0758964212465292	0.0243060741748869	0.0031008202167291	0.0700378942879853	0.0007489389321001	-0.0259565571023294	-0.0036543006154796	0.0051731584185976	-0.0023802852672603	-0.0036224422656159	0.0018026635862876	-0.0012062299023751	-0.0059934659578036	0.0117936526015514	0.0026825622779185	-0.0002008258606765	-0.0049335831441261	-0.0005468182129801
HG02982	HG02982	-0.0331987435895117	-0.0014922132930443	-0.0203615419841928	0.079634705615166	-0.0146490659186992	0.0732266923702491	0.0494890414618443	0.0241956581307778	0.0132384012894239	-0.0392299666723248	-0.0347656101529433	-0.0137100862024233	-0.029240428036515	0.0558984837471014	-0.0110871537742504	0.0435192796212311	-0.0490348202897961	0.0234497232499461	-0.0029168948995806	-0.0487614509169421	-0.0270016699386558	-0.0159763506253418	0.0321621454512654	-0.0289279421297923	-0.0458536117797592	-0.0537572430093601	0.0067118074162421	-0.0558867760524244	0.0041139930245748	-0.0017158579681045	-0.0013590565729309	0.0058406882651227	-0.0099214786462563	0.026708799922281	-0.0014461977283834	-0.001384789849273	0.001611073761	-0.0118826849427623	-0.006049734132128	-0.0109041612827155
HG02983	HG02983	-0.0536015806362377	-0.0521778614878463	0.0066616968343596	0.0545836535227309	-0.0571227492799191	0.0260351456712875	-0.0043313769628889	-0.0541342890198388	0.0274968815299391	-0.0704413621948585	0.0577465762721368	0.0141630355859129	-0.0772406098099777	0.0124244501342283	-0.0680175603033504	0.0197361983135851	-0.0268509586762651	-0.0128775208393329	-0.0319962230314323	-0.0890676583517852	0.0063595901036121	0.0157238810945185	0.0703445645876078	-0.0297582927687697	-0.0467936458882648	-0.0506678436525726	0.0012180803347912	-0.0532977455477968	0.0018063790228302	0.0025761906528203	-0.0078660474679276	0.0026981188624171	0.0106015429534915	0.0014922497815466	-0.0069291137883094	0.0086805092792973	0.0078149265203092	0.0022618944752489	-0.0107641040713414	-0.0062365367561838
HG03024	HG03024	-0.0209026512877727	0.0572509346104736	-0.0006231224808069	0.058706915833833	0.0712430080321032	-0.0391961371032125	0.0534524747538388	-0.0423700896572588	-0.0044826021196933	-0.0455329091889869	0.0159413405820003	-0.0827786315607324	-0.0352683587932819	-0.0464682557231405	-0.0837342547656822	0.0174835463005599	-0.0531059288186678	-0.0169893538328915	-0.048562267081102	0.0024091470245154	0.0211009087941653	0.0032643675305833	-0.0605514788728652	-0.0506040763711357	-0.0488042333982016	-0.0521247193376067	0.0044632183834043	-0.0340772747756528	0.0048635467021018	0.0030477643071891	-0.0043999547909012	-0.0031311170303371	-0.0024194425137889	-0.0116099864428774	0.0139465023049943	-0.0029881291071526	-0.0172979948899409	-0.0023948564496949	0.0199099250388604	-0.0175177956524022
HG03025	HG03025	0.0560062075940172	0.029082561584054	-0.01059524438098	-0.0180022637444949	-0.085972039091304	-0.0834126539286458	-0.0093125436449016	-0.0035885250933062	-0.0634931371178772	0.0528550313796577	-0.0062344174919418	-0.0276072485091057	-0.0988161778125439	-0.0705117049424076	-0.0844790522651515	0.0233210885527073	0.0395104325332352	-0.0235074632479217	-0.116118508821956	-0.0414306141310864	0.0597659674320684	0.0073405504933396	0.0634702249964762	-0.0020389559861093	-0.048001827997833	-0.0486294195665129	0.0044085433832512	-0.0273045420688166	0.0058682561026396	0.0003497925749644	-0.0039461740678583	0.0050500472496466	-0.0033078218950776	-0.0064982091969698	0.0023508887048924	-0.0170860597508927	-0.0126037898511611	0.0185955029163051	0.0448782993538861	-0.0072884650400076
HG03027	HG03027	0.0791690039882049	0.0340164217656174	-0.0212678912092649	-0.0222402046607381	0.0159142914386987	-0.0332662444648983	0.0105768142699347	0.0174041910032509	0.0093138894613715	0.069915609784499	-0.020279594691576	-0.0511021920113448	-0.019994332658978	-0.0154072750467262	0.0029844061516495	0.0244775368360838	-0.067154883955226	-0.0037436186049573	0.0027398600213265	-0.0246950684040354	0.0442487240889163	-0.0011455282956178	-0.053610857818051	-0.0339118813457405	-0.0467141161296973	-0.0497283439077765	0.0047721820226667	-0.0379327848315265	0.0047049466141391	0.0036123264055199	0.0005921227879897	0.0096976290703232	-0.0157917485270317	-0.0128178697575705	-0.0103251226545733	0.0150622542695745	-0.0030136002148035	-0.0028000018382854	0.0235567698945396	0.0077366475951309
HG03028	HG03028	0.0573675078228492	-0.0371029030910709	-0.0272528579006766	-0.0252204345130233	-0.0268104444793627	-0.0662050850283106	0.0443454489260518	-0.0319849265951811	0.0015449635135857	0.0361886297693629	-0.0047086618582486	0.0305342745750561	-0.0037756291188073	0.0285608783176367	-0.016905269063694	0.0097623011310109	0.0357302448495707	-0.0179921861110626	-0.0419089241201619	-0.0725063186768588	0.0464931070209581	-0.0317225778356922	-0.012247984796042	0.0071381870777809	-0.0463423884806035	-0.0494769808392778	0.0046177408948235	-0.0305423289136668	0.0071962286880466	-0.0011576125736313	-0.001619895243913	0.0043351955058898	-0.0060856097432616	0.0173582196640485	-0.0157716977375842	0.0044243796384952	-0.0168558376773977	0.0119089063762265	0.0059593171713434	0.0131738451744463
HG03039	HG03039	0.0492264485054949	-0.0088621106650518	0.0006710542686773	0.0097035604780035	-0.0433844156813946	-0.0692362623135345	0.0018679080836384	0.0211817149429954	-0.0299613292254597	0.0617490484768345	-0.0065698123538333	-0.0385598182670417	-0.0787181305224439	-0.0797842327874913	-0.0203633253506215	0.0434719558589363	-0.0131024000463121	0.0186892642972565	-0.0467987899114637	0.0206989835844017	0.085166486062017	0.006289831961297	0.0067460433957432	-0.0186714139256785	-0.0405507648147938	-0.0313470570963516	0.0007285039323465	-0.0258124205410397	0.0012208896953489	0.0008869556546022	-0.0041023770415071	-0.0084356736643816	0.0013629768295407	0.0012198530655414	0.0104647778337782	-0.0062413872540204	0.0053281765341366	0.0147328539143296	-0.0009788670063268	-0.0139782258546692
HG03040	HG03040	0.0470157347454265	-0.0390052044409091	0.0160566235564736	0.0124828182604876	-0.019441683336405	0.0315546587175034	-0.0102625016156452	0.0146497145767552	-0.0371199824475462	0.0660346970455643	-0.0155129185310869	-0.0297879062553907	-0.0274717545645002	-0.0522186431324185	0.0219341053115333	0.0424225055846201	-0.0240891186658736	0.0307649046627707	-0.040105026886332	-0.0412942783426755	0.0072564032944361	0.0066024600447718	0.0328414809712483	-0.0282009137090833	-0.0272078283173983	-0.0057697751267699	0.0017673823737719	-0.0040384794530767	0.0027123166731538	0.0076718415810031	0.0044293510997245	0.0019994626944154	0.0012311881240771	-0.0030243798514784	-0.0144348606828436	-0.0061441340431169	0.0256648280467219	0.0082661707681316	0.0185365131422696	-0.0167779442775802
HG03045	HG03045	0.0086769437498976	-0.0380019138223743	0.0527851317455166	0.0412133560289976	-0.0187022538063314	-0.0165124292890544	-0.0789423794554905	-0.016260226092809	-0.0517465879519343	0.0670646247913749	0.0422797664351059	-0.0218229678085125	-0.0679424813300317	-0.0955769572219851	0.0461941324555858	-0.0239129969280147	0.0137324249962646	0.0505563352487583	-0.0437944935419847	-0.0101458727447999	0.0265171088005106	0.0452505575916186	0.0174476591442577	-0.03732326209386	-0.0420137782790794	-0.0403952413144409	0.0072961819374886	-0.0279220430000779	0.0028964913362153	0.0046026627789309	-0.0013876215296132	-0.0002879709066804	0.007817009561958	-0.0063902951289118	0.0126221253685263	-0.0171079828719693	-0.0004818358199539	-0.0089681406793149	0.0249837799607554	0.0028253188721851
HG03046	HG03046	0.0733588027782283	0.0126053010807979	-0.0139909798601188	-0.0115782418870422	0.0006499689091582	0.0450104719310472	0.0342219119958944	0.025910723048701	-0.0106023265690856	0.0811527970603256	-0.0541234674125134	-0.0357378658807735	0.0091322937056846	0.0461773710410782	0.0069946406796023	0.0301603314448818	-0.0177198710413891	0.0331968526756772	-0.0196078469351465	0.0237295522065092	-0.0066091878046808	-0.0376836750252924	0.0296390064230946	-0.0315107641037267	-0.0419948186340881	-0.0436478960167888	0.0056299679053276	-0.0309148386162051	-0.0006886112825776	-0.0127493424792976	-0.0055928611025764	-0.0053139705298126	0.0030251514266531	0.0012680623666598	-0.0142158217731236	0.0068730896406384	-0.0001547244986823	0.0140456833975321	0.0142449341231654	-0.0265338279705077
HG03048	HG03048	0.0521544914912659	0.0522167307694228	-0.0143998159582531	-0.012452090163194	0.063692817559483	0.017907893663179	-0.0281882707102686	0.111876096752519	-0.0516193917662651	-0.001177490582824	0.0699554239091086	-0.0333659648190748	-0.0124515234443183	-0.0178646779707449	0.041430616070006	-0.0142768515056371	-0.0102257291713247	0.0170132843139206	0.0620420797846437	0.0219181522036051	0.0870889875833451	0.0066263586143473	0.0147938050070948	0.0772412043842896	-0.0451734254375347	-0.0534375180596295	0.0099585791149093	-0.0521078189958688	0.0043355850582857	-0.0032555378762644	0.0022472504420768	-0.0042326312231459	-0.0022677715339659	-0.0020833920443515	-0.0091314465122726	0.0023934980913612	-0.0107485057333576	0.006222016182989	-0.0147933523603336	0.0056068818069785
HG03049	HG03049	0.0621886472584226	-0.0514758837647026	-0.0055656004538587	-0.0309497313551274	0.0106028784926773	0.0370508488383001	-0.0001326779138051	-0.0099105455026744	0.0514000755153627	0.0481498210116901	-0.0229831880791791	0.0057451642087832	-0.0279048337744488	0.0361553687049342	0.0370420415868027	-0.0105923719675481	-0.0066118974778896	-0.0530001171541232	0.0187466062987862	0.017065957399357	-0.0108306801181466	0.0149463572204666	0.0083254599027923	-0.0048392797096967	-0.04606761034893	-0.0571932615255586	0.0110958710751561	-0.0582376667597655	0.0062978889392071	0.0001782553371988	-0.0002995227695795	0.0102348123913078	0.0165913917439214	0.0147543311717046	-0.0109932983175837	0.0134718553613953	0.020311125819691	-0.0197734039794805	-0.0307677268391449	0.019828557308522
HG03052	HG03052	0.005349137893217	0.0205254911191166	0.0399583186807073	0.0679100638569781	-0.0094879587950599	-0.0933414337582191	-0.0307618378078322	0.0280921884261886	-0.0697596989652183	0.0603715585269084	0.0154421220706969	0.0054560339205944	-0.0560162066790754	-0.0425662654093639	-0.0488662466565735	0.0082375322163201	0.0964122750563478	-0.0152984026217712	-0.0356341154296552	-0.028780172194205	0.0414418681672341	-0.0428055417406685	-0.0195883995844599	0.000435462840846	-0.0338689309662161	-0.0044129224297018	-0.0057142585145385	0.0846337317775414	-0.0027678313498791	0.0011980222624681	0.0032310501920519	-0.0004499988452442	-0.0020006966073528	-0.0088037991432471	-0.0058200202700208	-0.0081961451231262	-0.0037567348002536	0.0077355168327551	0.0276076269659838	-0.0164962915990712
HG03054	HG03054	-0.0027158783777349	0.0147138519541993	0.0147058382956412	0.039937812472731	-0.0024105326798842	-0.0787799850729653	-0.0203539059222741	0.0543521340308199	0.0196426439811947	0.053574681088544	-0.0044258884241803	0.0321341876606007	0.0218674862603011	-0.0442087569626103	0.0194015486580927	-0.0011876233027031	0.0229116934539966	0.029411165398382	0.0136816618690286	0.0371549740867475	0.0965053646247948	0.0129676339599351	-0.0519802161001928	0.0438064981000476	-0.0458829788834673	-0.0053023752374733	-0.0143348821314527	0.134784829348174	-0.0052252773073737	-0.0011269580534029	-0.0070349146794418	0.0112483154720745	0.0194465694095034	-0.051532062292541	0.0220973056416186	-0.0070964825690723	-0.0084752097998717	-0.0291403850486901	0.130359007962335	-0.0095474594001233
HG03055	HG03055	0.0142197384694551	-0.0045337723164813	0.0624106642774408	0.0543156379829639	-0.0391815235491607	0.0133683368935639	-0.0005929627925177	0.0181470028066898	-0.0091735731588791	0.0488943131361715	-0.0398685931077133	-0.0052648774269891	0.0241516414311366	-0.0450286837697914	0.0140948460808354	0.0023200968613669	0.0349255615027515	-0.0128835843010853	-0.034677378409019	-9.11620179028709e-05	-0.002186917327572	-0.0031945769505387	0.001271362817662	-0.0497014342540737	-0.0360094324413463	-0.0029509638666711	-0.0066446044782395	0.130347705979748	-0.0069351156068542	-0.0053157905232655	0.011008409037763	-0.0171239883402122	0.0074418432868221	-0.0211534546084754	-0.0260292510224671	0.03583280115853	-0.033099992531133	-0.0312219916914659	0.104347590987859	0.0897424098926484
HG03057	HG03057	-0.0002486400537391	0.0125944051190314	0.0702478067237694	0.0300709554048613	0.0187907499829386	-0.0186420615203462	-0.0309055357471015	0.0035380624017705	-0.0340103121191967	0.0146562049323066	0.0354904918543877	-0.0210332458012797	-0.0048787780180044	-0.0466079034239813	0.012414823673771	-0.0521528777998408	0.0270451354791988	0.0050965285643118	-0.0098064251785489	0.0207589813421038	0.0392453523605972	-0.0043911465002638	-0.0294209810428117	-0.0447432109559663	-0.0353108665477131	-0.0050654678120884	-0.0073911219893903	0.0928935660428002	-0.002913046252804	0.0090523534432348	-0.0050515903223756	0.0029686848198659	0.0080312676813792	-0.0159380362147394	0.0153596760113691	0.0047517020032058	-0.0093674760027231	-0.0013618723540835	0.0041447967632974	-0.0127797626787822
HG03058	HG03058	0.0226390137487538	-0.0046681144984578	0.0075311406610859	0.0134258037539998	0.0277841069942083	0.0693854569311442	0.0160180097633901	0.0077173801257681	-0.0247917910418697	-0.0600669802436244	-0.115738742606214	0.0863829662895742	-0.0510325820717531	-0.0298652653609887	0.0566446420355188	-0.0007067159723712	0.0058906473641777	0.0060694007193775	-0.028554175044728	0.0002749224863908	-0.0951431308592071	-0.0614361854038239	0.0269853210608252	0.0048762263362525	-0.0377502705344498	-0.0013105248341181	-0.0051565427800031	0.0680201815671877	-0.0009445897385654	-0.0069121136146916	-0.0043804035880743	0.0029111248793043	0.0012614051402737	0.0050516664377403	0.0080385895684283	-0.0060903558698138	0.0011995999841658	-0.0013953659493258	0.0109737098727745	0.0090614425281595
HG03060	HG03060	0.0450161566657478	0.0154651452072856	-0.032590563395957	0.0275089106318867	0.0240288531106778	0.045212581264068	0.0575370432831101	0.0167766080778884	-0.04148987055738	-0.0291306119792011	-0.16120589717987	0.0790922657525207	-0.0370626845365902	-0.0008602289260552	-0.0255391887799614	0.0239530057674949	-0.0372666513199072	0.005201798152365	0.0205841567109242	0.0470328438963448	-0.0580283645615319	-0.127216520826501	-0.0071865744145067	-0.034080095018214	-0.0355051192858171	-0.0021583113445675	-0.0041627470796507	0.0738668002485818	-0.0024262111430178	0.0020963019306706	0.0003514567848561	-0.0039062777841592	0.0024024030005676	-0.005674978521417	-0.000551587018101	-0.0013978873930727	-0.0051867761990708	0.0129044065147483	0.0306613507502518	-0.0019961771157459
HG03061	HG03061	0.0289732955450913	-0.025292939110458	0.0101007289651597	0.0053622759473116	0.0252267373738194	0.0544898040003031	0.0143206349924912	0.0072318924880146	-0.0539008619304773	-0.0522685072236459	-0.0888991310630438	0.110592010577835	-0.0355580962463929	-0.0469687958936411	0.0229727162854066	-0.042642436579933	-0.0384092771874862	-0.0003449856987649	-0.0182270400563838	-0.033138475171535	-0.0493490769306513	-0.0529344613340448	0.0302568638682346	-0.02029574564136	-0.0355104244432638	-0.0059426837245968	-0.0020248813732899	0.0674357029053237	0.0013883900071264	0.0017191694632775	0.0020800057155459	0.0010505477471459	0.0035320478587173	-0.0220945601142473	-0.0005884237800461	0.0011138645549874	-0.0045335322988615	0.0087135772735007	-0.0021320401160476	0.0125348304081967
HG03063	HG03063	0.0397928031609799	-0.0380077142382508	-0.0326577044242224	-0.000543184332276	0.0321608685316614	0.0073378212168368	0.0389431253669669	-0.0002420108771719	-0.0251344448464676	-0.0561687336386362	-0.0616908355695636	0.144041728049901	-0.0598358716938155	0.0460597315131224	-0.0069696885098254	0.0412726031459829	0.0281512221690096	0.0102390173799802	0.0303594800707186	0.0504315412249574	-0.0638390647193864	-0.0628817147820478	0.029256600693949	0.0210514091200029	-0.040507924791757	-0.0115952717407601	-0.0092589377626738	0.10526434829827	0.0102017659810326	-0.0014073940347703	0.0076622104762397	0.0076077989375317	-0.0262976905129465	-0.0314865368762241	-0.0077501225401449	-0.0149949758854572	-0.0185092209373051	-0.0802082939327623	0.163620000114063	0.0975437518909212
HG03064	HG03064	0.0356194017809299	-0.0411106974874984	0.0209144624417653	0.0086370058184074	0.0403959499067697	0.0696665837521653	0.0287581845692809	0.0017896030606943	-0.0768563753427886	0.0081549079501776	-0.0506141801033038	0.0493500323102259	0.0367247155181379	-0.0161790752221036	0.0271020787824982	0.0208965180887414	-0.0406746741417625	-0.0041283253446228	0.0413298073975059	-0.0646212475493093	-0.0432366128755121	0.0071421198117225	0.0506488197835595	-0.0715426988497397	-0.0362581291343392	-0.0038168076438468	-0.0082071063107759	0.108635721222579	-0.0054551001805796	0.003227594121113	-0.0072565934062902	0.0111997006188973	-0.0191051198815698	-0.0109361093417186	-0.0074867392978738	0.0064174030791061	-0.0293139256947074	0.0940948060582336	0.012297190349504	0.0022086865346648
HG03066	HG03066	0.0174751642611672	-0.0720418505907397	0.0278010308587378	0.0192568229404681	-0.0086289092077753	0.0477677568295398	-0.0166090331561289	-0.0321140856003253	-0.0487833897111502	-0.0113292559293482	-0.0242822678676598	0.127876545861887	0.0247986734861758	-0.0098899014429446	0.0498519441398664	-0.0414502100169725	-0.0547558659852556	0.0020717478642613	0.0200036852377686	0.0068339848260565	-0.0299979728346704	-0.0336539144779197	0.0865094846760023	-0.0149309698605224	-0.0351686235459115	-0.0016336890368418	-0.0058558796884243	0.0786625432583205	0.0010680900523964	0.0040639442287995	-0.0065530255601564	0.0050123192888684	-0.0082559830697541	-0.0167833026094744	0.0139143889534127	-0.0043952155735017	0.0006371026761673	0.0013816617937211	0.0090785473189878	0.007836873554163
HG03069	HG03069	0.0156009701503039	0.0396044468680076	0.0508265427843978	0.0558999503744956	-0.0028244936533887	-0.0417556095482849	-0.0299920012430921	0.0447098316635684	0.0374039156692539	0.0468018365691046	-0.0177052711599941	0.0288823742637182	0.0331852925343243	-0.0277029739911206	-0.0133217283755066	-0.0220529810715877	-0.0170810756591317	-0.0673512608939777	0.0542728639554029	0.0607493579831964	0.0844633304849715	-0.0201659255954688	-0.0292587341290018	-0.0088887331887356	-0.0379577684027765	-0.0029474085965736	-0.0174211538683429	0.086611850354989	-0.001493133475097	0.0025082759710392	0.0021364636453605	-0.0105444658918858	0.0043879410537248	-0.025312492120198	0.0065240425258046	-0.0033899225750782	-0.0064838857151214	0.0024137847194371	0.0422498541149163	0.0107728617772376
HG03072	HG03072	0.0455996105244187	0.0077851392495789	0.0048566786455001	-0.008566020566736	0.0627313155380655	-0.0405553933318892	0.058942956121714	-0.0126284380106115	-0.0946988700792434	-0.0021500996840764	-0.0414915868695369	0.0055240678545869	0.0369597181009008	-0.0346789474826387	-0.0782466284225949	0.0160489234084331	-0.0554468922422372	-0.0065970627210914	-0.0089559285331424	-0.0251103497812769	0.0994401636108039	0.0191897410971575	-0.0001365589242153	-0.0533246950915044	-0.036750791894969	-0.0044909310616396	-0.0036411984457734	0.0699814739481296	-0.0024482896971736	0.00296804313482	-0.0003741787214348	0.006783594881836	-0.005923221605757	-0.0149287903069516	0.0096761088695332	-0.002754056434922	-0.005551236525398	0.0050363074293943	0.00321028713503	0.0004154204607175
HG03073	HG03073	0.0342814670357495	-0.027346730246152	0.0332090253042977	-0.0256255361642609	0.0735570385701614	-0.0241215539569198	0.0778434399030515	-0.0584721564368234	-0.0806000259187	-0.0122884032637491	-0.025371243386887	0.0144268119007203	0.0323924687322257	-0.0133993525458844	-0.0588852235716623	0.0297905375716731	-0.0106391052289169	-0.0073130420939971	-0.0137366859488217	-0.0308111376221538	0.0429644925830005	0.0235904374637018	0.0257838771706657	-0.106290634573456	-0.0390425787381303	-0.0073737183739857	-0.008888592670543	0.099419166247112	0.0016703078989172	-0.0013687243826134	0.0065607438222333	-0.040792933681215	-0.0069685321957319	0.0043112052917008	0.0501396313383245	0.0273261286632813	-0.0373434591557486	-0.0459989889394237	-0.289258482525672	-0.32545066532014
HG03074	HG03074	0.0677170331788427	0.140251797135701	-0.0326153744261359	-0.022760635455088	0.0317023244967011	0.0683309111191807	0.010351439698438	-0.124612263498975	0.0056484316669059	0.0304280965219157	-0.0563228280239355	0.0548342609601908	0.0127552557005621	-0.0712537182199808	-0.0161327706483258	0.0833222195620727	-0.0793503956334972	4.26606131326936e-05	0.0191254989742723	0.0299618020334972	-0.01601257628988	-0.0316662265928378	0.0362814716599612	-0.149744797096396	-0.0377360043120101	-0.0017918342025962	-0.007919874733132	0.0941979654063497	0.0023649897159886	-0.0048124059622769	-0.0029153063469685	-0.0094646621646963	0.0098491518512783	-0.0096505774114805	0.001002131278676	0.0087186101372875	-0.0105117382842449	-0.0112598310855892	-0.0743600529094634	-0.0532203785527047
HG03077	HG03077	-0.0912404456533575	0.0176155105898787	-0.0177009142024203	-0.0952260614835238	0.0013274453306524	-0.0454478611723251	0.0686137110817761	0.0202828696676278	0.0002717267422608	-0.004751177684673	-0.109032573391314	0.0517861570003856	0.0563981248416894	-0.0007233993313416	-0.0076472788978963	0.0086679687733742	0.052293085300551	-0.117586818633614	0.115158816135233	-0.0113146751454187	-0.0085888191313643	-0.0605706842505932	-0.106082096198482	0.0743747428915415	-0.0349496969635194	-0.0022971374821531	-0.0075513942382637	0.0700805446430703	-0.0034118474023962	0.0016857628204088	-0.001564640272178	0.0079943530302238	0.0054326586323454	-0.013880397724621	0.0089097980535096	0.0003287240947859	0.0099141538588081	-0.0076866216963966	-0.0101291738396396	0.0174059781447301
HG03078	HG03078	-0.0654811274790883	0.0192256419409068	0.0057818101034928	-0.0973037287406359	-0.013883916228334	0.0113432538540796	0.0578555347364145	0.003167472056705	-0.0517753640035356	-0.0212301509795253	-0.0537685335314282	0.0195472954046812	-0.001257143910865	-0.0544025295788645	-0.0280178981771048	-0.0198168891490678	-0.0161491003615763	-0.0168836091687986	0.0358613929535948	-0.0111649077058894	0.0431762826901254	-0.0227826939877257	-0.0395393294919255	0.0399086056584759	-0.0376985576732833	-0.0030834984741541	-0.0073416823437091	0.0862642854283334	-0.003057208077549	0.0028594534833433	0.0016478266854119	-0.0042162691805563	0.0032744435333534	-0.0263812979148382	0.0028059550037405	-0.0011358987427706	0.0036654265899985	0.0308316601543063	0.0063183182283645	0.0028027898366378
HG03079	HG03079	-0.0716409281285822	0.0270604206048271	0.0090925400499379	-0.0587300641325041	-0.0441842906554259	0.0168798491718138	0.0230709236500596	0.0308337929301904	-0.0419426678114016	-0.0100814195755973	-0.0651745193450968	0.0279985775185999	-0.0137459053409511	-0.0134017730346901	0.0233361716088444	0.0227963406835766	0.0305810062325455	0.0285234973729051	0.0157601113707833	-0.0078425263723124	-0.0344735601989217	0.0236742855371162	-0.0143138840822212	0.0496404160459718	-0.0338650628548019	-0.0045617748846847	-0.0042767849890489	0.0826097262441134	-0.0014428867084964	-0.0028980062967884	-0.0018241312262834	0.0038029659950278	-0.001797538031629	-0.0097614974484704	-0.0051840350186323	-0.0114479818926933	-0.0023777146476254	0.0213391500282968	0.0097335566063671	0.0124903363108881
HG03081	HG03081	-0.0443202035529009	0.164617076752056	-0.0373403832974772	-0.0048613921675539	-0.0178849978231948	0.0991203360508445	-0.0642841937251842	-0.100828417147006	0.0263912508258683	0.0279251722064192	0.0135465504410582	0.149519857628427	0.0205773802427217	-0.0259629266546501	0.0643744440070633	-0.0599376473591647	-0.104002423609203	0.0530588186951141	-0.0162536119409531	-0.0045185551226009	-0.105264224365919	-0.0322785735298926	0.0363053601474463	-0.0660393351603218	-0.0330777617673211	0.0026290225175244	-0.004842307388597	0.0738182596218469	-0.0045766313176956	0.0123292492176193	-0.0071805447397065	-0.01137490541034	-0.0069977956719912	-0.01809785758277	0.0064308533126341	0.0054997628188096	-0.0053737187023967	0.0163743733973189	-0.0030466312286713	-0.0004252436859183
HG03082	HG03082	0.0165574249385184	0.0741853341798514	0.0374715746285683	-0.0521072078497479	-0.0349567319174075	0.0154734612999894	-0.0278889378522566	0.0955142393435859	-0.0316367269764782	-0.104673628891938	0.0986558513065509	-0.0199096565400873	0.0955790577410941	0.0466873556763158	0.101974523868012	-0.0664434966496686	0.0811807647020461	0.0183480101962329	0.0552486999992578	-0.0033027839662636	-0.0200707607058667	0.135966711955352	0.0394901080637236	0.121665611738415	-0.0361948769656644	-0.0090221875646293	-0.0040661341649416	0.0668658112762317	0.0038283763280014	-0.0096189287959699	-0.0094044980095134	0.0058600665059696	-0.001727245860012	-0.0115194123063983	0.0063083513240074	-0.0010670349154577	-0.005931412268191	-0.0017903212625353	-0.0019895029289076	0.0186113247544772
HG03084	HG03084	0.0177786760614556	-0.0083987690815516	0.0832706812055986	-0.0873317232962648	0.0680551032060239	0.0409907953980846	0.0202262390044353	-0.008123799089822	0.083030224552162	-0.0197887563865178	-0.0252564311973285	-0.0422118302525845	0.0509810642212011	-0.0018810450170263	-0.0014488198356002	-0.0573114353305613	0.0069810070519833	0.0571843039199739	0.0786558361457242	-0.0253367969586619	-0.0056613888745253	-0.0383387344552983	-0.0207025709477695	-0.0117455255886385	-0.0338776202096455	-0.0064937980329405	-0.0061173747504558	0.0743534696194794	-0.001078556328791	0.0034615939431015	0.004444461918702	0.0042972494395307	-0.0009417784239446	-0.0100773196783585	0.0026638916024375	-0.0137351585075883	-0.0126909204854371	0.023580732724603	0.0070918787446777	0.008441861436798
HG03085	HG03085	0.0168564502000143	-0.0222358173518658	0.0722001571379556	-0.0953677375710479	0.0123721625708555	0.0082956504123332	0.0092697714156183	-0.0426138763301443	0.0975132031447209	-0.0520139570726627	-0.0468739646810028	-0.0439411693915308	-0.054525519008855	-0.0328683076995861	-0.0229811293080193	-0.0413087428704906	0.0693552945648107	0.0467594470791145	0.0602564302449585	-0.0112582309599914	-0.0576067922278906	-0.0202053252339104	-0.0097226192569677	-0.0292414652004778	-0.0336763531181917	-0.0017317055166365	-0.0104753598226222	0.0815626980043523	-0.000549997387818	0.0007206908543132	0.0012349024936037	0.0022602692492563	0.0007587639005391	-0.0138897293076061	0.0122802840153774	0.003219047228305	-0.0148789852720227	0.0275847973285761	0.0024471554539297	-0.0034696469968148
HG03086	HG03086	0.0128800015154367	-0.0033093729337725	0.0542464938168576	-0.0493534535848404	0.0123681905267689	0.0352872461215434	-0.0195695012759279	0.0668680721684853	-0.0221483272657144	-0.118982939770465	0.0626168504260094	-0.0179953895440655	0.0586695676902594	-0.0390577875992776	0.0796821546440164	-0.0846402614849552	0.0280727812664537	0.053745410215311	0.0738937138282031	-0.0481400305262438	0.0298133072487069	0.0637812137988409	0.0155332485794806	0.0899564153663872	-0.0337707809152124	0.0036855999170224	-0.0069582973023798	0.0776418356010198	0.0014057362254652	-0.00147255276225	-0.0021361444227844	0.0057762217624667	-0.0035097482799059	-0.0268705366745106	0.0110969739489676	-0.0005274836810026	-0.0108625684337167	0.0142350182222701	-0.0047749113169787	-0.007342534111659
HG03088	HG03088	0.0100696259236243	-0.04819153633497	0.0835507902119125	-0.0181585681195435	-0.0601640932362364	0.0620193427458736	-0.0666835288118746	-0.0030082402077483	0.146124103797496	0.0037980708601835	0.000716841255343	0.0228620926914793	0.0882707869687903	0.0164123798838389	0.0567983488759095	-0.0802328350305843	0.0016289786133731	0.0120220650105768	0.0737195751588435	-0.0951600727953703	-0.0994618918442061	-0.0374201805150865	0.0651078099201479	-0.0030500585019331	-0.0353422213290481	-0.0085100106942793	-0.0007401174339344	0.0229553039214457	-0.0028710550946594	0.0030402896633473	0.0011489465390372	-0.0023442621063137	-0.0049631050892968	0.0049214118368462	0.0041138053511749	-0.0061038169598543	-0.0028555436518275	-0.0044992040137174	-0.0118230568281875	-0.0264531796695063
HG03091	HG03091	0.0145637068276751	0.0332287192250559	0.0469626289058328	-0.0743002891671755	0.021720438221497	-0.0445021228307445	0.029785170838262	-0.0472866157490891	0.0709418423543141	-0.0292614550522651	-0.0704588962011215	-0.0222439534815972	-0.0327813309972034	-0.0432244253848241	-0.0490788101175652	-0.0427120555406349	0.0860984109747608	0.039312696900887	-0.0299732183119562	-0.0304261174131818	-0.0774506023162756	-0.0176691798896167	-0.0250242566967133	0.0148486547762743	-0.0341460943631888	-0.0031817062206179	-0.0047614742374091	0.0722779623694515	0.0008484767782874	0.0045797061137854	-0.0042012537442085	0.0082462044001159	-0.0102592657447067	0.0051725835402667	-0.005144722019832	0.0090735487392651	0.0034804780001717	-0.0180963176594261	0.0024508612515251	0.0081855138809951
HG03095	HG03095	0.0243056447273563	0.0318767244696257	0.0528223018411408	-0.0654638990871558	-0.0232515071216664	-0.0251767231411045	0.0407038176252667	0.0033776903767917	0.0576661039412562	-0.0193729154350578	-0.0672282231196897	-0.0607934812234915	0.0291592649477048	-0.0588490667301547	-0.0254002302347181	0.0063945803146744	0.046480193797195	0.0129002828537133	-0.0030607541367964	-0.0445397899573219	0.013460170409776	0.0205771166512268	0.013329009924955	0.0645060040777996	-0.0351286851665035	-0.002725360292084	-0.0042585930825593	0.0712014710727498	-0.0018646347684853	0.0025312123680028	0.0057940653401234	0.0007892562590996	0.0020596633665455	-0.0097688934795349	0.0102733865632777	-0.0043470023592059	0.0011740887382241	-0.0021056974915986	0.0156007502997231	0.0114728593186614
HG03096	HG03096	0.0026849660758652	-0.0183690044782936	0.0382688411014616	-0.0283879525409866	0.0644004992482748	-0.0910836626406631	-0.025144673866464	0.0098300597348006	0.0055768869564439	-0.0505923115687086	0.0740268598335049	-0.0509603027237405	-0.026573331036422	-0.106672105390492	-0.0050048961801578	-0.0341224866947378	0.0330854037457288	0.0108324675513015	0.0512598853917855	0.0171512657991159	0.0830800508194076	-0.0056396044884318	-0.0524267856002247	0.080504827305271	-0.0390435688607768	-0.0064892988292071	-0.008753606334254	0.108108695510118	-0.007842652976689	0.0078916870957763	0.0142909757911917	0.0041249306878984	-0.0208856653562866	-0.0656430435436329	0.0020633303113564	-0.0045675487585077	0.017765865377258	-0.0110638512496063	-0.0633503954405693	0.118524311109624
HG03097	HG03097	0.0002928133013698	-0.0158328395596253	0.0566878301388914	-0.0715461130602419	0.0887041328322155	-0.0786252537310109	0.0294028976052502	-0.0437813042340623	0.0399973574483953	-0.038748999837164	0.0340070601647922	-0.0800531456965804	0.0031534693548935	-0.0233308763688366	-0.051346504693395	0.0188655306658891	0.0804976989661792	0.0007370974455509	0.0487834634287491	-0.044999812118656	0.104469506888143	0.0333332629210811	-0.0915228084164945	-0.0232027011536582	-0.0395454264543914	-0.0029164184849189	-0.0110455824056776	0.14005647756435	0.0033798776488897	-0.0108433420982329	0.0053108594099316	-0.0770586958390375	-0.0139748851231599	-0.0092608912656025	0.0873707275971323	0.0374323990873663	-0.0672198042836297	-0.06445751606724	-0.499291147814997	-0.537864926900159
HG03099	HG03099	0.0170623540326566	0.0032115455263501	0.0637838709600096	-0.0821420964911873	0.023713343963275	-0.0049179851585307	0.0244081385336392	-0.0210892035442445	0.0892832351179437	-0.0028299240287373	-0.0392211767643593	-0.0556990428060015	0.0047851807015626	-0.0118338810160907	-0.0071835513017918	-0.0299626759807324	0.0826075882501035	0.101771869430795	0.0268709775420593	-0.033956020796382	-0.0157443584608969	-0.0097149696402569	-0.0053244315906902	-0.0223516500109107	0.0027092097065934	0.0728786388104442	9.58824033333895e-05	-0.0201058895162223	-0.0012222040423674	-0.0005110774007299	0.0058284044583687	-0.0015351011421735	0.0028197682836747	-0.0036996715568791	0.0070973518971142	-0.0023641390431665	-0.0013525386818594	-0.0023503525426118	0.0015976546762725	0.0035742359777436
HG03100	HG03100	0.0111861339017544	-0.0212488354150022	0.0768770322921811	-0.0901112282819173	-0.0049165462818762	-0.0089941195245657	0.0304302149641886	-0.0488655340984158	0.0872238539157905	-0.0372301372704711	-0.0568111363811371	-0.0355194890373481	-0.0187352288850352	-0.0816186978645382	-0.0220963211765107	-0.069264897700524	0.0161823753684048	0.0482909793692304	0.053934218507967	0.0173952803238315	-0.0034177909345535	-0.0968714988133198	-0.0117894340078146	-0.002762324948326	0.0035491334526129	0.0704854021984783	0.0018973814543858	-0.0314839553291144	0.0038554571465078	0.0027479211853238	-0.008072997351742	0.0025531396348376	-0.0101003654926782	-0.0032456727744722	0.0014402083802771	0.0002662765115696	0.0091514287575607	0.0088104543082904	0.0105183860902841	-0.0062464376007286
HG03103	HG03103	0.0289517562212405	0.0049234588166556	0.082718792211364	-0.105164551550795	-0.0307848394746348	0.022372546057797	0.0573175694298052	-0.0216797877592594	0.0866117782395046	-0.0698765412581947	-0.0679748570017903	-0.0688342781947268	0.0120935906114081	-0.0310283006317105	-0.0233846269422391	-0.0262487475547749	0.0523472693298176	0.0351013756840082	0.0876041278054947	0.0621050632834726	-0.0145094005183076	-0.0921855147106085	0.0159193630530002	0.0020918118150963	0.0016317084525328	0.062456075088928	-0.0019077940386654	-0.0221150362954771	-0.0011259901324973	0.0045067073276756	0.0021371728724436	-0.0059832974513559	-1.92580275525586e-05	0.0023989971654321	-0.0048241205272291	-0.0024692362539401	0.0061972593062491	0.0050543973760393	-0.004244331064365	0.0020071214011223
HG03105	HG03105	0.0303373584736828	0.0503601852749155	0.0556758067883008	-0.0634311638611385	0.0139043505869688	0.052462621954387	0.042288842890148	0.017433399700418	0.064714239296826	0.0026876177759641	-0.0710707022227064	-0.0840476749861587	0.0823348246028881	-0.0074868289348223	0.0187753320463826	-0.0253025342556433	0.0271194889429206	0.0606631471587372	0.010540996846468	-0.0266026843907614	-0.0554131244891522	-0.0015928440441167	-0.0125916345798299	-0.0086194577408878	0.0004906177155751	0.0661543682803067	-0.0010443840458413	-0.0234554180061518	-0.0047186240979263	0.0031149434824552	-0.0033186489015738	-0.0020799267782741	0.0042856962456671	0.0043616350898715	-0.0021199801423008	0.00064379210219	0.0014078082529949	-0.00291998045797	-0.0031902885472595	0.0065211182519557
HG03108	HG03108	0.0195752421983626	0.0197319982520082	0.0749552079424641	-0.0680260917857441	0.0293681459412385	0.0591476792354516	0.0308604375505523	0.0064256681941759	0.0777170928964937	-0.0123375470474968	-0.0602316634999302	-0.0670231128595612	0.0305132544417994	-0.0062605265515177	0.0086471518626881	-0.0322489922213992	0.0541962899579426	0.0810416254032772	0.0284567511549755	-0.0165342682527381	-0.0291251371854583	-0.0412514408914798	-0.0120667227250918	-0.0129993588531784	0.0026022885269105	0.0802287886031238	-0.0051817150217826	-0.0367393922958329	-0.0063075851926298	0.0041354319514807	0.0011850148347753	0.0130319015327133	0.0092287668733562	0.0068836846458562	-0.0073794202486895	0.0010343229150798	0.0040648357755792	0.003056945651263	0.0053784932204424	0.0011600306675605
HG03109	HG03109	0.0062828448918846	-0.0337470073761061	0.0692931721814449	-0.0391568683914662	-0.0091207006712137	-0.0123764131131456	-0.0040858363409369	-0.0276963790298049	0.0781436459799234	0.0011816242654047	-0.0170988825900786	-0.0308464743226237	0.0300536523727657	-0.0524063202401105	-0.0308703567338926	-0.050751351990941	0.017466944157975	0.0493831448236513	0.0533688365489255	0.0122874746094861	0.0206132026639731	-0.0384632726299943	-0.0056813557830891	0.0266195595080805	0.0019245154727402	0.0705251181673232	-0.0006960320761751	-0.0246265744598432	-0.0022673590211758	0.0031626128235892	-0.006548615943105	-0.0081796034243512	0.0036469103373165	0.002286166952302	-0.0004266397223879	-0.0071289934446171	0.0054600436810031	-0.0120907427495411	-0.0035754561632456	-0.0005929804157425
HG03111	HG03111	0.0130328071818215	-0.0291509952717993	0.0709179424157761	-0.0383248845413254	0.0240365593515814	0.0626218713399489	-0.0013824723988763	-0.0135457837556362	0.077874293711654	0.029983392180143	-0.0362048423592103	-0.0518936535422854	0.0709453555518765	-0.0187408987226029	0.0372788804024405	-0.0264695971575579	0.0266689931806815	0.091304088703415	0.0187990214256932	-0.0663157728382487	-0.065152504139563	-0.003001828481952	0.014874114085226	-0.0019250917099072	0.0049310010449807	0.0664246611146518	-0.0011412548529347	-0.0211225723372381	0.0001465824098402	-0.0008469205599366	0.0019582506521422	0.0074745974805869	0.0167518070983886	0.0151010216003914	-0.0086425419081447	0.0122169981796645	-0.0113836708861287	0.0125102481282292	0.0084274178907508	-0.0014154704463401
HG03112	HG03112	0.0132736023601525	-0.0327147674874233	0.0875586503211154	-0.0706656386791427	-0.0112793652283234	0.0796410251566204	0.0130803586679653	-0.0210293653643572	0.0779472615545753	-0.020159174502992	-0.0505767761841702	-0.03006061555005	0.0598806456060084	-0.0381341440663797	0.0437005028614954	-0.0669796197868573	0.0139923064919749	0.0684278464806029	0.0529170275027919	-0.0293672328532571	-0.030986529068071	-0.0355429300278823	0.0268462125558773	-0.0090609937711659	0.0054794194762843	0.0670441358207633	-0.001329304822881	-0.0220944255399866	-0.0047978958282914	0.0033670693468812	0.0016549824882462	0.0021793115985936	-0.0093131855701727	-0.0103275503626755	-0.0058091165837398	0.0095671071200207	0.0016371737282006	0.0044373452615927	-0.0005441645543537	0.0040597571191579
HG03114	HG03114	0.0195907826095867	0.0381050353947766	0.0453229102328849	-0.0653481168031615	0.040098822186313	-0.0391921174594489	0.0206243516704394	-0.0002292519610403	0.0589344262618424	-0.0220470211847572	-0.0164737668140181	-0.0791734958613534	0.0200320270939375	-0.025218439513816	-0.0140252516593522	-0.0211662870045847	0.055806202132378	0.0441713246535833	0.0399556898411647	-0.054936664498888	0.0367132153091511	-0.0089699150938135	-0.0746976664556128	0.0018593692798045	0.001194054105717	0.0770979951943557	0.000204602092732	-0.0284569277022666	-0.0069403351935103	-0.0016585263646338	0.003875847290412	0.0048145485663502	-0.0038407044530051	-0.00321473366515	0.0139662399555579	0.0049354369009624	-0.0014385050056369	0.0049135381277831	0.0168378366637013	0.0056105193670426
HG03115	HG03115	0.0249079374173858	0.047374608227139	0.0580084458726896	-0.0792844573678752	0.041944645375062	-0.0294230426954931	0.0464291653859406	-0.0032032972834072	0.0643167066131057	-0.0051974443493997	-0.0658212088906918	-0.0635885337758729	0.0203070900431835	-0.0257659078355367	-0.0258309766547201	-0.0395006072639321	0.0200868654124593	0.016374071229236	0.0416051795168632	-0.0341959936068593	0.0072849623013016	-0.0386199039533479	-0.0451015203624247	-0.0043767005558651	0.0010798950327405	0.0698603534402463	-0.003144438126264	-0.0252622973689334	-0.0006535593041045	0.0050955943396441	0.0018530533780653	0.0095775073197168	0.0105591015321574	0.0094551395385469	0.0005816762707955	0.0062963121278959	0.0013715606863419	0.009749686009362	0.0004373649947329	-0.0041794154364946
HG03117	HG03117	0.0211950549657788	-0.0040405039549682	0.0572677287130208	-0.0918333991008033	0.0352035044698978	-0.0402419995615488	0.0303268786178168	-0.0066210064303765	0.0885114758216913	-0.0093723990490576	-0.0360700081925585	-0.0335851911067592	-0.0173145328765915	-0.0700354987689451	-0.0207294858511965	-0.0496290919637384	0.0492498500208326	0.0217940623781819	0.0184809177296269	-0.0416768029116761	-0.0010333593922368	-0.0510677439773841	0.0015539886341867	0.0306626598841376	0.0044058914366318	0.0705218941214672	-0.012001587391232	-0.0303529436198692	-0.001435926802045	0.0001656024111259	0.0024370569298678	0.0065179006043576	-0.0039409070057218	0.0092725512287768	0.0001155989605736	-0.0084850316359739	-0.007098341437847	0.0037498616852896	-0.0093087690090129	0.0088252395002716
HG03118	HG03118	0.0141335387736681	0.0387953313100088	0.0527047577311122	-0.0908414353656758	0.0472908436493762	-0.032513910798762	0.051602065450907	0.0167264112793488	0.0505024972737872	0.0013462635640213	-0.0606232676711367	-0.0536259119393886	0.0201327087869386	-0.0264166571590072	-0.020290326450138	-0.0142533804550924	0.0418418576264737	0.0316901969455664	0.0611410441481622	-0.0121827587912874	0.0425350327887061	-0.0609576588553225	-0.0523417192874245	0.0011957293000772	0.0026157461169127	0.0725931059793352	-0.0068456226018929	-0.0247261394268285	-0.0048026161290647	-0.0037797588099229	-0.0035350005684755	0.0005572225411538	-0.0006379260004691	-0.0050643748563788	-0.0004239062302681	-0.011916457892399	-0.0035332868483273	-0.0097513064144024	0.0019804136889351	0.0030932093695011
HG03120	HG03120	0.0124649443680141	0.0083764528320124	0.0741747284590989	-0.0661916126852764	-0.0255650554485314	0.0069825120610897	0.0157308619859825	-0.0027004513892249	0.0624258920598708	-0.010672345994401	-0.0465411721041851	-0.0228813141434225	-0.0050364284467314	-0.054803077245604	0.0006799217057537	-0.0601608490335729	0.0291123944649162	0.021870712166392	0.0363200686244093	0.0348837518291046	-0.025602337284357	-0.0620361814745669	0.0350038884458532	0.0272347298862918	0.0017444343320112	0.0725545369202584	-0.0078012165271004	-0.0324296236645798	-0.0016754537359718	0.0036259050103077	-0.0032155414821431	0.0003046228985626	0.0039375264862779	-0.0027317197176664	-0.0103488152698368	0.0023667737787499	0.0052606125598774	0.0020479312476079	0.0019719038980925	-0.0043448021605072
HG03121	HG03121	0.0104501657585283	-0.0087975066558397	0.0742844311950212	-0.0817590734700924	0.0084598751786351	-0.0212078449389523	0.0076038933143015	-0.0244850551958029	0.10899501342266	-0.0382372133686295	-0.0231197259103139	-0.0445185055987309	-0.0115069855763356	-0.0035666878505844	-0.0044252410340986	-0.0281498346022265	0.0792461233735517	0.0463838845947036	0.0568545225524827	-0.0134247147680655	-0.0158600539260609	-0.0424216832272546	-0.0175062974075767	0.0117421753246475	0.0055221835384312	0.0768154576192384	-0.0014670714464527	-0.0321466685384816	-0.0040190740209003	-0.0014679911335227	0.0018624142215474	0.014187264486348	-0.0089289435009192	-0.0011233169343626	-0.0082526101998239	-0.0033435471427814	-0.00535749981218	-0.0017728498892194	0.0092858274573985	-0.0087295637953499
HG03123	HG03123	0.0030909311020596	-0.0223926870188515	0.0870618960785375	-0.0793251206573825	0.0020885672998002	0.0306569580295299	-0.0043677973769903	-0.0337991794122195	0.064881003135627	-0.0351944447651345	0.0184639085606418	-0.0495292990834939	0.0452017506900131	-0.012500084595127	0.0182498099685873	-0.0668615297072552	0.0370232949237241	0.0954390765324101	0.0279956772442309	0.0070007603884496	-0.0172806200479745	0.0334238928054317	0.0282707791957289	0.0025122005554142	0.0036176177534035	0.0748296856206373	-0.0026520102349793	-0.0297336014421295	-0.0035404273728794	-0.0017562564444214	-0.0001385810900848	-0.0125006555136922	0.0005449505062012	0.0024787975273945	-0.0022086297401533	0.0068612282976415	-0.0034943271588457	0.0037640693321808	-0.0156556171372196	-0.0055139242935021
HG03124	HG03124	-0.0699518980332386	-0.0057087648893472	-0.025640508167814	-0.0222089871276219	0.0358387917066424	0.0338692835889734	0.0640600512114566	0.024068836648444	-0.0403561727528208	-0.0510377086267508	-0.0550880105071498	0.0663953523371007	0.12065538783103	0.0374681604534664	0.0442681014288822	-0.0545212401003307	0.025502503652321	0.0762824597191483	0.0457238267571594	0.0525058307264725	-0.0100928409279367	0.0305596760881249	-0.032991941829325	0.0650692505704584	-0.0006911121089229	0.0699178249993389	-0.0059446601096137	-0.0272882013584507	-0.0066629748203168	0.0027203304298269	0.0025003124118678	-0.0012871249093236	0.0022368509950771	0.0064382294384175	-0.0041448738766328	-0.0088346458199975	0.0086377397974968	0.003622127379104	0.0029567347792311	0.0034234041100505
HG03126	HG03126	-0.0340422324389644	0.0299809237162659	0.0185911988070949	0.0214747563034423	0.0083496002667154	0.0365296279755454	0.0011989062581189	0.0422742156087119	0.0220352696823562	0.0048060411484469	-0.0257372267140825	0.0287311262832916	0.0558238615162203	0.0364638683840158	0.0618640667286307	0.0194659876355835	0.0297022738649842	0.0518221635228411	0.0240911521183338	0.0316618071118971	-0.0395762905823102	-0.003962729483735	-0.012733826182015	0.0233508472140806	0.0003596275430091	0.0696161956791128	-0.000411421606969	-0.0263573349013338	-0.0029627338931915	0.0005064884999484	0.0001699346497478	0.0017045114514677	0.0015969743020078	0.0074566698915569	0.0054936681541769	0.0014373148537488	-0.0016226315260398	-0.0075955044121809	0.0063336383643177	-0.0084658642996655
HG03127	HG03127	-0.0197697711691342	0.0557385868618175	0.0338193731128835	0.0549633345513831	-0.0913038476881266	0.0124106000120573	-0.0235649238852226	0.0426936285098576	0.0295124082581143	0.0857919159517274	-0.0301166944414953	0.0212968372726442	0.100182448365786	0.0829829703943633	0.0473654754014778	0.0372688475985684	-0.0195642301773797	-0.0029676718714734	0.0512560292663017	0.0433800239043474	-0.129378357501299	0.06071382313391	0.0793927971310652	-0.0038521246578176	0.0023467863216067	0.0679686280741273	0.0012593745914943	-0.0256376165925295	-0.0067663648584866	-0.0019129752406017	0.0045118293488169	0.0032844810950987	-0.0106930157834363	-0.0053005406845833	0.0074356730962345	-0.0032157651876501	0.00189417724112	-0.0045782341120636	-0.0091107118176004	0.0112144937527373
HG03129	HG03129	-0.0248891052725689	0.0402533079781252	0.0611318550205192	0.0347174544321258	0.0009513420316265	0.0522235686315168	0.0249729458340027	0.0294634355607123	-0.0318418581089155	0.0483877710740567	-0.0139158337612014	-0.0203923019077834	0.0512364030182891	0.0439338010805636	0.0225801343673742	0.0491857303183127	0.056008588475603	0.0349560451992272	-0.0440834063933098	0.0175459107501424	0.0298675226947639	0.0009709260318864	-0.0029982187214291	-0.031097032806797	0.0033757024770458	0.0702998795787842	-0.0056576571229622	-0.0209554561798949	-0.003208859032809	0.0045915673028959	-0.0075614407805116	0.0035510325753165	-0.0142461742426627	-0.0098870219315657	0.0084991753113252	0.0034170169146249	0.0022917956442415	0.0162765816928428	0.0047983422121357	0.0017707458039972
HG03130	HG03130	-0.0830144840102956	-0.034059174780506	0.0383243030365872	-0.0978687882542266	0.0489966334973653	0.0262670949416494	-0.0103906614173362	-0.0269022461925464	0.0243821656289462	0.0037685945102122	-0.0126627977425938	0.0861062227859773	0.0158264630174121	0.0154132334317351	-0.0073754692856569	-0.0674773839323171	-0.0080705542478585	0.0090219552828503	0.0515381157987346	-0.0258455832725833	-0.029901908446296	-0.014071543893904	-0.0375596566206265	0.0257329569625475	0.0022616192510296	0.070581893098045	-0.0033528399978544	-0.0203634484979717	-0.0052726521613073	0.000661235118181	0.0012663193285479	0.0001236803220966	-0.011729436310466	-0.0035587503619615	-0.0054343101356616	-0.0098384676664224	0.0027078529462154	-0.0053223872945059	0.0008886826298411	-0.0045074929265666
HG03132	HG03132	-0.0200253716162964	0.182798521355231	-0.0350954861719104	0.0307312645985612	0.0481239553774774	0.0855811005270995	-0.0324594042276082	-0.138287480083548	0.0141010141076206	0.0602974143347755	-0.0117097379381604	0.130581387370863	0.0072204440377223	-0.0263198274759512	0.0241820804910201	0.0366958735579652	0.0172234294465177	0.0622887433118134	-0.048208267192387	-0.0231591330288618	-0.0663454899265097	0.0025065444473056	0.0107090613862431	-0.105991534465218	0.0005360402266564	0.0644113100044919	-0.0014421664974713	-0.0215255158879796	-0.0017123033134694	0.009602973813224	0.0038685824753451	-0.0011383255218796	-0.0066180469513736	0.0057459972961724	0.0049299650860275	0.0084920209661861	0.0017099367939899	-0.0039614229584312	-0.0012600413824347	-0.0043554913397633
HG03133	HG03133	-0.0785276090386119	-0.0334223216290124	0.0092786864180868	-0.094480345129916	-0.0102366334217903	0.0657930131678357	0.0074901856651007	0.0056263831655664	0.0134135598030654	0.0477888320523508	-0.0522479482911535	0.0205446507730537	0.0551697579027676	-0.0018039883004161	0.0406830154014659	-0.0509895900634784	-0.0307627309078984	0.0493855600673554	0.0625185747828889	-0.0565230846424907	-0.0124506566186126	0.0303863641628765	-0.0387356564725106	0.0028600331910998	-0.0007818067195522	0.0719999139277132	-0.0025573577650298	-0.0288002201489054	-0.0044554478583803	0.0033714622630976	0.008705418508555	-0.0002756726349398	-0.0046439831766453	0.0070841173668736	-0.0004972197853863	-0.0008876709745991	-0.0039584533742197	-0.0022635983911688	-0.0010531421257618	0.016567945467686
HG03135	HG03135	-0.0678247296028573	0.0426020970481612	-0.0183089995972739	-0.0605564456711903	0.0329475805646107	-0.0621694387952658	0.0173661633892233	-0.0071551921165257	-0.0086801325280535	-0.0034663451948662	0.0210712993971175	-0.035588998967896	-0.0107742690192732	-0.0133985960387376	-0.0213132289268311	-0.0288182923559903	-0.0363733526845358	0.0093393203956086	-0.0046398203042301	-0.0239668650812565	0.0023753579183185	0.0537883532745421	-0.0758708722835918	0.0013671599031777	0.0033576912132684	0.0638319037240012	-0.0062339751503187	-0.0227939970152045	-0.0027375380246186	-0.0061237497537743	0.006127295580999	0.0072589532732127	0.0067546300187104	0.0054007852942762	0.0099317022977623	-0.0075861143802778	0.0032575442880659	-0.008010090755168	0.0021516495564561	0.0026939140963592
HG03136	HG03136	-0.0615374885464536	0.0723345772263636	-0.0252000603669508	-0.0858489375663067	0.0585338514389151	-0.0252786782082986	0.0275572196907212	0.0370670494201424	0.0305962070887384	-0.0425076152483288	-0.0416353942027364	0.0144044693577476	-0.0018440104207281	-0.0167176989313476	0.0043234817050041	-0.0601684699996806	-0.0627097755957415	-0.0130642928024292	0.0554643497729467	-0.0294003648567269	-0.0015502450355149	-0.0152686647258547	-0.107714005783671	0.0618192594388108	-0.0003171506366796	0.0673435271077678	-0.0029657326904988	-0.0229630889756036	-0.0029788578629101	0.0043792753861917	0.0014587081659818	0.0060607701263896	0.0084952912670743	0.0052416961654983	0.0134992370514262	-0.0066319923229926	0.0006517372306215	0.0023291401796944	0.0119416854837102	-0.0063849339118952
HG03139	HG03139	-0.0612684526546512	0.0361895320199621	0.0117050493916444	-0.0908796955296986	0.0604637023488274	-0.0439835118665424	0.0442867337135688	0.0184854081355441	0.0214450410521559	-0.0077514873573316	-0.013056596829815	-0.0211013096356442	-0.0292000176437073	-0.0272344924946497	-0.0094290121041846	-0.0340063717005009	-0.0318283812012397	-0.0004445796829814	0.0428376604278284	-0.0161970275228061	0.0342872774613476	-0.030383928125681	-0.0843824072269574	0.0428245587347572	0.0047194502158084	0.066441213133159	-0.0017444913656902	-0.0207409922849155	0.0008653516826614	-0.0007444755098699	-2.98427490294813e-05	0.0048885002865032	0.0095982928001302	-0.0044894235629758	0.0021271023619556	-0.0008860108184461	-0.0060507544632682	-0.0001818228228819	-0.0116565109029555	0.0071435119056741
HG03157	HG03157	-0.061727293844173	0.0189436910546317	0.0164402229922588	-0.0312355125601815	-0.001989411073043	-0.0862077743469028	-0.0015820058343012	0.024676287290211	0.0154716162576834	0.0539686634767179	0.017949020704575	-0.0173131426487073	-0.059732337937112	-0.0369898523559724	-0.0244121672541792	-0.03104802436153	-0.0745811581128512	-0.0023194153591966	0.0304910618893091	-0.0021760101873908	0.0218388794493004	-0.0510600803251827	-0.0517908007860978	0.0432295523389137	0.0010718065607233	0.0616595085209948	-0.0034153583972784	-0.01988840707756	-0.0017206715319623	0.0073330072961977	-0.0035643973573317	0.0053266008690673	-0.0022526642833427	-0.0030054153116829	-0.0053095558704377	-0.0074240229319215	-0.0054894561507283	0.0045698953492885	-0.0099392599128432	0.00431487098947
HG03159	HG03159	-0.0605434277012	0.0359501849519498	0.020021795147594	-0.0399573195853609	0.0210610920116466	0.0046150250215563	0.0124881229214373	0.0251487553298284	-0.0496410911160724	0.0265695890515971	0.0146336768480136	-0.0320735546085591	-0.0071532725066361	0.0093608902925724	0.017058777124642	0.0149793263663278	-0.0193198643937586	0.0224201295961588	-0.0177123151155667	-0.0419192621709457	-0.0171106741859147	-0.0070474854446866	-0.0360201495107682	0.0243510595598805	0.0030524116325309	0.066945953778529	0.0005745424199932	-0.0269150374206684	0.0001653519217611	0.0032513695408902	-0.0038238487581732	0.0169260202588451	-0.0069415111813125	0.0027309325731947	-0.0007394320129721	0.0050499361681963	0.0129679586227939	0.0116657388726986	-0.0115173354639548	0.0212999298574404
HG03160	HG03160	-0.0535926871878596	0.016669278119718	0.0285175263124493	-0.0444401404502858	0.0418024797570953	-0.0036493348449545	-0.0142558034641786	0.0509178500073832	-0.0104767353523851	0.0234842120835808	0.036008634769896	-0.0113364139057423	0.0314533757089609	-0.007321394548709	0.0111847577696266	-0.0708511640034013	-0.0952760520876901	-0.0386166667129672	0.058206101429752	-0.0144123100872671	0.0339002314359713	-0.0303197198536358	-0.0253746499288695	0.0535104759504407	0.0026431198348419	0.0677621971709921	-0.0008728468601381	-0.0298639881055937	-0.0001150071881914	0.0011922518502585	0.0143646115517946	-0.0059672834545779	-0.0019150921765524	-0.0049744621292508	0.0105871549370255	0.0075873406332453	-0.0052137331757581	0.0047314827517729	-0.0153733718111389	-0.0047309376860531
HG03162	HG03162	-0.063395226184278	0.0221697692085966	0.0323416094082888	-0.0476059714834665	2.66339772576556e-05	-0.0089080621534843	0.0003613624516458	0.0196548008546085	-0.0368752135347248	0.0122006164030079	-0.0065302550100793	0.0242689317169778	-0.0624368861198542	-0.0115989752134661	-0.0031194823324119	-0.0506626042556329	0.0071003549865363	0.0137953342007348	-0.0098475880406503	-0.016776728789444	0.0186794839664617	-0.0174827137042871	-0.0210183956383709	0.0312005652943569	0.004477284002556	0.0729670876473139	0.0010796271663362	-0.0301362112862373	-0.0019738935947996	0.0029506199995437	0.0026162312109361	0.0061678488943543	0.00105596672964	0.0014771274660582	-0.0062631644866374	0.0105254591200648	0.0019568388301271	-0.0200249492920347	0.0003210919385251	-0.014018593345975
HG03163	HG03163	-0.0566106518407285	0.0811980757374208	-0.0033891837770619	-0.0466357234328176	-0.0563373564604042	0.0473774850069534	-0.0005027936073481	0.0914596532441445	0.0125654048196933	0.0420637050694977	-0.0563345757232757	0.0361799886912435	0.0774581073157215	-0.0048653331956758	0.079476542294601	-0.118643016700895	-0.105654769004993	0.0117881642064608	0.0435653273451909	-0.0230997507520082	-0.0808673185104556	-0.0394670171785718	0.0111579965034306	0.0517343966575189	0.0040327527693774	0.0759987438714563	-0.0028742778448924	-0.0261019213045919	-0.0035096026661015	0.0042015516260504	0.0026241152127009	0.0015103907019201	0.0147764082944136	0.0023966996725436	-0.0038741185870405	-0.0077752578993093	0.0010971470525582	-0.0021680641064253	-0.0058581388969171	0.0083808539641356
HG03166	HG03166	-0.0470089565038257	0.0168716869307419	0.0413864825613691	-0.0477010759360376	0.0105496109455142	0.0079398271731304	-0.0428902946708137	0.0695563826912332	-0.0370185940692093	0.0398804326000191	0.0523773858470426	-0.0121633415261851	0.012803927243671	-0.000333843781651	0.122390501792349	-0.0368833840134188	-0.0738513276419239	0.0098813853951767	0.0402207370762611	-0.0123671089752574	0.0136541034991326	0.0273447310528279	-0.0233591657769126	0.0161997658686489	0.0016619412645185	0.0705476880062815	-0.0028507023542817	-0.0316102436681904	-0.0061621961044607	0.0029306575957529	-0.0021911384539701	0.0014358945978165	0.0021002806340872	0.000106130235294	-0.0014715657263085	-0.0022667783145441	-0.0014793962708651	0.0013516253410118	0.0070637500087338	-0.0070304859817992
HG03168	HG03168	-0.0720954786120015	0.0344442858355813	0.0073686935031552	-0.0460674690602629	-0.008891941084897	0.0316565799875344	0.0116714557196405	0.0407517949419628	-0.0087015302467275	0.0370009068835838	-0.033326659913559	0.0114401086146866	0.0433648334290495	0.0280226085301178	0.0309031890837518	-0.0457214941572444	-0.0512235004495178	0.0754281341718024	-0.0204134726644795	-0.0632728722964057	-0.0335950692490086	-0.0071825048423723	-0.0351571880774598	0.0378709643244386	0.0019175095166572	0.0622724158024058	0.0016178315893899	-0.0261014786334198	-0.0037727736732418	0.0031832988106694	0.0021119565116739	-0.0024337202347728	0.0142203674644183	0.0173714122939056	0.0048469492854518	-0.0098050984643977	0.0036497318478729	-0.0105311305988395	0.0070368227813648	-0.0040104034190796
HG03169	HG03169	-0.0373126994035493	-0.0104868089383841	0.0489412190839262	0.0255556236339658	-0.0279065164735859	0.0780205762874689	-0.0020956686489575	0.0038949188162749	0.0740927129235078	-0.0245624974249019	0.0036048185663863	0.0174124897801479	-0.008306094806044	0.0351851853779008	0.0402299525707829	0.0245269106376751	-0.0477291946853401	-0.0344957094621374	0.0565061341878746	0.0652688357506251	-0.0833034259732485	-0.0546578537525233	0.0520245184928387	-0.0020407095605523	0.0042592589695326	0.0688767828844149	-0.0044588691401083	-0.0248881816691273	0.0021561133671477	0.0050141808006498	0.0075835416217286	-0.0015600697865768	-0.0075953311482883	-0.0182597052120354	0.0027466352495851	-0.0047887016791675	0.0077999780716696	0.0089435700929339	0.0051951331628195	-0.0171260584821905
HG03172	HG03172	-0.035941648057841	0.0210097852338582	0.0855633024880621	0.0117069592208491	0.0555744281126898	0.0841739669685769	0.0590652505010916	0.0094726107103115	0.0209907583385372	-0.0099076435945231	-0.0287039198981814	0.0177394159020059	0.0143663384408857	0.0369500706852955	0.009684897053397	-0.0481262779750964	-0.0635078736341441	-0.0873220054257121	-0.0218000224280321	0.0185878377625255	-0.0469446111379989	-0.0099926850983293	0.0662658306074127	-0.0111739926042951	0.0019273200270843	0.0542931930110399	-0.0019860715315182	-0.0169471874315525	-0.0074487659249984	-0.0033397963544485	-0.0026942129901847	-0.001929388671791	0.0016807431499971	0.0007794986091675	0.0041899872758554	0.0020162749579371	-0.0029271551125622	-0.0050413322535795	0.004914662779217	-0.0037910208452637
HG03175	HG03175	-0.0277909271129973	0.0309516600859627	0.0977233301770343	0.0291856284038595	0.0281837157115736	0.0561325885963091	0.0471908427108981	0.0073784188067857	0.0464569215940771	0.0198396089737379	-0.0194071242305934	-0.0009037239414438	0.0411325253022049	0.0566631558829657	-0.0213943712763804	-0.0157548271034927	-0.0722718967076638	-0.100315382712204	0.0131473269873037	0.0175488299652006	-0.0410459029372443	-0.0948613877442598	0.0484529647250142	-0.0055187693998958	0.0009893559867633	0.0703482349569621	-0.0020816216253032	-0.0234506340407054	-0.0031774803649188	0.0066954391070936	0.0031785217560219	6.97431413941815e-05	-0.0002459293384523	-0.0038972080670871	-0.0022445761435137	-0.0065584117009374	-0.0002847180761648	0.002125040925753	0.0018266526735482	-0.0031279237594401
HG03189	HG03189	-0.0477457658978128	0.0421150151580292	-0.0247494702704265	0.0235741906501788	-0.0297919447524514	-0.0510137869284994	0.0969416414317488	-0.002203024340772	0.0130069737833594	-0.0570054004736796	-0.0105097986739884	-0.0022409166242486	0.0104013877923238	0.0124674404374096	-0.0529811874094934	0.0248034480781995	0.0137270547915885	-0.0605434748108916	-0.0474493760916006	-0.0351121967892044	0.0092491262818296	0.0154706144618898	0.0370522945055925	0.0548885273549721	0.0018709551977532	0.0712560469062548	-0.0040185493656654	-0.0240567967747813	-0.0024012149201252	0.0036081490667421	0.003393629232354	0.0141119919339044	-0.000539861332992	-0.0006393411555765	0.0063396740704638	-0.006557587634361	-0.0021511818970776	0.0048135239455304	-0.0046120650107764	0.0126072513717768
HG03190	HG03190	0.0544973577473995	-0.0333830029281798	-0.00917815798141	-0.0091770614224217	0.0072523322149856	-0.0523779213930039	-0.0786521976732833	0.0472029175285076	0.0925005063812017	0.0339332278742219	0.0662992236054356	-0.0329847830822748	-0.0434921265691604	-0.0172047436669362	0.0479223376590699	-0.0327289555601147	0.0085091245119072	0.0338860881550998	0.078742673672624	-0.024998636611944	0.132593380886337	0.0325755489970222	-0.0414196502740889	0.0205511091785395	0.0036152730548208	0.0713629543289333	0.0013141468845867	-0.0310544554066959	-0.0038776725437894	0.0024833410986098	0.0035557871038763	-0.0032893193476121	-0.0088337899205819	0.0013901134153154	-0.0121314008611538	-0.0038300341440156	-0.0044411160454238	0.0043460102517979	0.0042921819412922	-0.0086762398571599
HG03193	HG03193	-0.008290250818398	0.178694225624002	-0.0139671315401309	0.0995783530632784	0.0697005506817006	0.0927636988250089	-0.106758828186214	-0.0799717969288738	0.0640382871331505	0.0413979790128861	0.0750502165986829	0.095207720889229	0.0084536855493515	-0.062145120044249	0.0762035317100024	-0.0058455450180444	-0.0343310102335082	0.0296511992346961	0.0045684708334664	-0.0039783047424382	-0.0567789695946185	-0.0486279396190445	-0.0034561861353463	-0.0534006767121051	0.0021628795615582	0.0657399494492485	-0.0014323418888742	-0.0303872772584423	-0.0032239813197473	0.0005013678114841	0.0070947843256962	0.003148065179817	0.0060032644689841	0.0016130208371771	0.0022221825613906	0.0002747377304653	-5.21721722960373e-05	0.003801171372301	-0.0003731844984009	8.51300177312801e-06
HG03195	HG03195	0.066832905932732	0.0078114132353878	-0.0324567619780854	-0.03097069479352	-0.0242395869856821	-0.0477823682700008	0.0243656043555692	0.0060567311864015	0.0281614752633037	0.0185481350536698	-0.0152163467617996	0.0147703277422894	-0.0534503217514643	0.0780584596334115	-0.0122802007685277	-0.033082677773378	0.041318497693195	-0.0232319003094317	0.0064756607594228	-0.0018458909460631	-0.0051224286614029	-0.0858314683997866	-0.0118141601285589	0.0354503114773995	0.002541550627398	0.0695391047302501	-0.0038599411711696	-0.0265580978997521	-0.0008164844106227	0.0069447794242977	-0.006682850446537	0.0019992854733239	-0.003042391268499	0.0113144838156011	-0.001781869956509	0.0107413417847439	-0.0079268713512763	-0.00603272211855	0.0026020812867465	0.005536441367312
HG03196	HG03196	0.056862912451334	-0.0638159208978021	-0.0387203629205958	-0.0275709874796236	0.0739890277755622	-0.0013759735097582	-0.0017087232447152	-0.0391662547234863	0.0465625391969403	-0.0150164780531313	0.0029767002613743	0.0271799053047885	-0.047940877225481	0.0502854772246615	0.0140077083104439	0.0129380797778371	-0.0099449761839179	-0.0415998314904617	0.0503842120369573	-0.0082076965375973	0.0293827525340643	-0.0478287140982023	-0.0495852626215872	-0.0155587747731082	0.0040669622415995	0.0692742880467889	-0.0029882022962928	-0.0282293676713513	-0.0037070922753729	-0.0001714040941644	0.0065450122610387	-0.0021654446966882	-0.0040351444433387	-0.0001032465841094	-0.006248038709966	0.0078718117765447	0.0003966209433029	-0.0139899163778517	0.0040739189206693	0.0022434854269019
HG03198	HG03198	0.0560486410292641	-0.0455138272896992	-0.0207327556238522	-0.0342352505911375	0.0769659207764103	-0.0322875659413439	-0.0245897904065519	0.0090798307097324	0.0430339174889866	-0.0214998792899337	0.046666600725387	-0.0054838720154611	-0.0106664425470953	0.026207411566152	-0.0282494610298031	0.0366575577315785	0.0256416694582422	-0.0060178358448729	0.0072689009024411	-0.0518107808658612	0.0685099114814804	0.0413675492388433	-0.0332035860948638	-0.0095862240502606	0.0028672208203224	0.0747786279781722	-0.0068559211970761	-0.0287637454435184	-0.0051391998416759	0.0072179869322263	0.0014449835073266	0.0053959220076207	0.0043374224631725	0.0103923351199237	0.0010991770589918	0.0007104894832356	0.0033203956346657	-0.0111175473882249	0.0067774315911927	0.0097722114922588
HG03199	HG03199	0.0842813393058471	0.0052131967600611	-0.0449903718476412	-0.0118118262585196	-0.0252144374821082	0.0203927140306387	0.0114825877458215	-0.0130779560861582	0.0186949857717614	0.0477783163150224	-0.0348528750027347	-0.0355047097822303	-0.0322509820098661	0.0398191689879291	0.0363352566195672	-0.03742659542671	-0.0699300456936031	0.0087313856169459	0.0010462004600391	0.0959720410961189	-0.0468549174906369	-0.0442567567708199	-0.0131162746834994	-0.0270623000562648	0.0013449912642515	0.0689084706683349	-0.0020966217512626	-0.0303398588261627	0.0014394770230971	-0.0067010367559991	-0.0067500220271329	-0.0030668555087363	-0.0060517967367658	-6.32967849796282e-05	-0.0134991989556119	0.0048514828137115	0.0027811072940056	0.0036809699458953	0.0081866576731027	-0.0043308766835741
HG03202	HG03202	0.0584693531406674	-0.0168554203993091	-0.0262482938397371	-0.0086639915106447	0.0627486714963429	0.0293396160624499	-0.0338080972047669	0.0602916960212661	-0.0038063276163462	-0.008665872625783	0.0414318438205645	-0.018439408937103	0.0134184320975867	0.037582857644144	0.0312952261292733	-0.0250174425073089	-0.051407977585441	-0.0055992142472236	0.081779417218469	-0.0061726238351536	0.0395104732710565	-0.0233772255167081	-0.0461040114354413	0.0319088293102583	0.005812330037778	0.0651546380489133	-0.0014008984959673	-0.0248995822014078	-0.0019375955058227	-0.0017735930854353	0.0048260677142294	0.0023396713659261	-0.0028758972856578	0.0009848513443492	-0.0037985933268714	-0.002904682884043	0.0012770591449492	0.0049470419545888	0.0034146278413137	-0.0107554085652868
HG03209	HG03209	0.028560260769836	0.153104028010915	-0.0072900525825196	-0.0651365260122302	-0.0309704034923931	0.0487760180176129	-0.0216632278401105	-0.14290862167916	0.0555998275405913	-0.0074136676989887	0.0021541941140304	0.0630066433997914	0.0136655741521821	-0.0717221212287773	0.0058551631594539	-0.027538739128557	0.0221132292011239	0.0220773806344023	0.0289253941555065	-0.0110518233617047	-0.086382681059001	-0.0076486168470281	0.0697602083593223	-0.0486941369832507	-0.0339513093628359	-0.0037425623338573	-0.0129887783881959	0.0818671737471234	-0.002554982485688	0.0014902858521522	0.0032599418001102	-0.0134119080095128	-0.0043964182098232	-0.0269372730908471	0.0086196061145102	0.0002892205910025	-0.0025278465908424	0.0232117150393757	0.0089199989266526	-0.0005790349435256
HG03212	HG03212	-0.0727272379816588	-0.0250607256204338	0.0449913943542685	-0.0833333393859454	0.0189484941104893	0.0637583739208705	-0.0087432046473705	0.0091736081631623	-0.0006363945668868	0.0202734904292051	0.0162288804703935	0.0580441719793363	0.0583446209095223	0.0099308016030399	0.0354245567620613	-0.121197249257024	-0.0532591654644164	0.0150904776213139	0.0265812747163199	-0.123403218441939	-0.0264915184947398	0.0606521139207711	0.0072261066084782	0.0466454430137986	-0.0354874366780775	-0.0022086440510483	-0.0078723805109113	0.0861160577239941	-0.000820358491949	-0.0002320309636929	-0.0058870942564823	-0.0039848118261328	0.0013502119652533	-0.0332183989829684	0.0099355147622464	-0.0101554974203431	-0.0094814802444106	0.0153998718891641	0.0169881308406256	0.0074772166735904
HG03224	HG03224	-0.030778148442045	0.0157444335673574	0.0271316623838724	-0.014758484529428	-0.0913338228636545	-0.0124336704634416	-0.135208161593558	0.0607143336378409	-0.0084252879680648	-0.0158146149223354	0.13416177167896	0.0842613131256719	-0.0226864896948768	0.128567323600862	0.0740555667635052	-0.138196921147077	-0.0464370372615167	-0.0236677145924749	0.0660536178060756	-0.0211391929732921	-0.0649597668622909	0.0472800993131192	0.114886993048746	0.0386821576294043	-0.0350309064123359	0.002017234802761	-0.0067851685395872	0.0889497842737736	-0.003265950629197	0.0035736960347201	0.0047994148824303	0.0084954501892827	0.0012166756961162	-0.0145521626169265	-0.001387462588516	-0.0003324112800731	-0.0120321538104789	0.0330359922862732	-0.0044610546465148	0.0109054754410019
HG03225	HG03225	-0.0704352782220172	0.0445748417991486	0.0076459670143906	-0.0986701708453901	0.0759471483211937	-0.0648533264373714	0.0470366919955442	-0.0107546354167399	-0.0184304937641593	-0.0713789208201766	0.0188389380682501	-0.0032643487975596	-0.0313728573527992	0.0320432080549282	-0.0206981196423869	-0.0197708157037138	-0.0270630721453759	-0.0367247544299235	0.040481917279152	-0.0040130995351722	-0.0006090614119648	0.0513104519448088	-0.0954747475671467	0.0399913191206432	-0.0352633864582309	-0.0025777686575684	-0.0083015109462364	0.0795048704487778	0.0001823667302985	0.003214447319319	-0.0105237790654113	-0.0173399227016975	0.008084601400955	-0.0394451146186209	-0.0015012960270095	-0.0126797508065744	0.0023770413679704	0.0174649646936682	0.0124040161746767	-0.0229377429757119
HG03240	HG03240	0.0806277407627001	0.172355116887296	-0.0847562926183214	-0.0314520028713155	-0.0855503037407676	0.099750813812645	-0.0978770869326947	-0.171105568652326	0.0698624272372032	0.072657182842915	0.089315015111755	0.140021634499175	-0.0080001318761955	0.0070194070995074	0.0759090100569382	0.0446330060045284	-0.0391788919943027	0.043060985538788	-0.0140172388870602	0.0505683559511175	-0.079175766465689	0.0313800413376835	0.144692089264609	-0.163805016979203	-0.0487192142213352	-0.05142159117532	0.0084294371761048	-0.0349671087545216	0.0019990032089278	0.0081581979737599	0.0026556665534006	0.0081895929428035	-0.0060710343426425	-0.0235504206619953	-0.0019852378314806	-0.006923511283036	0.0050665557804398	0.003156836888293	0.0133317082917172	0.0413075699395523
HG03241	HG03241	0.0417544253666108	-0.0349914952968713	0.0225071331577427	-0.0289959204147245	-0.052943609010797	0.0544221371599888	-0.0091880430680486	0.0215830594746038	-0.0816511735114645	-0.0058687392166524	0.0413428032752827	0.021142226222474	0.0359119407456933	0.0058725240403004	0.0108650113825407	-0.0192137725791011	-0.0130304226047413	-0.0062522460531999	0.0054535029261267	-0.0411621866421661	0.0234529443280113	0.0815607404636704	0.0645958387412171	0.0126425397600614	-0.0474899741580849	-0.0481784657354074	0.0027771690662603	-0.0318732076324253	-0.0013880519712234	0.0084358011826239	0.0040488566088289	0.0078350853918538	0.0077275326794185	-0.0132652619406979	0.0021133112773283	0.0038889091611777	0.0071498016805227	-0.0096953017073563	0.0228854649558544	0.0119460731561871
HG03246	HG03246	0.0642792078011077	-0.0454534490480142	-0.0043439334476723	-0.0229452902657266	-0.0326160079583257	0.0344111030685215	0.0161172849412483	-0.008094639765424	0.0099565592232471	0.0489937940057831	-0.0405427793369095	-0.0049023166173664	-0.0296998154041178	-0.0129577034419358	0.0406770710349517	-0.025294905556812	-0.051626109424323	-0.0258478705474	-0.0120726608256728	0.0124651934453758	0.0232184371305716	-0.0034138793333669	0.0342596846385992	-0.0100922733877677	-0.048075315092086	-0.0569785451630611	0.0060323131688296	-0.0620520811810942	-2.13847165145241e-05	-0.0018353465036489	0.0031599632980508	-0.0003858642478271	0.0187565410797688	0.001391952811255	-0.0075229833173502	-0.0003887960229751	0.0004238209708613	-0.0036174467556806	-0.0113277215632416	-0.0042952274963811
HG03247	HG03247	0.0615737056757215	0.0321349805969339	-0.0116168037077724	-0.0228521478837395	-0.0184989589613186	0.0101480891046049	0.0208646263716	-0.0016227467065806	-0.0523628764607668	0.024508491333367	-0.0658736903706612	-0.0092743365911287	-0.0604134338041098	-0.0148492902412413	0.0370766203477764	0.0124142220702691	-0.0011302725988863	-0.0406724511369391	-0.0794797310916387	0.0050813223171972	-0.0649876508718858	0.0105683446888916	0.0285914830691929	0.0045029813415106	-0.0433939127835504	-0.0406930165597092	0.0051583061992569	-0.0352521553659371	-0.0034628369586322	0.000863800985311	-0.0043053588017515	-0.0052828681847077	0.0157014282334184	0.0037412505943482	-0.0011175354538032	0.0092020073340338	0.00794784978497	0.0030227828288496	-0.0159069345883717	-0.0136767487609047
HG03258	HG03258	0.0700590244575058	0.0547418816548275	-0.0321056472664962	-0.0375962116443349	-0.0539771701357033	-0.0122151772983212	0.0357428943205343	-0.0138095987707487	0.0461937207287279	-0.0017228561971349	-0.0530743674312468	0.0047047865650351	-0.0024406515742564	0.0554138733772408	-0.026437791782253	-0.0343267207360337	-0.0092203564381532	-0.109793680986062	0.0100987560101316	0.0552050853454206	0.0497917096529095	-0.0119551585109678	-0.0116820768341205	0.0402452436501899	-0.0477303769026772	-0.0500865354098858	0.0017432999995032	-0.0552282960355301	0.0006055825269676	0.0077756732523935	-0.0001273504032502	-0.0058821071331859	-0.0076868349994164	0.0107253938488849	-0.0219966323624765	0.0169952768472735	-2.1064756137223e-05	0.0013099830088114	0.0195739000997033	-0.0314583228770393
HG03259	HG03259	0.0275149828362009	-0.0002280203227136	0.0195405252498861	-0.015808679198423	-0.0082881859719876	-0.0809942083019307	-0.0206574210945535	0.0369634433486307	-0.0565742748800005	0.0124867300432251	0.0552775741970198	0.0084375633334202	-0.0656683212022867	-0.128860341999829	0.0095422439497399	-0.021606760585215	0.0333336037559714	-0.0487798404858283	-0.0399639732966422	-0.0512817835335469	0.0703148485209815	0.0622428308730274	0.0345302469795902	0.0166846900071606	-0.0494710551750266	-0.0605947535548009	0.0045375145034308	-0.0576364534636562	0.0072292339974595	-0.0090232183671475	0.0114728705722217	0.0336491925090546	-0.0327526705848278	0.0863990330656591	0.0284405156176312	0.0606437203858975	-0.0137069478737452	0.114353379131883	0.359924203277357	-0.411232399395657
HG03265	HG03265	0.0846260159048554	-0.0217158781502938	-0.0245801757506669	-0.0340429363271549	0.0618750282420524	0.0655594493592664	0.0222259926620398	0.0398526375883319	-0.0361541961854306	0.0214659561949449	-0.0076117749493998	-0.0628763713525303	0.0064750299702915	0.0260903616433822	0.0638664471882592	0.0010204070232986	-0.0632222504092165	-0.0105773587840169	0.0429758028639891	-0.0087364357868139	0.007346128934496	-0.0143948499134265	-0.0034244264645268	-0.0376695504950252	0.0015228593939088	0.0644286321143036	-0.0030507091366025	-0.0248099315806843	-0.0051275582880068	0.0027916076821255	0.004478235558144	-0.0014269763020134	-0.0024898712089674	0.0037058594101096	-0.0053218236945514	-0.0051777423981521	-0.0034719821830059	-0.0070174800462402	-0.0062725955335187	0.0035953374690501
HG03267	HG03267	0.0395735894610309	-0.105525781021055	-0.0082702290886781	-0.0093462762478204	0.0077398166328763	-0.0016659213132168	-0.0489541225404459	-0.0811848411589735	0.0030072829738662	0.0150167253772973	0.0415883680152592	0.0281715753460229	-0.0596537378775985	-0.0322783638137432	-0.0214095109746661	-0.0267813456352095	-0.0149691002606093	0.0611682837333359	-0.0206485348277456	-0.0516255025765207	-0.0460800299357292	-0.0155948306613847	0.0307660661935179	-0.0421892716009741	0.0023577798198361	0.0713024831329898	-0.0019056654013858	-0.0299815822273551	-0.0002851905527156	0.0037047684766416	-0.0058159461113347	0.0024367216073955	-0.0020431062397279	-0.0008508574843753	0.0011174628455656	-0.0044005484601815	-3.90367228650886e-05	-0.0063148531366922	-0.017468927519576	-0.0098382237948314
HG03268	HG03268	0.0769770335991146	-0.0459172490797959	-0.0226555362915507	-0.0271586881903951	-0.0253548937483706	0.104053486037663	0.0118386014903617	0.0289295397695659	0.0229926282669291	0.0256745018679871	-0.0438456948175781	0.020659270967511	0.0171378411401184	0.0595993346681827	0.0761984997532331	-0.0706800019270434	-0.0722072704158332	-0.0017091156229617	0.0403760282179808	-0.0060921944438297	-0.0459996856745202	-0.0066159574880891	0.0380263389643571	0.0144493374349864	0.0016343610648741	0.0704756973791273	-0.0015167040092378	-0.029449855836512	-0.0040794146871435	0.0042427152922871	-0.0008626523147415	0.008461230063239	0.0107891858423933	-0.0009240065279956	-0.0035736177584915	-0.0031332731440267	0.0101515085085843	-0.001491351071816	-0.013504874810772	0.0084254041445181
HG03270	HG03270	0.0600445098874368	-0.0555627301594067	-0.0175337131624417	-0.0128405508418882	-0.0246779555913641	0.0452700078769612	-0.0106012372034332	-0.0253494596276739	0.0055420959812184	0.030357198692219	-0.0012614174354013	-0.0134688548467324	-0.052170479503276	0.0669486063639666	0.030199698067745	0.0034466012128184	0.0100698859128344	0.0893578463467427	-0.0178523747924718	-0.0132925132913715	-0.039628707414249	-0.030770634390683	0.0196357821113444	-0.0329372509971116	0.0025695236564268	0.0700638677254095	-0.0032458970303066	-0.0273649402914011	0.0006942294844889	-0.000630424190462	-0.0038886427618823	0.0002891702348122	0.0038436548854651	-0.0066568302756468	-0.0043372712535637	-0.0061518991798402	-0.0084347989941914	0.0058882647675795	-0.0026924567422694	0.0141178267514473
HG03271	HG03271	0.0728380900465972	0.0233500007956324	-0.0514563777637031	-0.0415686854161169	-0.0045750320234605	-0.0536486811603669	-0.0028094989456791	-0.0066784085398245	0.0030790618705584	-0.0112594855469722	0.0131293726781109	-0.0339780333767316	-0.106678777999288	-0.0075643268102357	-0.0072569185217158	-0.0144044078829272	0.0024731243033732	-0.0529559091535283	0.0193308607866224	0.0408679219131239	0.0257890189260918	-0.041306286933802	-0.0403465039271125	0.0402712926462354	0.0017198438276638	0.0791123381623999	-0.0004328855857953	-0.0320654838907007	-0.0060745525685082	0.0038609842248767	-0.0038027866621309	0.0026622174526738	0.005967772300164	0.0023202305924159	-0.0126892607059579	0.0010364404179377	0.0067591407061423	0.001561929734522	-0.0100629946751582	-0.0029106088235149
HG03279	HG03279	0.0829216938646125	0.0205446464097952	-0.0255629133455127	-0.0635123759161887	0.0240893889344471	-0.0236205487614674	0.0171265937491125	0.0195921800168667	0.0332512008978969	0.0158553761658805	0.0147942224469295	-0.075688271496072	0.0004773223052468	0.0316633504523751	0.0266696180371221	0.0039899551682084	-0.0113315199990886	-0.0257170223433584	0.006826216117654	-0.0430470880752142	0.0494566573636252	0.0210257186967801	-0.0340251585582095	-0.0136914008595313	0.0024519363215951	0.0643986858333213	-0.0001137257219851	-0.0267527907920234	0.0019376815350317	-0.0023410308717853	-0.0013811404903982	0.0094715202169537	0.0100068442925707	0.0084960065134085	0.0002483885845819	-0.0073301243442503	0.0007762293348459	0.0016299605180785	-0.008827466513699	0.01738560758496
HG03280	HG03280	-0.0430101949782952	0.0073498805654828	-0.0289394678427082	0.102928029797931	-0.0573306384413586	-0.0559154923715094	0.0109990534546388	0.0096513130769156	0.0617412773293044	0.0080659674284099	0.0317363507855747	-0.0331811863727401	-0.012332573639298	0.0720631628182746	-0.0033955437812738	0.0829808497882505	-0.025581161720352	0.0215673459305871	-0.0110703360478438	-0.0409734385376212	-0.025850244506562	0.0172933161459939	0.017874798299694	-0.0360489646926531	0.0030294558590862	0.0697753824225038	-0.0031966096912708	-0.0241595846379487	-0.0010431992593341	0.0044597069304251	0.002326028331867	0.0076433286954015	-0.0059182488701315	0.0043187069138292	0.0034171412829014	0.0008031472203598	0.0089151127079308	-0.0044728635010372	-0.0029589209626518	0.0119130088815902
HG03291	HG03291	-0.05042164229416	-0.0192230592767063	-0.0264189326476677	0.0603269695352433	0.0541784752120985	-0.0647718039490183	0.0227773976076583	0.0036604560053687	0.0689278236479204	-0.0372492377989864	0.0288653517288647	0.0141987432762066	-0.09040986181778	-0.0267876183777492	-0.0467625508281953	0.0320384099255052	-0.0291529558116841	-0.0470032296490444	-0.0195674704224653	-0.0864129747328297	0.0434817428326547	-0.0501215966806462	-0.0100951280385687	-0.0014754212646515	0.0029380405197604	0.0653936319286183	-0.0017141558024036	-0.0215139992175426	-0.0010838407292721	0.0020028227029696	0.0039858586450553	0.0068918544549279	-0.0047238854569362	0.0069609622247239	0.0058329577125736	-0.0054518590510419	-0.0064554231016952	-0.0077980411069511	-0.0029862237228873	-0.0027226141794482
HG03294	HG03294	-0.0544173931636989	-0.030200160269389	-0.0485141039479089	0.0801391093153807	-0.0027971139743279	-0.0471563516003934	0.0508625419913436	-0.0291651325543384	0.0740224220974183	-0.0140709606021578	0.0279427265282539	-0.0069783988610029	-0.0367578767312922	0.0022546242104325	-0.0660396941177233	0.0695827460696536	-0.0132452440026028	0.0074046030027803	-0.0675249796990425	-0.0427091213207641	0.030284406427538	-0.0033367355684961	0.0124044530494691	-0.0060273715639477	0.0033488984667593	0.0567726770880101	-0.0016349472342426	-0.0174174980907233	-0.0073925583629459	0.0007900736857158	0.001684365822713	-0.0102421825180396	-0.0095471477963651	0.0030887445677728	0.0082115452229536	-0.0053135677078229	0.0040932133051404	0.0011232601338768	-0.0224333737216628	0.0024853435710302
HG03295	HG03295	-0.0186441628357617	-0.0202690907254325	-0.0655706196663942	0.0749805697782586	-0.0414253659578816	0.0120457890379315	0.0852316904881128	-0.0148690004537528	-0.0065956914946136	-0.0775515899706972	-0.0049969997370123	-0.0537419731237469	-0.0125020014442206	0.0185911409638984	-0.0937834514174796	0.0917748123549115	-0.0208756354332885	0.0082185216773714	-0.001603183264812	-0.0295119247804646	-0.0174568509174701	-0.0378714733058587	0.035543909102007	0.014936504249141	0.0021621605633748	0.0695603004585042	-0.0052646554850997	-0.0323188134291807	-0.0043591655867598	0.0038805999201448	0.006418226742686	0.0053519217061906	0.0031642094111021	-0.0054677543241805	-0.0113282720847047	-0.0029100191408626	0.0055333863387391	0.0111313294000009	0.0004545636620743	0.0019238787905821
HG03297	HG03297	-0.0274517043373209	-0.0282592790864094	-0.0624595133709935	0.0706276137742719	0.0712102406326684	0.03889693377721	0.0900913548922247	-0.0192030690745038	0.0388660531990474	-0.0194113732845328	-0.0373122198314908	-0.0382706287146963	0.0277253435147123	0.0157240047890839	-0.07090836961468	0.0700856344570076	-0.0481990955293727	0.0376509698708638	-0.0614771411148327	-0.0404187534471611	-0.0246244963389441	-0.0311814322767812	0.0173818117691278	-0.0182081512421492	0.0025001681472294	0.071082373868448	-0.0041213819408794	-0.0248568624064781	0.0022309679603732	0.0064339497073335	0.0043211447614905	0.0028531082435327	-0.0054811516586733	-0.0012507927352884	-0.0050068474840134	-0.0019221020614615	-0.0010302211302489	0.0074028182157524	0.0035817266885141	0.0086948139573145
HG03298	HG03298	0.0262722183281794	0.140557512088947	-0.118999735140873	0.0644901903216388	0.0776805541203913	0.0680801313500699	0.0064004227792811	-0.108899473359407	0.0786848184450607	-0.0243158427954627	0.0257650321863817	0.103603647656203	0.0376007507385082	-0.061782890510547	0.0113913230531821	0.100408426021305	-0.0601639725141482	0.0597033804585327	0.0013155074884626	0.0751662779358137	-0.0013061870169795	-0.0095974243471594	0.0030234183520353	-0.0789188017727975	0.0041559221501128	0.0695146893158514	0.0015330665110004	-0.0263826860716457	0.0003423978005741	0.0014680628218642	0.0082988274684366	0.0084516153584736	-0.0015579870654224	-0.0030404834580013	0.0113698953491404	0.0006171237530093	0.0027085587163813	0.0037663849911785	-0.009478982256806	-0.0071660253627372
HG03300	HG03300	-0.0398024677797154	0.0185036016142452	-0.126068571477893	0.006069856108284	0.0299994256739102	0.0313752454414641	-0.009937491987818	0.0746661014798976	0.0389100204835917	0.104420433859344	0.00917982038434	-0.0729737575189158	0.0609211272127373	-0.0107590211239888	-0.0106782536943992	-0.0346028573910418	0.0341692726389921	0.0034379534366099	0.0073069912457027	0.066768232831587	-0.0103420013820997	0.0305619856018917	0.0225810671274134	-0.0331030750997499	0.0062776424495323	0.0771158163489798	0.0021865649210993	-0.0305281218523925	-0.0001599097228677	0.0034377512473614	-0.0014518834575374	-0.0028443457796385	0.0019830163525649	-0.0058550626979561	-0.009255596201185	-0.0005214182070161	0.0015038254903542	-0.0140516719051398	0.0072369040886781	0.0054945357948096
HG03301	HG03301	-0.0659886429700698	-0.100537095983759	-0.109259997951905	-0.0555575374189247	0.0202724299723676	0.0216260122024428	-0.0343791026791159	-0.0435627222950653	0.0725838706384903	0.062284686132144	0.0386488409003145	-0.0557443595083402	0.051833477445948	-0.0144914952681209	0.0176037987860751	-0.0722398890820742	0.0781811665368542	-0.0733379793351737	0.06025475164517	0.147057331170739	0.0034301939401816	0.0091550778854497	-0.0230498376797691	-0.0923603011584278	0.001472002662883	0.078114452828767	-0.001846830436051	-0.0290521134908979	-0.0016182823650295	0.0024037955076631	-0.0043072560810175	0.0108231885101604	-0.0120011747139316	-0.0119812385957297	0.0058988748826801	-0.0317596384639766	-0.0013536326346774	-0.0169284561543182	0.0152995115654442	-0.002400211124407
HG03303	HG03303	-0.0702978702060547	-0.097951095266078	-0.103542345279909	-0.0492925242151228	-0.0204072804158442	0.0713152069243318	-0.0387725234898117	-0.0604345252197734	0.0188935816624317	0.0666443567058013	0.0056656206329206	-0.0581026279032102	0.0447487852729212	0.0103082652130199	0.0541599844865524	-0.0591513719084561	0.094496621337001	0.0165868445926822	-0.0142220794299417	0.0665661343577067	-0.0746354870057498	0.0166312329545238	0.0139806639503377	-0.144692859866979	0.0026716293531655	0.0669974299804386	-0.0003878715117615	-0.026153337665916	0.0008390437451043	0.0086005411550846	-0.0002780104043368	0.0004874812290853	0.0056515722283189	0.0008958126461697	0.0041607340837515	-0.002040817357294	-0.0060953707130926	-0.0043398177788214	-0.0037354631708047	0.0026851640390244
HG03304	HG03304	-0.0508595126160636	-0.0396028763502489	-0.126237551491699	-0.0462261306286026	0.0007831656529374	0.0751628783598993	0.0216628740058995	0.0444063909643255	-0.0148936313011282	0.0470723543500029	-0.0539174218141844	-0.055035680542312	0.0635321384987744	0.0078736860248239	0.018135003194848	-0.0371048225195452	0.0685402730730967	-0.0274097730955308	0.0594146248738639	0.0586236030098045	-0.0334929853630673	-0.0725248075251881	0.0082222614207243	-0.0367973972589017	0.0006058819836876	0.0722914022872956	-8.94978067385293e-05	-0.0314220566212728	-0.0054010629221063	-0.0006545908526313	-0.0066964558892621	-0.0051812239145114	0.003609076637368	0.0073237168542455	-0.0011128311681298	-0.0034130357665547	0.0009177582775738	-0.0116140225336621	0.007252469098366	-0.0014415472674374
HG03311	HG03311	-0.0597078217954415	-0.049410962109042	-0.0722224553402869	-0.0166674435020489	0.0230647484934672	0.0208212350102437	-0.0819069954237466	0.0471826193821812	-0.0141099773395937	0.0561345396410697	0.0978794829339314	-0.0433612513036619	-0.0128793841224581	-0.0066702441483762	0.0539293598975398	-0.0476255211110342	-0.010546760915181	0.0736068382169084	0.0598691606394677	-0.0024890078337509	0.0273700297960593	0.062678152907229	0.0058059743673232	-0.0200489809387438	0.0007616888763272	0.0758482160780592	-0.0036182958799437	-0.0349445581461864	-0.0017080678551994	0.0120394355659192	-0.0024758995213748	-0.001618168822477	0.0072857187059765	0.0011025230188313	0.0047773153481566	0.0017437312983194	-0.0095035214355046	0.0063236501897479	0.0020945143564676	0.00901855797648
HG03313	HG03313	-0.0573558041788736	0.0026384572682713	-0.10606259482404	-0.0027504305704051	-0.0452729643341999	-0.0921728802951038	-0.0180902447380097	0.0255422147941963	0.0094695649712291	0.0805515627095079	0.0163026234194203	-0.0258937822379377	-0.0412032362088439	-0.0933556361966753	-0.0816890372239639	-0.0934868073702721	0.001805712765795	0.0046281558738544	-0.0291559195396268	0.0384438451403598	0.0551863319471344	0.0197369703837989	0.007629604214853	0.0226204663817698	0.0029948251214192	0.0688265940415533	-0.0021182251690628	-0.0290008009238274	-0.0014426751104932	0.0009554542604621	0.0046856541484734	0.0014250679364478	-0.0013155956690354	-0.0053920853622625	-0.0033394148156518	0.0020173702549667	0.0049508565895957	0.0003662302781201	-0.0081333328773924	-0.0011217187082507
HG03342	HG03342	-0.0615837643453204	-0.0081032804130862	-0.100611856182095	-0.0477084370930727	0.0355258789213042	-0.0548780129587082	-0.0085696103269401	0.0088345049193783	-0.0251039232971277	-0.0152158093045876	-0.0146724323660872	-0.0332157083672924	-0.0837467242154434	-0.092552213232901	-0.00425795386669	0.0180714359472553	0.0273501407155144	-0.0430736555821549	0.0208701865938984	-0.0349955061930441	0.0028478571396234	0.0168926021852705	-0.0598221911700797	-0.0150699588901924	0.0039578552522563	0.0734108332929193	-0.0016059726829871	-0.0301237351274305	-0.0012871741911598	0.0002462638170145	0.0023956002749728	-0.0015066376880721	-0.0010995917526125	0.0091046180955805	-0.0069053983417272	-0.0120783240428495	0.0036241609128845	0.0092814456599998	0.0028233905797057	-0.0027403619169207
HG03343	HG03343	-0.0531794964181759	-0.0201426318418786	-0.100697383594439	-0.0481062247802019	-0.0360420484535324	-0.0980494813904931	-0.0372953572624311	0.0716609914308272	-0.0016076241962875	0.000583530434163	0.0835835846660796	-0.0179485913922861	-0.0546689205268666	-0.133805544479874	0.0250391594707949	-0.081953216717455	0.0343039835063358	-0.0745661667326314	0.0902972267303814	0.0446331743974692	0.14798316326803	0.0058997788493261	-0.0342432898991926	0.0230317934228387	0.0045175951812988	0.0834633589048833	0.0028113165752087	-0.0388884315155667	-0.0087511590669902	0.0095109271798384	0.0041260015483293	-0.0035989971589646	0.005503812194027	0.0192541868139467	-0.0123802657315389	-0.0072709232881796	0.0074753286781085	-0.0045367148808746	0.0015587484048919	0.0170351147771743
HG03351	HG03351	-0.0747736265296523	-0.0857953386099961	-0.117249168708541	-0.0403381477805254	-0.0196653880674907	-0.0404830083098473	-0.0448075330432796	-0.0521983462122502	-0.0237091499972131	0.0896903631891509	0.0475208884842706	-0.0513072769569844	0.0236566390676827	-0.06480286330865	-0.0079704382591037	-0.0800077715784625	0.0761933698307385	-0.01935331087789	-0.0145405765384128	-0.0358141922136304	0.0155229547851754	0.0672351059209382	-0.0060422775022566	-0.0809089062735483	0.002229524403364	0.0718109654902142	0.0013606081172228	-0.0254940413072899	0.0025479445468479	0.0009418070831562	-0.0011026701525715	-0.0107290009489941	0.0006349718517103	-0.0109768600220933	0.0022157257479127	-0.0055343708617695	0.002869995704503	0.004092097585168	-0.0034729941216562	-0.0045491337784642
HG03352	HG03352	-0.0610115902116333	-0.0303849394919878	-0.0527751777702955	-0.0266351465021639	0.025229729575612	0.0096694960467959	-0.0924553419220603	0.0457697677334175	-0.0253591251639831	-0.0211762943860619	0.0736677290723736	0.0165819213522289	-0.0814200758596755	-0.0095231442281907	0.0687011256607357	-0.093237767786611	0.0049658738507696	0.0193974330777272	0.102289351557853	-0.0131178324362618	0.0219522314896279	0.0158589469727465	-0.0388930659473447	0.0304439684829712	0.0024682873961412	0.0861611134762287	-0.0003604379815723	-0.0399048176219379	-0.0099999224633235	0.0078493938950243	-0.0021185769364345	-0.0092854824287579	0.0092035698724029	0.0239317852259735	-0.0292760119795047	-0.0075084783820005	0.0067113754116971	-0.0100401960582386	0.0001320539963257	0.032360198734238
HG03354	HG03354	-0.0704170717186865	-0.0851002583146157	-0.112194641445586	-0.0574935930707836	0.0621592181613257	0.0099299277587552	-0.0243807015823539	-0.0370079542994207	0.0239011509100031	0.055586184107153	0.037400879139137	-0.0844215917147339	0.0542149533513511	-0.0165778067201742	0.0062405279161455	-0.0176585750703524	0.116609141338526	-0.0451946647832715	-0.0080619691915734	0.01844683916393	-0.0050868079530954	0.0942527964475532	0.0003729761435344	-0.130825720741889	0.0046717975051081	0.0678267536468277	-0.0034474377741547	-0.0259359128348799	-0.0032308391927517	0.0016746954101716	-0.0008212920302893	-0.0014571843982736	-0.0018769766788229	0.0009635590575596	8.9730287471839e-06	-0.0041485900854247	0.0016439004107921	-0.0046285594945423	0.004699232027176	0.0006139909907148
HG03363	HG03363	0.0415325111382152	-0.0598950424037107	0.0056482905692612	0.0002849805986415	-0.0588204365713026	0.0223140847903614	-0.0324682626889636	0.0193051727912059	-0.0129722490623688	0.0452450239696518	0.0290952433528958	0.0662977544240732	0.0132600193363132	-0.0327752555703283	0.0394187359354159	-0.0440448120503857	-0.0039041705166376	0.0208115854440278	-0.0254570333823558	-0.0561292582171022	0.0567911399157573	0.0460369812608051	0.0709834532167723	0.0285545831342787	0.0036979538084299	0.0668371191329534	-4.94588597722099e-05	-0.0273021702019282	-0.0035766479501528	0.0041857660158146	0.0019643765800622	-0.0021888251634814	-0.0014635012914252	-0.0018784724589249	0.0008727786142587	-0.0033153475363384	-0.0018464989265257	0.0057182922392181	-0.0032622064593258	0.0079734485940625
HG03366	HG03366	-0.0201283769133839	-0.0339294043902455	0.0087275613333849	0.0733585431518172	0.0410335223103994	-0.0230936603006648	0.0411657142679177	-0.0489372830222282	-0.0139842480773406	-0.0684527966177123	-0.0138752673970434	0.0498047657743467	0.0079148508775053	-0.0241842298859239	-0.0455648329254582	0.0239118049222915	0.0931908093235986	-0.0004829550147693	-0.0585379274045256	-0.0843813150701325	0.0008491599552158	-0.0210744985035208	-0.0836037780405422	-0.0450380891180864	0.0023294883930867	0.0782868944776733	-0.0035364483062576	-0.0274559423431083	-0.0065340501390241	0.0098354001150558	-0.0005396119189937	-0.0137623021182986	0.0055508256483841	0.0165136007649242	-0.0164101860625568	-0.0061528354062679	0.012476632439098	-0.007689390573257	-0.0025236353303768	0.0245486946661928
HG03367	HG03367	0.0325279149840837	0.0654935544404001	-0.0592232861796533	0.0648332768094455	0.0994467778627904	-0.0069986790072407	0.0450014804938297	-0.0250967368825945	0.0283266414867404	-0.0168349703251766	-0.0118750059542499	0.013538654758972	0.096216837278166	-0.0363404260502289	-0.0672011121651098	0.047713176215221	-0.0559668727876053	-0.019634580088847	-0.0300172218857524	0.0569218984783748	0.0259868377440842	-0.0387579015693826	-0.0774785668929751	0.0333561305415198	0.0023883903694506	0.0747651402624214	-0.0003087342097607	-0.0222823003291549	-0.005166397146331	0.008836089049972	0.0003623221368846	0.0075722567848191	0.0011870555002111	0.0118318962185865	-0.0055628105113543	0.0032435830262796	0.0095563939610607	-0.0140390191987215	-0.0185369382797072	-0.0029110522165985
HG03369	HG03369	0.0376305658504544	0.0305231775007199	-0.0444247502320333	0.0536232519140595	-0.0477174631702969	-0.0542920500942908	0.0976864770486568	0.0028501244273512	-0.0537177309981175	-0.0638278877199127	-0.06678011552672	-0.0006984719054916	0.0474666894214619	-0.0282822360542045	-0.0914104601110078	0.0628228686717582	0.0691286236411112	-0.0288038434845155	-0.0911667509844332	-0.0268949803624095	0.0239838239280802	-0.0226967919233076	-0.0566814940388986	0.0259230594777357	0.0046370009535367	0.0650107538075165	0.0003459955477638	-0.0230242008707815	-0.0043702616254655	0.0024262336710763	0.0097119606815948	0.0020214406859794	8.58058224826651e-05	0.0017527392795002	-0.006336274063295	-0.0034678709174247	-0.0009903148116692	0.004530708380181	-0.0029097459804988	0.008956764008161
HG03370	HG03370	-0.002363410165994	-0.05741084429478	-0.0348667189428331	0.0719332854832233	-0.0336074126320324	-0.052688393450216	0.0759606075307035	-0.0618335019363535	-0.0202867054066822	-0.0831502059185183	-0.0376525537191351	0.0617944620760739	0.004868755830005	-0.0524071496637937	-0.0409887691819016	0.0731448314988941	0.0467792073328873	0.0080502920078422	-0.0424556134917108	-0.0205174615934807	0.0326912516426506	-0.0721064669256864	-0.039943755842696	0.0064636309559741	0.004711839017147	0.0756411667619923	-0.0039086467130109	-0.0290641234534706	0.0031900308191979	0.0039130046711668	-0.0022834884431348	0.0049735127916003	0.0052043111304252	-0.0002237456062062	-0.0059931292428592	-0.0104242470526981	0.0044043191384124	-0.0074326904357961	-0.002787574657634	0.0019039034357397
HG03372	HG03372	-0.0070027809893695	-0.0224278061749139	-0.0133682243594053	0.101609344544787	0.018618174609082	-0.0760474546597684	0.0295178092864176	-0.0229894811345094	0.00423343831928	-0.0265794748042238	-0.0026228964696229	-0.0135962965724558	0.0198553774185586	-0.0356873912283459	-0.0517010371923357	0.0494775559930702	0.0737833127601578	-0.0313402227343089	-0.0757138912634742	-0.0667358544519963	0.006969207492525	-0.0414392424186658	-0.108559969681512	0.0011000315466223	0.0037871505344041	0.0836636632272567	-0.0060610916312451	-0.0330056554691777	-0.0026011083413344	0.0040504818620589	-0.0045263719713936	0.0087551412740957	-0.003878017783389	-0.0096941333200052	-0.0088845963237363	-0.0312794736180352	0.0021434299883567	-0.0035148317182285	0.0164107607899789	-0.0114738787651946
HG03376	HG03376	-0.0542788697673137	0.0407959819922789	0.0259575769121467	-0.0494459365408316	0.0268903983435332	-0.0598131222663075	-0.0077546002007785	0.0400330703015717	0.0184128822671928	0.0166008619345609	0.0326816392130856	0.0112496133799734	0.0013624111680709	0.0180276576231656	-0.0262545754546355	-0.0782358406151033	-0.0734478024548536	-0.0481976453871482	0.0288123318151017	-0.0423519635962431	0.0408400752405576	0.0513149393204128	-0.0476447548563732	0.0751580523407776	-0.0325620021230527	0.000733689913256	-0.0065028013004145	0.0759666966782461	-0.0036954445214494	0.00285899381227	8.55776225681942e-05	-0.0071878212220812	-0.0011432984049664	-0.0189393518546121	0.0075055234350935	-0.0071530240844342	-0.0059221475481687	0.0251809564456529	0.0103348881104625	-0.0061483884720769
HG03378	HG03378	-0.0721566812595602	0.0094163959806884	0.0074509311848597	-0.0837687147687067	-0.0421715652526688	-0.0699904898042109	0.036803809827367	0.0039668250217508	0.0308972294475206	0.0048293463341105	-0.0259660426365131	0.0230017906307754	-0.0139915829530289	-0.0311210254340473	-0.0537863170283788	-0.0550971933370282	-0.0050694647508925	-0.0037412646877024	-0.0149560309582758	-0.0412842720979933	0.0308987876876297	-0.0238263484743076	-0.0578626088719367	0.0670304541479183	-0.0332096490690806	0.000968306406274	-0.0062740330587967	0.0924910958876998	-0.0083394236205555	0.0003961592730359	-0.007176043064744	0.0151561649647097	-0.0015931228703165	0.0175532884128539	-0.0057899410507723	-0.0065238827944571	-0.0099298572080006	-0.0056629682896542	0.0350866502512882	0.0168772806663777
HG03380	HG03380	-0.072710845689438	-0.0031723973233935	0.0179357203400259	-0.110166028850644	-0.0161753858721845	-0.0601506271323168	-0.0077700046109658	0.0083591474960932	0.0721532883598708	-0.0233955996433605	-0.0300557150506107	0.0457769567296064	-0.0296654986692461	-0.0289287740733702	0.0181918110589465	-0.056038591542299	0.0162271496196977	0.0069819479578847	0.0452027972169295	-0.106608892865939	0.0314727036056039	-0.0352714701164325	-0.0814465138776729	0.0386438340341509	-0.0338774244394582	-0.0033192797127894	-0.0067633534919566	0.0968957427788508	-0.0006742858662421	0.0086305587616282	-0.0021944249499642	0.0061409318030766	-0.0067804996051918	-0.0272741486551767	0.0047796326009261	0.0027951706899447	-0.0165574231024356	0.0084579373549538	0.0090543972938059	-0.0067993011170484
HG03382	HG03382	-0.0629482078608641	-0.0012433294874034	0.0138183302834845	-0.0652529532834365	0.0053981072336853	-0.0254331925602138	-0.0278881426293882	0.0394786513363739	0.0246349225007913	0.01117792959178	0.0004709214947365	0.0431497718813961	-0.0224026557263311	0.0014511915577505	0.0312953195699077	-0.0520710436376963	-0.0296155566347329	0.0159328019184326	0.0130888448838402	-0.0080518824583739	0.0230083077066861	0.0204752774007921	-0.0449827643399418	0.0246214347980079	-0.0378000565996051	0.0017000330828315	-0.007054718247049	0.0913326778705211	-0.0054643095080275	0.0054720982231646	-0.0019357425290226	-0.000385173254067	-0.0002756264126479	-0.0179001411514227	0.0041225717521026	0.0041936242706514	-0.0079610301819545	0.0424975367738124	-0.0026945018136768	-0.0106194771786689
HG03385	HG03385	-0.0758958709234385	-0.0139835484605215	0.0325245235590497	-0.0969499874916707	0.0848207772794295	-0.0121459031474385	0.0057061607121222	-0.0203196638794184	-0.043078844895719	-0.048844215241031	0.0554358086308104	0.0494188378108183	-0.0041145499103652	0.0344920696952706	0.0202227843542265	-0.0111387380454655	-0.0047975582252506	0.0314702914754815	0.0470574063667659	0.0086267055997874	0.0412437387608546	0.0643592495116394	-0.0867482291086657	0.0001219896397709	-0.0318670880048324	-0.0001611136931356	-0.0042665956218038	0.0767742109346507	-0.0046160967700629	-0.0002540519773365	9.54858402569551e-05	0.0090011329209216	0.003480698909042	-0.0075588263024912	0.0072378923799108	-0.0174469998140183	0.0111419468976966	0.0207027274065788	0.0114381312346798	0.0101918711152062
HG03388	HG03388	-0.0451634663992609	0.0367274067007092	0.0093984877864842	-0.0223200711139322	0.030786729536011	-0.0157453563533467	-0.0482195458515651	0.0804925627772187	-0.0148209426891955	0.0255803036568446	0.034939730239301	-0.0253513964106425	-0.0447534391043935	-0.0157293165769282	0.0383172050134806	-0.0507800380636467	-0.0371939386429238	0.0252916053384499	0.0799438894447044	0.0449834035423843	0.0488683188818465	0.0034051081610894	-0.0497082008437171	0.028185972448333	-0.0369055732114364	-0.0075678088920268	-0.005643076217826	0.0842349275960969	-0.0053004017902029	-0.000363265969107	0.0094877939858636	0.0045294656076772	0.0055590806296432	-0.0033215658696507	0.0083576964846987	-0.0019369541165893	-0.0080616594340253	0.004341087940459	0.00898900126955	-0.0029660286231192
HG03391	HG03391	-0.0473829213540518	0.0815708534673313	-8.39699801137435e-05	-0.0618679419020261	-0.0498390574157384	0.0506490824337569	0.0208086712441754	0.0593061707474885	0.0070202209326966	0.0125781100108885	-0.0920964060729089	0.0143459010808094	0.0335635926146379	0.0470139247779753	0.0346002857548329	-0.0305036430775942	-0.0472226382100548	-0.0032869563571595	0.0874142109407418	-0.0366402836379362	-0.0681834863130936	-0.109606101127793	-0.0104871225695443	0.0179981012722557	-0.03663323335485	-0.0008412113213402	-0.0038177052799958	0.0952220858525483	0.0003085670311707	0.014357794566836	-0.0063964481870654	-0.0135097199685624	-0.0086593433398083	-0.0285223962276682	0.003913596509177	0.0016744842066494	-0.0138285159611265	0.0085791867413767	-0.0019076348330695	-0.0192365369317583
HG03394	HG03394	-0.0561984697765307	-0.0153773253575542	0.0356008611783824	-0.0271851794124296	-0.0039257393309258	0.0012502003898359	-0.0616148128965741	0.0794399177371494	0.0355739790992409	0.006678970258704	0.0386818241496628	0.0682852386384381	-0.0207296446717427	-0.0066524620641599	0.0446174658664305	-0.0771515532634007	-0.0143448268363736	-0.0857770668393217	0.147547919377231	-0.0097274123462771	0.0345243039088202	-0.0883304539568314	-0.0097795011529369	0.0783584475938292	-0.0349427060798605	0.0030982649462389	-0.0033047250263801	0.0805348422574945	-0.0015418031096637	0.0052092132165278	0.001549357046829	-0.0100819891973277	-0.0071890082279435	-0.0114309353008469	0.0051804472890215	-0.0021410881442513	-0.0055353411022419	0.0072572008060053	0.0032577150922678	-0.0025959111299624
HG03397	HG03397	-0.046611021708877	0.0276180797656414	0.0422668983389737	-0.0889575614678378	-0.122517203029338	0.0184403035354896	0.0582811065000927	0.0315752464785803	-0.0460694908454869	-0.0452259042294074	-0.0046235852305588	0.0496691002006353	-0.0180311029901394	-0.0403322890861168	-0.0493454951509654	-0.0484130151558982	-0.0037110162278958	-0.0116879691572637	-0.0320563337743481	0.0556094211904878	0.0611582881699406	-0.0393791518514673	0.0622373227079589	0.109380971865717	-0.0347041462730561	-0.0007679982655601	-0.0056263624671888	0.0614215202024397	-0.0037249536350777	-0.0008122496052758	0.0056170138180607	0.0028802189166533	0.0054390003131386	-0.00720348087432	0.0030453827942939	-0.0054855580349183	-0.0021142703481798	0.0103101233428134	-0.0069068616565548	-0.011791651188804
HG03401	HG03401	-0.0733943768782611	-0.0061743911313586	0.0239419626368717	-0.0604981865720302	-0.0715826331526245	0.0435133226662492	-0.0070086503634755	0.0371193196543044	-0.0242056785990403	0.0564040778214998	-0.0538941186182115	0.0116647383909078	0.0041792858913127	0.0067487054553072	0.081834052701105	-0.0090245113741526	-0.0202924104939666	0.0522793007020414	0.0387642040359778	-0.0771088803088624	-0.0928920217179717	0.0503037813544858	0.0126047750449039	0.0228746962666494	-0.0345282857274927	-0.0042913583854449	-0.0077880289471633	0.0792095404717805	-0.004051870349012	0.0042295805354236	0.0023995715706371	-0.0024915009721926	-0.0051288890735378	-0.0131622892890355	-0.0056397246289345	-0.0061966780683535	0.0091344719604616	0.0064318038627773	0.0234309807925684	0.0065379551800547
HG03410	HG03410	-0.0417938142486326	0.150421601381863	-0.0347400905500431	-0.0305017154603024	-0.006210619395746	0.062915950024077	-0.0669420953500503	-0.0115751438329483	0.0706338895331086	-0.0054314403494049	0.0211121028312833	0.108046098256972	0.024178149817577	-0.0464343557479021	0.129245730371519	-0.0442472112348153	-0.0879504100881907	0.0218568118705826	0.0356891106231278	-0.0594438434829052	-0.110480351194756	-0.0083334279771233	-0.0164839964487527	-0.0138111334270209	-0.0375952604345858	-9.90001317009099e-05	-0.0064216647994564	0.084317238590379	-0.0056551538566427	0.0050400228025423	0.0028825731551825	-0.0033184877681516	-0.0088305006684703	-0.0324173557536046	0.0109671587791508	-0.0082919012434653	-0.00048830357227	0.0304604935350443	0.0283048380898894	-0.0033047718791895
HG03419	HG03419	0.0606429805590976	-0.0163444290659997	-0.0209183686704498	-0.0078861270805129	-0.0977803220475779	-0.0787539440068957	-0.0123479086343012	-0.0063467762755709	0.0093775397132286	0.0935860219644152	-0.002038002448341	-0.0250863647170687	-0.0607909763473676	0.0431823693351509	-4.23930093851034e-05	-0.0437072186419941	0.0202454431162557	-0.0180949135128821	-0.0354643789327269	-0.0275299992464669	-0.0078158908675984	-0.0016620597410394	0.0474221337193581	-0.0332096799944151	-0.036690149510889	0.0009972401625509	-0.0106875175646419	0.0798122256961573	-0.0028477205471335	0.008240430351009	-0.0017759862865214	-0.0051641311659221	-0.000492307967172	-0.0165673689510834	0.010636379902996	0.0070553099543502	0.001774242834301	0.0255860892707955	-0.02861878397055	-0.0074111732825933
HG03428	HG03428	0.0656548124949123	0.0081352388659961	-0.0428288511356917	-0.0319859984579054	0.0516484355106499	-0.0682288435245486	0.0184052216991706	0.0080250621390702	-0.0120271489304533	0.0316587740914423	-0.0102250167728313	-0.0222095223563944	-0.102908767134703	-0.0068262112038639	-0.0306024495744163	-0.0097526470792422	0.0245527642725051	-0.0126023313006957	-0.0486289912488633	-0.0598738979003187	0.0155373911833188	-2.18493235636684e-05	-0.0432585141612741	-0.0011003797335464	-0.0383000757315417	-0.0100262982828151	-0.0075412908019866	0.0928177107931495	-0.0030760353674187	0.0078611515086703	-0.0139616821433199	-0.006452973838166	0.0035060946758005	-0.089584979981703	-0.0167500465670391	-0.016345802576089	0.0617645306888597	-0.0227176660448339	-0.125598177633439	0.158592258654408
HG03432	HG03432	0.0413119656546176	-0.0400823656780824	-0.0815819147648684	-0.0223325561828065	0.0108428195832434	-0.0166065735279496	-0.0071680935523027	-0.0124805941154757	0.0606496829512922	-0.0817598998094726	0.0069548876593564	0.113569275540277	-0.0539338536771523	0.15042716240661	0.0340040121597668	-0.0206554383181922	0.0644009946300741	-0.0238323443436078	0.0501655905677998	0.0690893003767125	-0.0180676531156786	-0.0499987173724672	-0.0316749267439576	0.0809885570845942	-0.0324460429735165	-0.0038598181590452	-0.0029446475516561	0.0506313722067814	8.51022231534313e-05	0.007140887008233	0.0016616306405092	0.0072641512720827	-0.007389030368624	0.0036189248493451	-0.0010273198057725	0.00219707263236	-0.0119456058284859	0.0108549542775097	0.0068604022656814	0.0046753097744074
HG03433	HG03433	0.0558750073150019	-0.0746131901943177	-0.0229311821452267	0.0169423398222289	-0.0758333629874097	0.0402483620823158	-0.0790404793651328	0.0193577469230604	0.108474959666575	0.0136820755675078	0.0358536120252375	0.0314549214189575	0.002502517221335	0.059064415481519	0.066834572595244	-0.0609065288264708	-0.0516446319648599	0.0012125593022664	0.0625560850624237	0.0588887018004539	-0.0631018505551009	-0.0729393391581171	0.0314919871204632	0.0107775754503298	-0.0322161595218123	-0.0021999359961552	-0.0076641366450605	0.0666487974141998	-0.0031851510813289	0.0039610609362115	0.0035478732827717	0.0039132386349396	-0.0003691327820378	1.67614785591101e-05	0.0031942647952834	0.0034537387221952	-0.0002760913845136	0.0059625790242843	0.0172378962220417	0.002922689694508
HG03436	HG03436	0.0703437400525729	-0.0004442907565328	-0.0456290954390364	-0.049931572710892	-0.0254902524572636	0.0320750015719192	0.0133374519614881	0.0428294957637713	-0.0215893792802253	-0.0681830406460341	0.073770578577458	0.0258326996213687	0.0356787143416876	0.133627020147771	0.0074449275014941	-0.0728852207771461	0.0186702429347335	0.032268984297736	0.022096839242749	0.0599423308251874	0.018199897970382	0.0247252871207137	0.0071916507586227	0.07907956648891	-0.0366842012056432	-0.0036459297318833	-0.0084384531570181	0.0749660698421371	-0.0005710512203429	0.0006280749962196	-0.0050480741003409	-0.0080472800136473	-0.0082117723895399	-0.0148279101195023	0.0108379422417491	-0.00085297657708	-3.53371059207365e-05	-0.0024881729971693	-0.004131441526909	-0.0011509704350492
HG03437	HG03437	0.0767459686126072	0.0456089235861692	-0.0447038288377453	-0.0224235410626334	-0.0187466807431481	0.0567556660174071	-0.0265962821984938	0.0158480207719653	0.025042085875453	0.0251400352959264	-0.0158106501823238	-0.0267084322103606	-0.0384355994853849	0.039234752614191	0.0593064213792304	-0.0437522374332946	-0.03648938440614	0.0253293617710023	-0.0143317149386175	0.0277197258013548	-0.0274594571206777	-0.0322743749768825	-0.0035965120236248	-0.0130989077381714	-0.0353967066232253	-0.0107413215415614	-0.0049789928166401	0.0532338633914067	-0.0042376838303786	0.00472006297469	0.000829370604609	0.0036067625447931	0.0129400835534726	-0.0090519766929917	0.0032860915474588	0.0071227199637752	-0.0077243792888935	0.0001238233661856	0.0049544230148584	0.0092764711475924
HG03439	HG03439	0.0614359297109446	-0.0169662723011463	-0.0399518229912915	0.0381587400880686	-0.0477815606404709	0.0523701113783238	-0.0677698622587242	0.0828137899617649	0.0985881087695187	0.043205067647861	0.0395139986882604	0.0414917151512579	0.0393531202508139	0.143564231843365	0.0994797079985373	-0.113165595831631	-0.0287471679642947	-0.0144657785588278	0.0508454392770805	0.0616213132468791	-0.0528363186641824	-0.0743017221904678	0.0074019963658743	0.0983130686366751	-0.0389793998717826	-0.0055616421113471	-0.0044521257900051	0.0891775307087131	-0.0082133705539473	-0.0054706117448034	0.0012003049726081	0.011152972031201	0.0183504985988371	0.0159816542342089	0.0058977723180169	0.0040312757466852	0.0088348071635678	0.0141273284746539	0.0086354827923918	-0.0051723223572875
HG03442	HG03442	0.0348512389633481	-0.0743246957820468	-0.0148292912623823	-0.0376333692873176	-0.0488899383399196	0.032256782372352	-0.0481482274384848	-0.0803356415096418	0.0592196932989265	-0.0506713845687985	0.0263051031834131	0.0527592735997763	-0.0741754167804971	0.0738427932897329	0.0277039730990602	-0.0777479071684024	0.0096940636842978	0.0346799514810994	0.0547268894450025	0.0495294091076128	-0.0598003874830732	-0.0246111100984116	0.0052220278134635	0.0110764901734002	-0.0318860317291267	-0.0016437767827638	-0.0064291563204154	0.0730439087648078	-0.0028199084423738	0.0062519345348568	-0.0052920034304161	-0.0016666647468575	0.0007125230385357	-0.0165773849151054	0.0023123640462238	0.0009503027933547	-0.0062925409408324	0.0112514700030284	0.0038552107656385	-0.0045644242306437
HG03445	HG03445	0.062302051326292	-0.0282571675779555	-0.0151608465229686	-0.0244651898003039	-0.063870462089588	0.0545093431392711	-0.0269807234455813	0.0561096548832294	-0.0179190619917273	0.0127581948553988	0.0471146914531732	0.0427167885077768	0.0084138538356092	0.123297861941443	0.0591950572043821	-0.0676278697441504	-0.0043313871150007	0.0099044329591895	0.0663113397987066	-0.0161722383467885	-0.0031651105021568	0.0303242575315502	0.0681404133115816	0.0762681758402857	-0.0336701762768564	-0.0044733407520037	-0.0083763065322437	0.0754150482361238	0.0011369237878265	-0.0012551159971535	-0.0003111176687804	0.0012755701497776	-0.0050550285844067	-0.0101216446657314	0.0040553748827654	0.0029161217391183	0.0022477937260278	0.0092415649612113	-0.0004011928304181	0.0189038872498342
HG03446	HG03446	0.0524290949351816	-0.0313162686438253	-0.0154197346761966	-0.0326681848472677	0.0043678298744006	-8.47807951833996e-05	-0.0117809249229546	-0.0138958671049478	0.0731055758704465	0.0064023618144826	0.0014756343979166	0.0049645158636849	-0.0557795451064604	0.0842362891349862	0.0256131267994211	-0.0413064230848221	0.027707091209548	0.0087101754924423	0.0076697722586903	0.0389439442854369	0.0155062611847793	-0.0538931297940428	-0.037235765874355	0.0342785381130907	-0.0386862009151929	-0.0043414583819082	-0.0051958992479619	0.0806978233699405	-0.0047215078843098	-0.000845096572764	-0.0020599034652789	-0.0045613440947648	0.0120436686373184	-0.0064613981343184	0.0033134593874989	0.0110141243319531	-0.0003095441677498	-0.0176996296910017	-0.0041434232830036	-0.0203825196855219
HG03449	HG03449	0.0521677507364834	0.0293260032402044	-0.0369789229484854	-0.0025534010150282	-0.0694927402022954	-0.0690967925784706	-0.0424525198662706	0.0332842949541775	0.0048481159564346	0.0269726709814955	0.0817013958107479	-0.0169691988746646	-0.0428319357478452	0.05898616102252	-0.029279497145137	-0.0215717230867213	0.0727964693406208	0.0161570625521143	-0.0010806688584157	0.0031308112153399	-0.0032125611586586	0.0758699713357421	0.01838252393917	0.099386168829728	-0.0362324945713544	0.0019365705414754	-0.0094036178180939	0.0975979443190017	-0.0001333500658125	-0.0029122914382931	-0.0006390535135425	0.0271481973187557	0.0136552895840756	0.150174914235711	-0.0359610965353476	-0.0003949447253469	0.002439931630401	0.0020637377770603	-0.0181772070637748	0.0019360206108205
HG03452	HG03452	0.0721127273081618	0.017412985867184	-0.0337300380273181	-0.0518714861166278	-0.0326552348178677	-0.0478193393977916	0.021703114265447	-0.0162217165012481	0.0225605134899908	0.0310027320169557	0.0289769660461865	-0.0032072409320983	0.0187418123005837	0.109044940144234	-0.0523833438226172	-0.0656224400917544	0.0036848498183285	-0.0133271207264456	-0.0504837422731344	-0.0352086843696441	0.0431629504193143	0.0409806933100906	0.007151004793283	0.041274404014279	-0.0375594463926528	-0.0014745318704094	-0.0121443615899646	0.106542371550053	-0.0063018702982337	-0.0040012206320407	-0.0036474084844756	-0.0041474005109286	0.004532540840383	-0.0320075613327138	0.0400062718722303	-0.013042531701841	-0.0092815252397544	0.086756076841669	0.0069772658640411	-0.0158386774027313
HG03455	HG03455	0.0810494469948865	0.0046941861343205	-0.0295022447011258	-0.0504830568591606	0.0099784846702824	-0.0367372513873822	0.0120069642066335	0.032312600158656	0.0152588388028937	0.0351064075915409	0.0015470394836287	-0.0637502855848473	-0.068142475329726	-0.0026408459648787	0.0087742873365316	-0.0004851728372038	-0.0241769669523805	0.0086873859490237	-0.0127540793629064	-0.0080519772710997	0.0194935323206219	-0.012254871904258	-0.0131830382977281	-0.0006241052800844	-0.0368974600450988	0.0013024514245228	-0.0125765472463346	0.118388021299751	-0.0058466733453675	0.003661460748018	-0.0098393388193105	-0.0176959400382487	-0.0181003379371585	-0.13090508781044	-0.0302688458323253	-0.016429071937522	0.0907489739041807	-0.0447452175032702	-0.228345250525185	0.184519863232726
HG03457	HG03457	0.0719334919948288	0.148769337732949	-0.0799362478162139	-0.0181977356879719	0.0793681451616314	0.0670679335635624	-0.113824622601661	-0.0969302747270938	0.0874615703012385	0.0510170605404243	0.119288511283534	0.0723670322321201	-0.0191144769230712	-0.0539231740024465	0.102544928597364	0.0177135776686373	-0.0722209917020741	0.0562389771314326	0.0195697599223736	0.0191039020952017	0.0271348637441485	0.0604513280360058	-0.0067552178049404	-0.125264350905589	-0.0379762019136093	-0.005135982088938	-0.0121812235553528	0.0941307960958933	0.0004904110045022	0.0044600399616872	-0.013950545691547	-0.0069366467287101	0.0078879892262124	-0.0614991802099525	-0.0232108904819878	-0.0105740846601477	0.0467250195750744	-0.021623319131215	-0.0917359481364729	0.110420353424029
HG03458	HG03458	-0.0571462937304505	-0.0271264102902707	-0.0361876737102686	-0.0297055758496247	-0.026880234815915	0.0043435358798934	-0.0755418128007819	0.0430641050808936	-0.0982690609958684	0.0291924171694094	0.144908308685535	-0.021909085110126	0.0409804346346415	-0.0087140864117029	0.151456983004002	-0.104568775110501	-0.017280755958079	0.0605916099793972	0.0149170432750832	-0.0657736167701484	-0.0258512175606082	0.130152641577147	0.0539102950338922	-0.0116049392324147	-0.0364195217520555	-0.0037847173137008	-0.0089654127495619	0.0982558285048643	-0.003884103574847	0.0032172184290577	0.0048392035412413	-0.0047264477197464	0.0035600073915931	-0.0169897463204587	0.0163235913245548	0.0002291702949641	0.0103168614444395	0.0061098179605385	0.0081889672243995	0.014673428588251
HG03460	HG03460	-0.0441039704724145	0.039971012179819	-0.110861542640405	-0.0353583086581408	0.0854557524405319	0.0594012802143677	0.0016295351169732	0.0819336106909579	-0.0189602576931035	0.007161358930227	-0.0145692350393213	-0.0650902845996913	0.0235084751524342	-0.0167153885953953	0.0438801673988061	-0.0051230535136016	0.0145929272900816	0.0004638528171166	0.079469146740783	0.0367593567471871	0.0172778544997093	0.0212809845968399	-0.0405740424712053	-0.0220487661114891	-0.0364794792131214	-0.0040853458233897	-0.0044639308116263	0.0698680676512347	-0.0043137826997028	0.0005434810676703	-0.0034814189644306	-0.0035092177210036	-7.28032089088486e-05	0.0070649212456134	0.0023236484690503	-0.0084773399312326	0.0162810802507697	-0.0036880440198998	0.0060977224758373	-0.0020302718382875
HG03461	HG03461	-0.0648050099856591	0.0026692383681483	-0.0210829667421483	-0.0263120049802064	0.110442601205691	0.0319562916011961	-0.0337732615069293	0.0152823329985479	-0.044040368262131	-0.0164340729434354	0.0288867633809979	-0.0181305097858369	-0.0942692879606492	0.0002713789446016	0.0041649021835613	0.0038665911817097	0.0323634448959451	-0.0275607499860294	0.0442307218853159	-0.0106001688158253	0.0179411630148518	-0.0594024508184856	-0.0685428154228623	0.0057365837238726	-0.0328215992507271	-0.0017126532645041	-0.0100334789339882	0.0676605908223309	-0.0020346284974664	-0.005256447212393	-0.0034135450417803	-0.0083520886157452	-0.0073804143197853	0.004262449657261	0.0014819389840562	0.001068314212543	0.0019440701576305	0.0054447397001349	0.0046858188774521	-0.001357240645369
HG03464	HG03464	-0.057356690224296	-0.0065185192417936	-0.0512274521631877	-0.0294878416131807	0.027857121782882	0.0407886648960086	-0.0052870297326647	0.046527579679869	-0.0205661961657409	0.0218555723396001	-0.0040037352586683	-0.0795540607253736	-0.0545810880142276	-0.0534796661127305	-0.0016715558367369	0.0390743753650945	0.0426947969283829	-0.0005040018917696	0.0599359773994544	0.0180074453988637	0.0265791063652979	0.0235814038246718	-0.0140596744552257	0.0080540132721538	-0.0388330851219662	-0.0010154219276667	-0.0100154904817639	0.118351224679569	-0.0021505992018915	-0.0051689835232488	0.0044953207389134	0.0783695659328573	0.0395150853519025	0.45066969355097	-0.127394459426616	0.0087833466280333	0.0161608456617957	0.0129494217217903	-0.0053812854752157	0.0357732405072017
HG03469	HG03469	-0.0737140218986871	-0.0881292928162807	-0.0937301396893566	-0.0500350053607907	-0.0702111487571658	0.0968475962985195	-0.0313395759911856	0.0045601958762442	-0.0425837234622003	0.0335623655578029	-0.0279849930105285	0.00024936338632	0.0264184557113456	-0.0378491134051221	0.0272121354386335	-0.0910916221698414	0.10188323031959	-0.0563599338019434	0.0662204037754518	0.0197418938743431	-0.0040743629176258	0.023068739878341	0.0479755259991875	-0.0740882739904049	-0.0426387383734481	-0.0027522120127815	-0.0145760665326331	0.136178398698967	-0.009467036942984	0.0063096535831908	0.0025717214322855	-0.00293648517305	0.0235783603957077	-0.0593100343830752	0.0247746195144629	0.0765230221939111	0.113918653750134	-0.862494023046527	0.192875550652802	-0.0518292737053353
HG03470	HG03470	-0.0622119181525928	-0.0479829718760455	-0.112678068833293	-0.0464192315934314	0.008499595157673	0.0319810175303024	-0.0017757567474525	0.0088486140605951	-0.0028954584113969	0.036180976256795	-0.0270540946540337	-0.0485602029115257	0.0041832150649997	-0.0238828822840553	0.014457800849601	-0.034816530989687	0.0815515427822004	-0.039059323116031	0.009028029128294	0.0158344792142578	-0.0459577933413687	0.0372125485556152	0.0402053546585945	-0.0768539403027192	-0.0389646761799446	-0.0057985780376666	-0.0092149682337178	0.105736101124081	-0.0071063801098453	0.0053763128838853	-0.002245557537076	-0.0068391429850925	-0.0146295350596992	-0.0740068793054267	0.0497858560144283	-0.031112002414902	-0.0312814579440825	0.119314188816875	0.0963467864296595	0.0041001769972975
HG03472	HG03472	-0.0457510777743194	0.0272861758925974	-0.143153222845066	-0.0063075944704547	0.0261727486932655	-0.0323592738418849	0.0058678081922707	0.0558341485980516	0.0169245308356979	0.0521018223574376	-0.0119869581168653	-0.0622053314438631	0.0048832038437215	-0.0375705737662225	-0.0171861352562965	-0.030639195926401	0.0289910394216462	-0.0502781281355734	0.02690884382442	0.0078546999703935	-0.0198644418636563	-0.0001571571156088	0.0038487588343106	-0.0043213338810274	-0.0346805530103576	-0.0055470464284498	-0.0065470663648472	0.0417097515906028	-0.0055000325786663	-0.0020511555162894	-0.0007523959411395	-0.0019731341049004	-3.85878823034286e-05	-0.0126508335254933	0.0129557571108274	0.0023466697254421	-0.0194992089011607	0.0074836065268117	-0.0010181264665012	-0.0064052113255054
HG03473	HG03473	-0.0521288227855258	0.0062753275935363	-0.137618810779535	-0.0539803590723677	0.0432486194513402	-0.0320637140634373	0.0481976635374005	0.0273588483669345	-0.0307224765527636	0.025247432220464	-0.0085031114588118	-0.0889856487258886	0.0241708533229436	-0.0523790998047419	-0.0246241877228755	-0.0233757272689917	0.0686989725703536	-0.0924723336460433	-0.0051268826519046	-0.0164626147042235	0.0014220724714642	0.0700347487626229	-0.0157382213147677	-0.0556323199200888	-0.0388338727165992	-0.0038166194480394	-0.0050351105856645	0.0742881853727543	-0.0008320535878424	0.0076280801868374	-0.0026110667012401	-0.0079524174041081	-0.0074345281316975	-0.0113592165421838	0.0115092209112	-0.0057402577541919	0.0050527616062718	-0.0028824223075008	-0.0028712243171562	0.0112312622867628
HG03476	HG03476	-0.0526618184242995	-0.0191008918563589	-0.127406020667993	-0.0298705472171218	0.0162808908401188	-0.0666270163789285	0.0111696418494675	0.0392919754412561	0.0469665928704826	0.0719372440086876	-0.0066755125850025	-0.0317153330431282	0.0241164334603834	0.0226084694866421	-0.0162305405753461	-0.0562935062551436	0.127920076488698	-0.0987733303659569	-0.0554669249229945	0.0251531176899541	0.0146589953086807	-0.0467264335444076	-0.0022857330064507	-0.047219810448847	-0.0321701013777815	-0.0038573729001959	-0.0090151424758671	0.0780652344617014	-0.0052318912973166	-0.003101859308042	-0.001102774163975	-0.0013793279814095	-0.0050250135724506	-0.0082619330920089	0.0062653720788776	0.0019227098064946	-0.0054544628213376	0.0065374452722068	-0.007333002229755	-0.0062361902693759
HG03479	HG03479	-0.0511029246523508	0.0147941810169675	-0.0324275718579991	-0.0350844010038604	0.0877053104065768	0.0405539269746182	-0.019206410671574	0.0504238307954439	-0.0656670877643084	-0.0512836766785209	0.0303545297691483	0.0148298094448363	-0.079073796141663	-0.012188489417274	0.0508233155791835	-0.0148943444921019	-0.0094176664005661	-0.0237213007419907	0.0057442714981395	-0.0558259634499235	-0.0087126622949256	0.0106518278601723	-0.0097622823083096	0.0113694094655527	-0.0365319471313371	-0.0019281736611934	-0.0097707529768275	0.0961851544983629	0.0051398386206913	0.002572765801078	-0.0070922355133972	0.0028383869712325	-0.0226471518965034	-0.0273718309783193	0.0197823907997462	-0.0273280197301216	-0.0109657360328162	0.0496428185459615	0.0715119084921643	-0.0165951744274965
HG03484	HG03484	-0.052091787350121	-0.0508530321565706	-0.11355631338713	-0.0427895822779119	0.0460074445248453	-0.0347293138078038	-0.0367024796146437	-0.0008886107197704	0.0293718754472518	0.0560674207158104	0.0662549683016402	-0.0982198996103589	-0.0118588554085612	-0.101248392494831	-0.0053185616824213	-0.0975160870765853	0.0012011613917535	0.0099726695793205	-0.0278097791704424	0.108276811384485	0.0675335364129584	0.059935705782252	-0.0030794088704537	-0.0554686572956126	-0.0427083342219361	0.0017038682016933	-0.0068022436085146	0.144833427519712	-0.0029764838820477	-0.0179332576137861	0.0060805541655357	0.124225979934556	0.0766839124869359	0.743122433760775	-0.210204043184837	0.0387629510520475	0.0185489900752798	-0.011383209078435	-0.0303386034940842	0.0527911422742726
HG03485	HG03485	-0.0537708002710291	-0.0349492960619038	-0.0761126102465251	-0.023172370626529	0.0781477217226451	0.0485009898398705	-0.0421394849146366	0.058138832327949	-0.0057262126111068	0.0376773492519999	0.0562813349795324	-0.0669135638485281	-0.0046560903975505	-0.0408029430725829	0.0320435570218898	-0.0121216325638568	0.0048044155258633	0.0339257332157706	0.0245966536254131	0.0035357856271325	0.0304394017961625	0.0736113476063132	0.0169484094576005	-0.0095349681290451	-0.0416711803176423	-0.0004432188982305	-0.0073651297479858	0.105377772138055	-0.0070408854099596	-0.0065525917026354	-0.0037773045413415	0.0133457089302561	0.0169861574059885	0.0167267956450909	-0.0149700769050418	-0.0101735434977402	0.0150901841654179	-0.0087269169948298	-0.028541237071849	-0.0366416949446742
HG03499	HG03499	0.0143984560597084	0.0395778155504743	0.0024560546049874	0.0881158411249694	-0.0438646581623566	-0.0039731727999276	0.0390530300555211	0.0260395372699879	-0.0407965820126421	-0.0346348372665637	-0.0459858847409051	-0.0443290988845021	0.0310192538611147	-0.0869565564525082	-0.0156277104517222	0.0573819553186519	0.0800247951337889	0.0160798874737489	-0.0723043458714238	0.0261083255972639	0.024067468016622	-0.0198137302190566	-0.0471197778056547	0.0496640464770459	0.0013230012717945	0.0641297835302829	-0.0020899478141686	-0.0212497605945118	-0.0041049089076547	0.0068250478816665	0.0039148915797302	0.0072668332047324	0.0021014788458299	-0.0011951558389504	-0.0007641796555697	-0.0025972981020873	0.0001542271731493	0.0032656518715506	-0.004518148599029	-0.007557850235516
HG03511	HG03511	0.0192862031604702	0.0089246032775766	0.0082148658152511	0.0941603342638969	-0.0151294336142471	-0.0345116985154095	-0.0638358477342435	0.100979734150194	0.115729422578407	-0.0678446351916022	-0.016937229557344	0.0296865166661916	0.0973733449882271	-0.059783235774328	0.0846043898384185	-0.0211027191106176	-0.0140452658621674	-0.231049334833052	0.154452390009173	-0.0246206953657335	-0.0550609978634342	-0.0614657753233259	-0.0285874345365263	0.110806674028611	0.0033639603318547	0.0681889103987485	-0.0033667906352314	-0.0201803481410201	-0.0007336541533971	0.0092255554568804	0.0040716371798018	0.0012082860620886	-0.0025987378452897	0.0063413198602748	-0.0061052338676466	0.0012773722478889	0.0073984200207148	-0.0038491262118982	0.0021002285815106	0.0012622928988723
HG03514	HG03514	0.0352619858949105	0.0349241928326899	-0.0192284225454518	0.0542249161497236	0.0398227846104395	0.0424844374978054	0.0524752262255079	0.0308959589129541	-0.032820086156135	-0.0050540436016123	-0.0499021086054183	-0.0206585979575764	0.11675077661796	0.0134521058084421	0.0023875177105185	0.0694563609298245	0.0294545650322758	0.0262990937457161	-0.0466460597961491	-0.0377868065450298	-0.0255610496245648	0.0333500947507673	-0.031514562308646	0.0032152646655981	0.0016880485358119	0.0685013329441582	-0.0069714857758363	-0.0188314355387083	0.0001899698147313	0.0027941661721778	0.0079111801488869	-0.0120479359039274	0.0011131230611091	-0.0115682325667929	-0.0061659024080445	0.0012678293994724	-0.0097563031068051	0.0090580088720632	-0.0095386395372586	0.0033465737444307
HG03515	HG03515	0.033077425772178	0.0607696277461451	-0.0083673745053938	0.0812259671970854	0.0072888782876651	0.0385382687884581	-0.0037344054921516	0.0572075639190754	-0.0433542183188209	0.0078753486262339	-0.034414729635007	-0.0212333953738889	0.0719634749180826	-0.0732565976601523	0.0389585794748695	-0.0032363904527775	-0.0149401763294392	-0.0096701597672412	0.0018641143519814	0.0057811810859011	-0.0205572521369312	-0.0181547802683729	-0.0516262618479343	0.0150750809489481	0.0022806522437232	0.0672539765622409	-0.0058418878892982	-0.0293299299962105	0.0006857917151234	0.000579510272232	-0.0063517648616385	0.0055508194832657	0.0060454379658802	0.0083881124032109	-0.0027956731493992	0.0050958214356614	0.0130952682115958	0.0011784081050088	0.0024755401742036	0.0006586099533481
HG03517	HG03517	0.0068217842146017	-0.0167763546511641	-0.0016185917634108	0.104739560630508	0.0109353482255915	0.0441364996693925	-0.0071619128584605	0.0808222858690309	0.0239581247346657	-0.0697580726903779	0.0011925320873625	-0.0056355709229434	0.0642877424149086	-0.0781484379524346	0.0786987490533524	-0.0050044784280515	-0.0365103041061892	-0.0344985136338282	0.0283111981169702	-0.0131815848298733	0.0182837642476271	0.0031335901459621	-0.0728660229224491	0.0670340642274847	0.0026878539761843	0.0669659946517668	-0.0019970897949122	-0.0206238885024991	-0.0035381433275435	0.0075705481201766	0.0017520516112452	-0.0067182809152421	-0.0052073947511452	0.0069873470726486	0.0062627684888173	0.0024128551301957	-0.0004372403104608	0.0007612546799321	-0.0152063869965617	-0.0107979499205805
HG03518	HG03518	-0.0041544250822971	-0.0366100005691412	0.0409226246587957	0.0814263788114555	-0.0238677413796242	0.01852119906159	-0.0163131365953335	0.0117198186201182	0.0183636192424058	-0.037327108063487	0.000265507044032	-0.0188910303181595	0.0397923352995087	-0.0784895675070214	0.017959063733161	-0.0152219933013039	-0.0230049087774832	-0.0122207577374386	0.0175393519175556	0.0087324419378062	-0.0036843062934299	-0.020872773627844	-0.0514488266212768	-0.0112060317459923	0.0047393948676029	0.0705207988433579	0.0017159009922201	-0.0315467915041693	-0.0002343388177781	-0.0025893036765099	0.0051645882224765	0.0005494485478419	-0.0091588145387776	0.0053064242446514	0.0007947090473692	0.0061030290728079	0.0064399578941353	-0.0072652221785125	-0.0075489459338754	0.004052944392708
HG03520	HG03520	0.0454803693502715	0.147935401507512	-0.0747661043810883	0.0832300065049056	-0.024092095057318	0.103355236948873	-0.0733223835434118	-0.105132121554108	0.0393383759933759	0.0395105759128734	0.0225854907797498	0.135374883177925	0.0460522999065664	-0.0688452431334351	0.0346338082970553	0.0464409975060222	-0.0048025272827141	0.0397888941421213	-0.0790117369617711	-0.0090244666704212	-0.0574505135301989	0.0221056731114381	0.0394662578434325	-0.100044169101303	0.0023398572902162	0.0639101712646006	-0.0007817520873464	-0.0301292589033908	-0.0059415249368286	0.0020939105219233	0.0081465915692159	0.0062260841956353	9.19744277646995e-05	-0.0043823987964335	0.0131479519460146	0.006060074466984	-0.0059494413657185	-0.0066414325194209	0.0043710771355396	-0.0034387481961588
HG03521	HG03521	-0.0270987069347871	-0.0447444250895779	0.0296523838231891	0.097319733988123	-0.0344740811860045	-0.0024957306239538	-0.011450114701039	-0.0222623972773516	-0.010970503593482	-0.0446452775213074	0.0356831606486014	0.0129844886901284	0.0525602308980968	-0.0226583807803799	-0.0099446554698812	-0.0277400193778536	0.0116220992781487	0.0035089095561281	-0.0322159227846277	-0.0444528924337287	0.0197001087682648	0.0247776294258648	-0.0616143033055414	-0.0244196915291094	0.0021143201610673	0.0739721778691676	-0.0020338523808831	-0.0312506893711647	-0.0007745561176608	0.0030648001485497	-0.0061326938566905	0.0036356122569704	0.0049441228460017	0.0114577665323956	0.0081026285811952	-0.0006347836097052	-0.002564285638355	0.0126833822039399	0.0044120769856666	-0.0068715834553141
HG03538	HG03538	0.0209213923800892	0.0083330461771514	-0.0750080398502328	0.0658406917207673	-0.0139674218070046	-0.0318376633525888	0.122860513205387	0.0122207653790634	0.0299568607069207	-0.0912747194710113	-0.127754778448657	0.0071116654758411	0.0066432476468672	-0.0820928582858517	0.0025845763280043	0.0701511795993166	0.0363133173496499	-0.146130975993035	-0.043075199007112	0.065091010274429	-0.0741940443714996	-0.0743495945865152	-0.0070345218255939	0.118265106909962	-0.046102748649692	-0.0519953321608899	0.0019317350446438	-0.0465688730780936	-1.97409854514974e-05	0.0016274093553851	0.0066483096614942	-0.0051205554058912	0.0150006181027712	0.0093403932905719	-0.007744905208343	0.0020221645537594	0.0013454640762847	-0.0219528174265746	-0.0195827516920168	0.0143786944756441
HG03539	HG03539	0.0215397152144892	-0.0378766128096053	-0.0452409240605953	0.0557694913565969	-0.099411728881259	0.0150914645458285	0.069789169988872	0.0294957541054377	0.0831255069872199	-0.091561788641497	-0.0231383372241797	0.0579226944892251	0.0881358729207252	-0.0700149596827936	-0.050441079688971	-0.0396455775968187	-0.0522812964091838	-0.0742400392185489	-0.0327910604989729	0.0295643824104629	0.0518522411852087	-0.0416443811435314	0.0450127203968164	0.116789532414978	-0.0418064190837493	-0.0515289795607174	0.0051630384770742	-0.0554646907484862	0.0010403472529589	-0.005354675877111	-0.0017185549014841	-0.0060089899769586	0.0091305217748418	-7.13398739054087e-05	-0.0040012700282816	0.0108275770666534	0.0194430042348319	-0.0066184369149564	0.0432949490155719	-0.017026245299334
HG03547	HG03547	-0.0123741278507827	0.147701632532151	-0.179681504548137	0.056979550097583	0.0593368749359111	0.11486113442924	-0.0866081866405149	-0.0447247022915267	0.0561297339330972	0.139673086859316	0.0950723551259235	0.0731211437224407	0.113099197254838	-0.0191604392051687	0.0939627695441828	-0.000475730327245	-0.034270914983364	0.111414590374391	-0.0108766872877925	-0.000251490389135	-0.105576604694915	0.0540678893480776	0.195121450210162	-0.0514516818508629	-0.0376169508051645	-0.0029573308404372	-0.0040265287198425	0.0846708979157995	0.0010244483537889	-0.0044707555892544	-0.0041343901247568	-0.0014259354271027	0.0033759358935256	0.0116139263305708	0.0033622261216381	0.0010140310218293	-0.0020223346321503	-0.0048282949549719	0.0160986608695573	0.0035352187572584
HG03548	HG03548	0.0033822501149911	0.03001184219739	-0.0043279967403819	0.0550164669365451	-0.0125614289171853	-0.0739491283210646	0.0198183106596836	0.0229697581577506	-0.0850544530585346	-0.114409706425453	0.043215845696081	-0.0186125755439192	0.0261510647701913	-0.0968220111739496	-0.0219377983203601	-0.0344505869209928	0.0567724923600533	-0.0499901818211142	-0.0050448518989021	-0.0695462870837903	-0.0642704027764838	0.0357657116378071	-0.0548061420678922	0.110254642654569	-0.0374447946252367	0.0024218455318287	-0.0057722363459575	0.0926906875475283	-0.0028401984151185	0.0038519963290529	-0.003018745619135	-0.0017378861840977	0.0151267610837906	0.0050085845916789	0.0023590438848265	0.0021013544365753	0.0079302516966143	-0.0068771236075768	-0.0057265812951477	0.0269607219634711
HG03556	HG03556	0.0262442941728887	0.0218697937337092	-0.0553195211387274	0.087744792041909	0.0185177687741459	-0.0302293952561081	0.0324193609802311	0.0272365189361398	-0.0218096863215512	-0.0466499468457031	-0.0844506790082191	-0.0018066709377007	0.0119294238740686	-0.0280616365291166	-0.0369904003429256	0.025781981323102	-0.0039890344974271	0.0202776109593336	-0.0291678724151739	-0.0279226421088586	-0.0206982107230676	-0.0280364373969369	-0.101402670295182	0.0173141353874548	-0.0372316886310425	-0.0016145128832611	-0.0069384366210558	0.0953211042776527	-0.000769760274345	0.0011514551414516	-0.0023896280242347	-0.0007370850614345	-0.0020780737500558	-0.0209106436781399	-0.0056338194504241	0.0115598662590682	-0.0006643922429156	0.0060716731146935	0.0017011609699438	0.0004587671031303
HG03557	HG03557	0.0054211189856681	-0.0025125799897321	0.0012008982815997	0.0882282390685379	-0.0100170831821999	-0.0678662228291798	-0.0001057484755435	0.0264033449817873	0.0453311898467392	-0.0757108995736173	0.0324881770204023	-0.0309270620527003	0.0179486332651933	-0.0515915731824238	-0.0219714118141886	0.061565668139986	0.048678289336995	-0.074178419525731	0.0421091848539282	-0.0107853007657034	0.0137216407178221	0.0400837277217699	-0.0742656775790514	0.0698913476467866	-0.0348130950059071	0.006182812762595	-0.009494519958323	0.104805785784334	-0.0042806444933621	0.0073917820518397	-0.0067867537248736	-0.0005558976722981	-0.0003401249699064	-0.0356584927777307	0.0114036888626166	0.0071876446664469	-0.0019714316311791	0.0090559606243672	-0.0043291711687823	-0.0003987158253143
HG03558	HG03558	0.0049798216420984	-0.0150046509005116	-0.0339575290477669	0.0857396766451632	-0.0050861869591206	-0.0831688714331974	0.0687964035791582	-0.0234285753882192	0.0444559542197764	-0.0247475945271858	-0.039675627551866	-0.0382734551401115	0.0403706639091836	-0.0397414877088427	-0.0374971215635921	0.122953907930088	-0.0021249275232934	0.005446249184038	-0.0715104270744945	-0.0236364071982549	0.034962846679547	-0.0130126633348637	-0.0734199086828491	-0.0259869682416692	-0.0339167421120028	-0.0004109764800296	-0.0080267159221658	0.0753687475877411	-0.00528349584609	0.0054522780123853	-0.0011836632919051	0.0080563174684689	-0.0052521674162646	-0.0063632074731253	0.0070939462907627	0.0029771699370205	0.0025801455855711	0.0077604400802968	0.001628838306264	0.0037380147522953
HG03559	HG03559	0.0010891593097347	-0.0442548457648145	-0.0271519099076109	0.0790091102336492	-0.022507155128371	0.0448793866873909	0.0397793892874282	-0.0156065181960278	-0.0258225824560351	-0.113799769417017	-0.0230686610538897	0.0283727650156306	0.0439163977078707	-0.0517575677323946	0.0273274641943822	0.0338849152736569	-0.0418241766706233	0.0401812533814314	0.0180737071381987	0.0074894499949527	-0.0718011363369755	-0.0630728016058363	-0.011931721294176	0.0082385610172202	-0.0356917281379864	0.0007969890092126	-0.0048017690028027	0.0901600169107081	-0.0067438246047852	-0.0066804096338988	-0.0008405211400011	0.0065796119884925	-0.00678453733495	-0.0042853517885528	0.0010733829640029	0.0009308217640975	-0.0109040971954489	0.008783627283072	0.0143157199363742	0.0134072637264132
HG03563	HG03563	0.0183939249185031	-0.0422151175722632	-0.0186691190389245	0.0615525140659402	0.013044986466181	0.0359270803808495	0.0431406948256093	-0.0256624927202043	-0.0147485129198004	-0.0653108032608787	-0.033649885997147	-0.0001109629006464	0.0668896773154721	-0.0220785115885381	-0.0033239651373766	0.0788020162126502	-0.000457790332822	0.0195767902040069	-0.0314072572302661	-0.0192732668675298	-0.0385159868999102	0.0144739007618491	-0.0323602741603205	-0.0012207305529145	-0.0337693680655911	0.0012532104244207	-0.0084608270624839	0.0756963823202752	-0.0024681865542499	-0.0036303955382043	-0.001623377459047	0.0028261151257259	0.0120797497228101	-0.0128074437297045	-0.0013841801637136	-0.0003243753357704	-0.0029979754073248	0.0213757100508931	0.0089252352149833	0.0031131285845261
HG03565	HG03565	0.0213642147951645	-0.0120296091506749	-0.030466337297739	0.0498900763431258	-0.0643187096822716	0.0427626713033163	0.0604023432389878	0.0114438677598164	0.0022962583015732	-0.139931875532267	-0.0233289874561446	0.0129603792123802	0.052415549607971	-0.0306803831802139	-0.0562429049089493	0.0255266946509862	-0.0181034898064009	0.0054260154044217	0.0180337065491231	0.0758537528504391	0.00054165014268	-0.0637901972768396	-0.0290646689105721	0.0891250230550554	-0.0352533289419666	-0.0034333939519856	-0.0066759692316443	0.0736755547734126	-0.0060707721186467	0.0085297981545788	-0.0019912311538212	0.0002984056924973	0.0034094833282835	0.0018390468088154	-0.0033371903934889	0.006955773166631	-0.0082324538345543	0.0178027860151296	-0.000612068473083	0.0120567051133738
HG03567	HG03567	0.0394276294717284	0.0440168568891752	-0.0475150126453094	0.0851806919404233	0.0636279684589978	0.056602435094191	0.0148927768017849	0.0338810604497594	-9.92142505544706e-05	-0.0199102807094534	-0.0326452647909205	-0.0174213327646642	0.087206230394436	0.0109596358328442	0.0175925741641152	0.0581162162358639	-0.0539660883187187	0.03915884146587	-0.0624520249375503	-0.0282544274274492	-0.0410247723817366	-0.039816489303439	-0.0781874966065632	0.0020105998487209	-0.0361677647567641	-0.0042680562790884	-0.0036663327260492	0.0681520766060398	-0.0030096893380793	0.0016775996482978	-0.0042323181757328	-0.0112445620605041	0.001762002810955	0.0030887480847008	0.0013982644777909	0.0007446406543755	0.0025257023015837	0.0214293510145653	0.012915816111081	0.0036865812596096
HG03571	HG03571	5.23858963604314e-05	0.0253445571021063	0.0397971207608436	0.0784209826519551	0.0495812753200645	0.0390765467728838	0.0373017038343617	0.0226223837339236	-0.0588069843632832	-0.044875292912409	-0.0237322424225724	0.0321875710212837	0.0815850203922897	-0.0630382813195006	-0.0444526615314845	-0.0583730854913974	0.0224867013765763	-0.0830141517812326	-0.0074686112034687	0.0170708729319763	-0.0940277364329197	-0.0152782386396433	-0.0384977237367937	0.0901481830237131	-0.037993071983082	-0.0039441781339674	-0.0073949881879571	0.0797978375799623	-0.0032225846685776	-0.0040236574069114	-0.0034567961706955	-0.0031467315545845	-0.0038351775932826	-0.0218045762653095	0.0041813638404067	0.007645374094647	-0.0086577214402543	0.0294202444371189	0.015271950682669	-0.0090082390794114
HG03572	HG03572	-0.0198342947519102	-0.101352853943321	0.0490329393962655	0.0487737266990295	-0.0400023212757304	0.0317838958420936	-0.0354576978467031	-0.152047457729826	0.020680765783331	-0.0481322185121963	0.0275014154667272	-0.0306131502329341	-0.0590688021675288	-0.0662983867113247	-0.0486479070391085	0.0435474389036645	0.0041509310423015	0.0695644385308083	-0.0558853802149116	0.023956231118826	-0.0918492827809358	-0.0240920143744467	-0.0051323651894893	-0.0832866432001256	-0.0374450296853456	-0.0022549586075826	-0.0090658473794105	0.0861369114796593	-0.003620293452725	0.0032422212700855	0.0070701242899072	-0.0100147666780199	-0.000841892184688	-0.0196836700774038	-0.0049412305373103	-0.0142282364029317	0.004550258774186	0.0336783774148689	0.0212746605071692	-0.0135743579030376
HG03575	HG03575	0.0652326019854067	-0.0094545945939135	-0.0027924894423885	-0.0590368677938591	-0.007287371329694	0.0909879566190806	0.0283216509431579	0.0098761050592686	-0.0057889536910325	-0.005954258852012	-0.0644267277858627	0.0285348528128452	-0.0012509080721763	0.0592392057917019	0.0888398382055979	-0.029496350082803	0.0006841260755182	-0.0183420818791267	0.0024046964325546	-0.0536535250959677	-0.0529216584222554	-0.0111704271145318	0.0308018328510422	0.0089678737213203	-0.0345359717892763	0.0032692329337938	-0.0083949913045403	0.109939282337743	-0.0035353623573053	-0.000995178590996	0.0136703108368293	0.0230893846337245	4.7815320250451e-05	-0.0488810975826881	-0.0174221492791169	-0.0427791453975849	0.0008378268836755	0.0450498519939474	0.0061119245863977	0.101405664229554
HG03577	HG03577	0.052076961812543	-0.0667634402619875	-0.0228701711527446	-0.0355729704387816	-0.0093423367007743	-0.022274927369315	-0.0299124042927784	-0.0295876534606904	0.0328534412478295	-0.0093261179447459	0.0668108008629445	0.0404991496643626	-0.0363199112368989	-0.0087440639327276	0.0402391057661307	-0.0674820868714313	-0.0172822412439599	-0.0077247728128515	0.0414060942240222	-0.0136843906825813	0.091812628973639	-0.0025035815883491	-0.0256043895168233	-0.009577454350866	-0.0374084858985134	0.00429695169517	-0.0100787578572983	0.0909243151402196	-0.005512754640289	-0.0005934106606635	-0.0033289017549364	-0.0023763188257519	-0.0241618714318419	-0.0070038612742122	0.0264423871577015	0.0131565644980787	0.0022832045524026	0.0473991818858146	0.0370215447314063	0.0252665902337538
HG03578	HG03578	0.0564087632707802	0.0533700626884064	-0.0156882911017628	-0.0004679509312079	0.0430416469222466	-0.0547494525603855	-0.0109696324777095	-0.0093045779363253	-0.0799123346097641	0.0761500092318039	0.0370885814588173	-0.0497803182768532	-0.0110115901691054	0.0103634314499529	-0.0439823246787029	0.0149494028542028	0.0353312326098733	0.002121484634238	-0.051966952058416	-0.128973470360847	0.0539314247841144	-0.0130913315724269	-0.0294653033537102	-0.0410804746034665	-0.0401219881247674	-0.009596971062601	-0.0079678221352234	0.119651908551783	-0.0092764669391639	-0.0079868818865318	-0.0131342823540111	-0.0048463761368538	0.0065628498595869	-0.052923963056663	-0.0101867043295235	0.0066966861927702	-0.0374455536694643	0.086072402057134	0.0435510124752287	0.172673770162392
HG03583	HG03583	0.071455742972994	-0.0001159079544596	-0.0372473002122122	-0.0265789359692676	-0.0019084279943504	-0.0425837277918789	0.0083083972817155	-0.0002899624112098	-0.0047831571121241	0.0401093610562417	-0.0038515153811197	-0.0060302766103974	-0.046235351800928	0.0543059320129735	0.0194156077565322	-0.0171789635615223	0.0358406611138718	0.0119280706270718	-0.0668263664235308	-0.0705756197937194	0.0352729750500585	0.0123178985385167	-0.0427391577385716	-0.0231707644687155	-0.0418482739702942	0.0022804542998476	-0.0171653423291124	0.143097312456135	-0.0153522222429939	0.0085815509964389	0.0112901497713401	-0.0142552114886375	-0.0112366102491964	-0.0999310010804919	-0.0001624911363992	-0.0207568609844895	0.030647971526608	0.239690819853022	0.0192194021391326	-0.0030773995962822
NA18486	NA18486	0.0640390997125133	0.00056135103766	-0.0312420598942025	-0.0404924042833821	0.0459577152564969	-0.0919209153201545	0.0074428223480238	0.0366963177996644	-0.0306600526114692	-0.0054968597120565	0.0716994476156252	-0.0475625331479754	-0.0279668542434887	-0.0831682028986458	0.0444606024010542	-0.0245138545631815	-0.0307086291293679	-0.0431509929922848	0.0021896142028964	-0.0330153676551459	0.0995620040657403	0.0822502953526058	-0.0097541577876894	0.019176472465676	-0.0029699699949902	0.0484213598797839	-0.0009910317384607	-0.0134491605664016	-0.0024397615831656	-0.0058145869993266	-0.0046457463907588	0.0063699769760707	-0.001744913355625	0.0049106481259694	0.0056706500529762	0.0131520656708677	0.003043422790053	0.0012249294393123	-0.0032469432455206	0.0045175409258441
NA18488	NA18488	0.0719599212734989	-0.0317214536875165	-0.0007195969725961	-0.0171853013069722	-0.0943839806173706	-0.0104907552376073	0.0073223385010078	0.0093293689481033	0.0597371463485702	0.0379764378695148	-0.0129216060987246	-0.0119753959107774	-0.0018784349055592	0.0082308635281096	-0.0113688156848639	-0.0066425298382168	0.0254323901452503	-0.0360309800127571	-0.0345071872473557	-0.0069597970576762	0.110787701858449	0.0290364811934188	0.0220679113860098	-0.0161968048947305	-0.0025743198624612	0.06198768764339	-0.0039227097584624	-0.0113828289583701	-0.004586633317881	-0.0043115575601129	0.0058254584110833	0.0064393677218166	0.0030229333981593	0.0056214274259417	-0.001931652971485	0.0125342737904538	0.01078766786954	0.0008552018939656	0.0004639759632321	0.011250173872221
NA18498	NA18498	0.06737018290309	-0.0049679587659383	-0.0185298674335524	-0.005519309879833	0.0249500483790016	0.0058284627787091	-0.0324256838659335	0.0609382852348837	-0.0522013179938891	0.031930536328254	0.0488708244752551	-0.0258982261149857	0.0163741924757973	0.028799633752509	0.0702096974644049	-0.0322586657559568	-0.0188745785610807	0.019017477010864	0.0477441687375975	-0.0957185578244921	0.0224880105968481	0.0054936811521672	-0.035701784067007	-0.0141895193781398	-0.0003020950383191	0.0587189344164984	-0.0029337245308678	-0.0203883581314632	-0.0046143024530041	-0.0022426226879677	0.0073103976557348	0.0079712595267008	-0.0042679480115601	0.0027515758830395	-0.0048194593512958	0.0155551810864307	0.0028033062065849	0.0031290355584428	-0.0016742023645759	0.0018745522994701
NA18499	NA18499	0.0722672893104163	-0.0115777952820319	-0.0009648951732557	-0.0248639091120093	-0.031848666773732	0.0445899860440958	0.0311194689526994	0.017350117802981	0.0106974439482902	0.0154113745224194	-0.0422111963064862	0.013992451949793	-0.0247845253604763	0.0305578954625222	-0.0024160423379226	0.0104566079514808	0.0316481848498649	0.0199620779189285	-0.0132987315058777	-0.0197624186581726	0.0671203540319205	-0.0838690226956854	-0.0093226277454377	-0.0191535296171856	-0.0034550705144682	0.0527886544650789	-0.0044306673158606	-0.0169159151576034	0.0008612883444733	-0.0019536140914835	0.0011703037130448	-0.001358098125871	0.0027400628587181	0.0032745240088989	0.0003397867378291	-5.52789938305981e-05	0.0007717737551541	-0.0104821032517397	0.0112980702284752	-0.0089991675604188
NA18501	NA18501	0.0502636387958006	-0.0055682279843121	0.0006853466496954	-0.0712260566657193	0.0843231495982511	-0.0448456852399392	-0.000939521452064	-0.0226955323666723	-0.009092870792679	-0.031783536262188	-0.0133582278454633	-0.0165660048947409	-0.0543716848900963	-0.0423891798968361	-0.014123000793659	0.0224152227101314	-0.0513096903312903	0.0023853380488179	0.0343207335675456	0.0225876789402851	0.0447159935525287	0.0104618569312298	-0.0247178333434661	-0.021934770478081	-0.0029213286434788	0.0530944426028957	9.76056974675008e-05	-0.0112819915698633	-0.0027346736402609	-0.0096724221614556	0.0003277096014819	0.0002537901436102	0.0063676379218048	-0.0096881597368964	-0.0071735309655414	0.0035358577401794	-0.0104684403943294	-0.0071162150384668	0.0097941613615039	-0.0128569793584575
NA18502	NA18502	0.0675433512895875	-0.030367904417758	-0.0058901591105944	-0.0330210704468717	-0.0157962495474574	0.0113395695742587	0.0231700356902976	-0.0101894189809383	0.0188008541002161	0.0357815866299154	-0.0263666272065349	-0.0240285092844668	-0.0349738041425725	0.0555531183718211	0.0240801827258579	0.0403457124011487	0.0601383119666813	0.0405237082622474	-0.0241715579639326	-0.0304978287280994	0.0252952567898895	-0.0453267851867498	-0.0132777276270632	-0.0481635412763225	-0.0006704682000285	0.0633667388065103	-0.0012523719907353	-0.0166231169623576	0.0035905681957522	0.0041473931181989	-0.0002143898014255	-0.0052467714847646	-0.0051737874400279	-0.0075589286472851	0.0025893734441558	0.0073664356118098	-0.0044438447830037	-0.0029498818159415	0.0021237345428516	-0.0038308283687743
NA18504	NA18504	0.0641043698885872	-0.0077538080966428	0.0022706365599488	-0.0745551359638349	-0.0577973200117079	-0.0238387494215787	0.0116627849888043	0.0254416205008169	-0.0536615530082133	-0.0884862033084853	0.0249681969364628	-0.0061986665398035	0.0197758012289571	-0.0129247072250544	-0.0058629499331228	0.0121157271888385	-0.0401044570302127	-0.0064986570556182	0.0648666805180944	0.0286518624048634	0.0422467228856704	0.0587012598621021	0.0204898653290965	0.0676321496781424	0.0038101733119058	0.0608669600930359	-0.0019186389257519	-0.0182532898177765	0.0023847155259076	0.0003649309674987	0.0081409421888325	-0.0068232607756212	-0.0067542737680571	0.0014605351502992	0.0105567993548237	-0.0044333945935332	0.006536563834487	0.009364153969776	0.0084729732332528	-0.0058278277751599
NA18505	NA18505	0.0524409813664986	-0.0383034793604398	-0.0018819230959362	-0.0382560319454195	-0.0269556419911707	0.0268891012925707	0.0392233390279982	-0.0252562185614781	-0.0508328483785207	-0.0046518342231856	-0.0560037804234815	0.0188696768111581	-0.058029415863014	0.016431904362478	0.0128909573868448	0.0124416795070831	0.0912942381993503	-0.0182488420256479	-0.0388184997232545	-0.0536749603169297	0.0203677747569871	-0.07303751374056	0.0281901305349105	-0.0082423924308427	-0.0013930600969563	0.0611618099041688	-0.0048286170039043	-0.0156622011777509	0.002435056140416	0.0066356680491151	0.0064488284457854	-0.0115230429092883	-0.0094406881811372	-0.0108705466539051	0.0024642256903301	0.0037702696588439	0.0089977451492267	-0.0042917452870778	0.0133364371695467	-0.0156516350312116
NA18507	NA18507	0.0626135909903189	-0.0247004332507682	0.0145863267050683	-0.055929633957237	0.057718097572244	-0.0622389702371266	0.0272966436031201	-0.0176024237705017	0.0366315072714732	-0.0030082525247186	-0.0419262603066404	0.0585595733298931	-0.0222312060547862	-0.0216468531867473	-0.107479661648017	-0.0061827371340843	-0.060668233509566	-0.0617626631127918	0.0039611265835732	0.0474450658899084	0.0164282841637321	-0.0784966149423885	-0.0072111114698723	0.0436703123704308	-0.0041572795772276	0.0506535163352164	-0.000410767608677	-0.0144403507932527	-0.0070931330887701	0.0052217354755215	-0.0017650030258947	-0.0014285587506572	0.0092939075320095	0.0052682711656919	0.0026537916408887	0.0099236422631826	0.0029160824542672	-0.0011844920571958	-0.0005657266095412	-0.0211858135895313
NA18508	NA18508	0.0516244115011103	-0.0890979967635511	-0.0175488475883672	-0.0260225599818996	0.0385226196378178	-0.0115540483847789	-0.033121056018626	-0.0671781189545261	0.0234859508283423	0.0633741920978788	0.0598639780611552	0.049057149172058	-0.0733802966329581	0.0071554749511238	0.0089264256714527	-0.0395387781646042	0.0430191381229476	-0.0222407308624197	-0.0632819534570844	-0.125323689983116	0.0410917694833924	0.0199326090909736	0.0315255663206282	-0.0442761980867617	-0.0023853891725475	0.0543450897746605	0.0024871188678778	-0.0074857042592731	0.0020229088577257	0.0021008794588207	0.0005936515927128	0.004731110113019	-0.004187036923733	-0.0057601089634716	0.005288523091161	0.0079535694331583	-0.0038141821121462	0.0014804210797138	-0.0074933132592726	0.010363220153068
NA18511	NA18511	0.057140237359656	0.0642724045650607	-0.0214686198103919	-0.024844435833791	0.0267483679735899	-0.0412600825088773	-0.0269929726189249	-0.0150766964898899	-0.0465224283246151	0.0303306092716424	0.0242388877577879	0.0252380461643782	-0.0579573358720096	0.0153330378829784	-0.0225389383480991	0.002632461037055	0.0346412716516301	-0.031712880294716	-0.0529402933298163	-0.0791205290396952	0.0307638023870768	-0.0516477625620035	-0.0044425069778727	-0.0721737755251161	-0.0023615801096614	0.0494779219945864	-0.0019618452572994	-0.0069939255139207	-0.001935426232075	0.0003182751437857	0.0001849891256537	0.0002619882801817	-0.0046626906464727	0.0067819730770553	0.0071990165330567	-0.0002192480826818	0.0029816650891621	-0.0078687555788103	0.0044090975290614	-0.0070619045598024
NA18516	NA18516	0.0601805539503247	-0.046219592592051	0.0229813890668193	-0.0459413609977192	0.0486232360644022	-0.0710199529534782	0.0099164954799875	-0.0371262532922817	-0.0090637911255427	0.0114361120344241	0.0050680161132166	-0.003106517447399	-0.0129363347438416	-0.0076038648775848	-0.0894452137769197	0.0237711696086315	-0.0562965836856143	-0.0406938385934628	0.0508676936953131	-0.0196421317088661	0.0226597747944625	-0.0603046396676818	-0.0542387912615267	0.0030072233510685	-0.005285527358682	0.0484715535869369	-0.0008736882704831	-0.016033853111413	-0.0017014806551611	-0.0016313607818734	-0.0041622335700048	-0.0072894839473738	0.0025006991188906	0.0064717388973188	0.0027757533157697	-0.0026661890662318	-0.0066129252313281	0.0012483815505112	-0.0071188174602529	-0.0086175461075192
NA18517	NA18517	0.0707281533042397	0.0123740767168505	-0.0111091769280512	-0.0120736878031297	0.0062304051365147	-0.0350685318165531	0.0124329105422773	0.0019803638927222	0.0134340863435212	0.0908369215668356	-0.0643412383349263	0.0004796374338293	-0.0408557804586003	0.0492863697300981	0.0024378843329588	0.0077636814674636	0.0270455563270033	-0.0236248350755107	-0.094097287601737	-0.0999373776280368	0.0095574027569179	-0.0954911726868087	-0.0174866340062586	-0.0713553503837624	-0.0025078228905412	0.0467350457169537	-0.0011144491786753	-0.012321362225891	-0.0070143814725122	-0.0063220872727812	-0.0013213297104236	-0.0095737607230798	-0.0116616081142771	0.0073027876915255	-0.0076186619296667	0.0019093095346454	-0.0008993571760938	-0.0032043962953391	-0.0132968663715777	-0.0093458616733917
NA18519	NA18519	0.0511102993184865	-0.0007465500205373	-0.0204526917386992	-0.0322864683863134	-0.066738420694297	-0.072010128920327	0.0391561136503979	-0.0247875597615033	-0.0215023316667018	-0.0203704941715026	-0.0222568959115896	0.0534596225160057	-0.0760645849913305	0.0173953106586656	-0.0424235687118615	-0.0486074431121946	0.0944256585711725	-0.0748343586980985	-0.035342893637318	-0.0155351851785629	0.0656120411502554	-0.0472461034550423	0.0034253167561793	0.0189810747415044	-0.0012328675840624	0.0561353579861251	-0.0040368202756289	-0.0202184817213287	-0.0040307204793186	0.0034877019022949	-0.0024725263686703	0.0030423677552961	0.0003766232008353	-0.0053486466095365	0.002272697678715	0.0041880631227843	-0.0025391483126225	-0.0072643109159394	-0.0004348543959214	-0.0002466817352047
NA18520	NA18520	0.0453182395432366	0.0120924692419257	-0.0426548839984977	0.0708345360227827	0.0370078454602523	-0.0690184143262416	-0.147977857511756	0.134930845816773	0.0466275178741932	0.0437620747758911	0.107500488248389	0.0136286788682095	-0.0419429311346398	0.044315336274872	0.100694105747741	-0.0258844524862454	0.0528027696517683	-0.0184239511916154	0.088961904752266	-0.0963187217669674	0.101484316496138	-0.032184124218124	-0.0917299395682419	0.0457735843534659	-0.0031813799437835	0.0508545978484528	-0.0007142265185572	-0.0176141897988455	-0.0011675731912597	0.0025440443256968	0.0032106273669375	0.0028868976712782	-0.0054065192356647	0.0023847073408807	-0.0064955001645879	0.0071965851219237	0.0043950545344946	0.0009586897667592	-0.003818420387785	-0.0098828593715675
NA18522	NA18522	0.0137083871740929	-0.0231648903546684	0.0186211702506127	0.0145562629301161	-0.0655284085666179	-0.0394401817692619	0.0150605906976356	-0.0359011542068244	-0.042469716462994	-0.0500780345779409	-0.0255407029330454	-0.0091329653469646	-0.030367248886993	-0.0759906835775283	-0.0332843410405974	0.0620921151011002	0.0288851815690392	0.0264126965509434	-0.0068643913967597	0.0655422792675302	-0.0089407777558437	-0.0775788970356385	0.0272093447717505	0.0074280795235977	-0.0022081380857993	0.0496545696513817	-0.0046819680179734	-0.0111822311943906	-0.0036533479084162	-0.0076087145879772	-0.0004846288046094	0.0015363210881946	-0.0057671735168812	0.012481885793758	-0.0015238274959031	-0.0083455305031765	-0.0069509564948328	-0.0225006421584113	0.0094800133699293	0.0039125784205246
NA18523	NA18523	-0.0173647591088433	-0.0728017037897829	0.0402807073810171	0.0686066642631225	0.0373074134687476	-0.0275802109266896	-0.0690236295572546	-0.063605605802886	0.101236512841466	-0.0301713626340327	0.0665785408186501	0.058810303460371	-0.0021374039816131	0.0481979072683993	-0.0313892950845683	0.0182815277918403	0.0561227842965708	-0.0465747098839574	0.0721232185648046	-0.0137408735512121	-0.0042981915878818	-0.111951485505507	-0.0404246048982262	-0.0253565004565316	-0.0065220124167263	0.0534570171157613	0.0011798694847082	-0.0078142958809042	-0.0110198077580818	0.0057573352183002	0.0047393349365931	0.0036652305436138	-0.0076637366994164	-0.0037688579319497	0.006854359572958	0.0033819797823357	0.0116312830175581	0.0103459365509408	0.0100187460479704	-0.0039087922240826
NA18853	NA18853	-0.0047372850283091	-0.0016124670211239	0.0352622437554855	0.0501331741097402	0.0526097795608947	0.009723482437076	0.0265708045422726	-0.0177915142693849	-0.0259579659334251	-0.0365884491638121	-0.0344554093155355	0.0097185172328114	0.0183106244471419	0.002091203052633	-0.0097954516438379	0.0412855038077248	0.0455330913894711	-0.016915273997591	-0.0308587858220231	0.0577772229757571	-0.008668012834375	-0.0229481291853144	-0.0374719618014585	-0.0330563282613606	-0.0032076603305952	0.0528133369575158	-0.0014461143716496	-0.009972473618868	-0.0003567387125687	-0.0018832982377422	0.0051892714635816	-0.0042138475822484	0.0017609017611118	0.0008766554284766	0.0088402325603458	0.000512067512514	-0.01579981004583	-0.0003385504012846	-0.0007618769134379	-0.0019920289919072
NA18856	NA18856	0.0122733605357697	0.0334978639157938	0.0025926888658459	0.0436114265476274	0.0411454643711032	0.013825127379822	0.0214184963337837	0.0070635452626732	-0.132668652384268	-0.0313563663479338	-0.0696453584754196	0.043251862682472	-0.0244994184438455	-0.0492139758006587	-0.0344475999628945	-0.0632534805549414	0.0108200534207655	0.0116408388058164	-0.0609758107137888	0.0015515135125144	-0.0854183512949194	-0.101245636320857	0.0059034008532279	-0.007198630728914	-0.0050894181037053	0.0508013755285996	-0.0038604677250093	-0.018272244720745	0.0013397475908	-0.000216977714584	-0.0028793530192511	-0.003483964315115	0.0096742727000588	0.0097500366563338	0.0068461488625365	0.0064614320963582	0.0072289821116745	-0.0001695911864467	0.0027116024828786	-0.0020326442461229
NA18858	NA18858	0.0631235599833357	-0.0050319908269268	-0.0098203872756066	-0.0129563384396939	-0.0028655696528956	0.0143145057961657	0.0024220594388264	0.0308052355169092	-0.0663061377914768	0.0073415222759225	-0.018958082932602	-0.0088199921979386	-0.0460095027733369	3.42510739055065e-05	0.0524099532033838	0.0091759815377477	0.0385493021179933	-0.0204631157986957	-0.0254287004766563	-0.108833995795359	-0.0387463416925519	-0.0302458975880135	0.017033612873259	0.000714415284948	-0.0024495897565482	0.0582154315634802	-0.0020539536067619	-0.0136682605402398	0.0033002888285498	-0.0020553438759716	-0.0016715818156113	0.0102162661361277	0.0029086089016062	-0.000908237743534	0.0139487426681755	0.0013803937811091	0.0027366823410263	4.38849085057178e-05	0.00383549611072	-0.0100304339595009
NA18861	NA18861	0.0540563928698066	-0.0430235709578812	-0.0139838157261395	-0.0311757743012039	0.0461129367180979	-0.0238197532480544	0.0132377884841848	-0.0630213034170597	0.0254518656954803	0.0372923067555627	-0.0122943817177613	0.0639662800343317	-0.0608713182967204	0.0499960915658826	-0.0464014844420083	-0.0234218057080536	0.0679179380957006	-0.0411878098947926	-0.0580739534842753	-0.134884936579139	0.0241946628816376	-0.0349258152403505	-0.019882941746814	-0.0551169351163234	-0.0018669619048261	0.0577617770494018	-0.002525437713223	-0.0183275137848285	-0.0017462085246839	-6.88416166270846e-05	0.0013602214749397	-0.001235006876265	0.0026047874970531	-0.0089181373174086	-0.0026016474399869	-0.0055451404781427	-0.0048138167168262	0.0082609659138796	-0.0093708066300573	-0.0096401551289501
NA18864	NA18864	0.050462785383464	-0.0129511603680025	-0.0654303728415213	-0.0253408674186608	-0.0825888472410336	0.0192597552592829	0.0184939867304787	0.0374569102861303	0.0307993638567727	-0.11804587262668	0.0482115173728133	0.0665083126855248	0.0379836259526046	0.106470569356813	0.0329971110967565	-0.036141875985192	0.0073494199608414	-0.0888013677142866	0.0573527396475197	0.139474255135158	0.000715782568265	0.0428693797997181	0.0303443476224773	0.0925554212816404	-0.004008055953135	0.0452209985017604	-0.0019003842512542	-0.0097029771451183	-0.0007558021076345	0.0016638659224502	0.0013669195046652	-0.0041514367990831	0.0077784934240426	0.0071895333428167	-0.0090009730200057	-0.0057953386748297	0.0022564807192169	-0.0029391593619095	-0.0083202443092941	0.0011489433105514
NA18865	NA18865	0.0087376407639759	-0.0610736728692885	0.0182962905151341	0.011138646782358	0.0429843557854687	0.0196876746977985	0.0202477149377816	-0.0620234386220271	-0.0235669012214173	-0.0131311110602666	-0.0081450614828612	0.0636367220115141	-0.024256147295929	0.012875569505512	0.0005104841629609	0.0464098548476269	-0.0171708809614129	0.0002338753629409	-0.0216229725114145	0.0707817197910795	-0.0892869905224249	-0.0140441799700869	0.0551525150859875	-0.0195627548993926	-0.0028986934539675	0.0415239828174551	-0.0062007671205765	-0.0067888444517712	-0.0007088471696302	-0.0032378771338853	0.0026147394469437	0.0001069829269905	0.0029123226484875	0.0072896676093758	0.0011581440956945	0.0095781506325661	0.0110930301815038	-0.0066003701947857	-0.0004400347025889	-0.0105662585086626
NA18867	NA18867	0.0103319967826479	0.0486992954269426	0.0796301143360483	0.0382917245502527	-0.0210658323888569	0.0043379179829822	-0.078487297013447	0.0843933787789844	0.0590456910810396	0.0513583559111573	0.0205961656030085	-0.0124598031163237	0.0644645857942732	0.0761078636078545	0.0869908433346786	-0.0032720037066976	0.110043925372885	-0.03602549512845	0.057711278428124	-0.0309162783932546	-0.0445192442208139	-0.0345837086637016	0.0246300508262431	0.0026594197732521	-0.0037598704846196	0.0466332098089089	0.0003750120397013	-0.0125103663209588	-0.0016659806065088	0.0003680294645025	0.0028927457010924	-0.0040085622386836	-0.0134061032839744	-0.0030554078845525	-0.0057909948448694	-0.0022233868635238	-0.0170587287026127	-0.0034526777626959	-0.0050701887542185	-0.0046455029771616
NA18868	NA18868	0.0692636873523709	0.0563370337518625	-0.0099215955153377	-0.0384097887701738	-0.0340283017251517	0.0447809177407842	0.0463423662745484	0.0308955384403904	-0.067023674534176	-0.0671610216835678	-0.0890932942084231	0.0282240276105943	-0.0250068574719487	0.0314564843922478	0.0405270319102361	0.0422387359957166	0.0830606753572265	-0.0446773845941785	-0.014994358261722	-0.0211211607777265	-0.0825038573003217	-0.0435133168934547	0.0435978066476799	0.0395669811911441	-0.0068914209692334	0.0475731661165605	-0.005387343625959	-0.0035689180288064	3.72849511713022e-05	0.0017355363024213	0.0005539882185169	-0.0089908790109753	-0.0122465314711225	-0.0153950536658291	0.0094051803712249	-0.0012951544942292	-0.0078196472291507	-0.0066500897487614	0.0091356776434708	-0.0063023081586183
NA18870	NA18870	0.0343446702448855	0.0010877734643907	0.018732701802712	0.0226681352422539	0.059774465982622	0.0226763005656677	-0.0576763023522083	0.066211283677649	-0.0456840129109345	0.0182356658185721	0.0312729660268981	-0.0048804840146203	-0.052818408330854	-0.0283336241480491	0.0815397733588907	0.0261338532883093	0.0407754879074538	0.0352097272333622	-0.0498538444449163	-0.0361806493902796	0.0587215084072184	0.0481224746876378	-0.0329029212274888	-0.0325675041832074	-0.0009298705783715	0.0737081062520053	-0.0019247485357103	-0.0230862141769963	-0.002460936129643	0.0012958652542813	0.0091244513906033	-0.0019857824463278	-0.0070979637695286	-0.0014459955894336	0.0014365072177108	-0.0019564256168077	0.0162301630692222	-0.0019591005028547	0.0067094034087846	0.0074654856833793
NA18871	NA18871	-0.0069376420909813	-0.0224403999057913	0.0587495201915206	0.0541298406379858	0.0607334086338909	0.0110022845501382	-0.0946051326710902	0.0665113541326995	-0.0257050348327319	-0.0115537899202888	0.0727271842731812	0.0217987688661031	-0.011245687263243	-0.0556005027948636	0.0918619364480915	-0.0328814085813826	0.0088143993591489	-0.0163012643505357	0.0399443852773738	0.008817607960016	0.0495627311912072	0.004947081464759	-0.0227642622903256	0.034327519880757	-0.0032937474932649	0.0528756688869454	-0.0026655982389037	-0.0121310356324198	-0.0019781485096877	0.001315858593463	0.0036787386310431	-0.0093719163581296	-0.0058092279282206	-0.0022904075619011	-0.0006159274930774	0.0016349152816897	0.0026719227910444	-0.0091259002453988	0.0028312580030871	-0.0026600775397589
NA18873	NA18873	0.0438167198570162	-0.0247716130217773	-0.00280097803975	0.0713228300801358	0.0149405255988869	0.0352348055138379	-0.0704645605515613	0.0342569340270695	-0.0336527199383701	0.140837350696658	0.0349854849613813	-0.0492253050094696	-0.0229946233804362	0.0236053019884842	0.0236971652022174	0.0125045539218404	0.0519375731165093	0.10348726932554	-0.107436117381693	-0.0189325285337437	0.008058800670583	0.113212939240563	0.0068043141686735	0.0094544857682866	-0.001941849900359	0.0519291723339536	-0.0025487245339684	-0.0209858645420342	-0.0049427263045306	-0.0013791414065996	-0.0098630543238511	-0.0017386065428632	0.0112849718759497	-0.0051511921594852	-0.0030205217941221	0.0049261328630228	-0.0017760363250206	0.0039579719893176	0.0038402705037944	-0.0022241281178934
NA18876	NA18876	-0.0695840741379609	-0.0154314633714027	-0.0500179023215995	-0.0216311953967357	0.0396660201534996	-0.0479087209078256	-0.0465516094189807	-0.0056772737143188	-0.02330011023943	0.0198391812508521	0.0194578252929592	0.0771760240461551	-0.0581652713664612	0.0561509048013039	-0.0325729339550393	-0.0079320816573137	0.0427546825616125	0.0357166138274795	0.0446547924462103	-0.033666511098846	0.023217814899165	-0.0087146046104323	-0.0679638453249909	-0.016835533870055	0.0004937457612951	0.0522608741333038	-0.0081274360509908	-0.0148133128963748	-0.0072296216066398	-0.0056591347822914	-0.0022993795897254	0.0019147616323238	-0.0048849063878325	-0.0019322363147592	0.0122940974263279	-0.00251261771816	-0.0025597406517451	0.0072019255289481	0.0012032483914347	-0.0131696040546622
NA18877	NA18877	-0.0679341990651825	-0.0116248137861512	-0.0745882091860405	-0.0454821778849514	-0.0608247118908511	-0.03998017987785	0.0163728433603178	0.001117814845421	-0.0800236603386344	0.0274432951238179	-0.0447176476354805	-0.0048531642581933	-0.0022674002387807	-0.022692581396999	0.0153624998262297	0.0589909754396976	0.0090873263814535	0.0053764897834305	0.058039345862011	-0.0337694359971372	-0.0131333014031041	0.0326205506906754	-0.0082386039477012	-0.0022445298203611	-0.0035817867919419	0.049536542758008	-0.00324225488235	-0.0070023292236549	-0.0043837567909729	0.0074907191481189	-0.0104089618475815	0.0115954470222158	-0.0120684719947348	-0.0079888161943512	0.0030393061827455	-0.0076713853154573	-0.001511166677624	-0.0040704043937284	0.0125686400076935	-0.0209212295522799
NA18878	NA18878	-0.020542293457335	0.0178163025117675	-0.0913089925309464	0.0564413500794575	-0.004255204190423	-0.0687703103510711	0.0118717611443139	0.0915707542529361	0.10875536136416	0.0159238964864417	-0.0506471092490903	-0.0447347368527554	-0.0232684208770618	0.0204661341641746	0.0328357936266078	0.0611555366742223	0.0131285591171752	0.0604856551792101	-0.001389503970107	-0.0391845424011091	0.0245545577403543	-0.0302714376497559	0.0284584009327736	0.063765889701127	-0.003641466850978	0.0449897934492425	-0.0034798753416637	-0.0056787744091216	-0.0030418169856604	0.0033282328219099	0.0027248929052016	-0.010640605962503	0.0070772312190378	-0.0017130132942502	-0.0002029128691207	-0.0046939983156552	-0.0047563190817245	-0.000113177732076	-0.0049530353373661	-0.0012418227797452
NA18879	NA18879	-0.0767533387389944	-0.0060715912165206	-0.0749068890172861	-0.0379592631529624	-0.0752030422879655	-0.0922229140654298	0.0178962598026317	0.0166289746071261	-0.0473984891567311	0.0019721636532985	-0.0209273444533428	0.0469176258003727	0.0145487767149085	-0.0552671657423225	-0.0684418552122859	-0.0273022237765321	0.0049161833016246	-0.105997037505934	0.058022041958326	0.0045743949471945	0.0464625405030293	-0.0665781572428121	0.0059089065568245	0.0977758068038753	-0.00320442641122	0.0477561709189249	-0.00440566635297	-0.0042396984391341	-0.0031238630993226	-0.0002110653242747	0.0015739880936704	-0.0023263388331378	-0.0009904887580315	-0.0019043449380771	0.0068449853585886	-0.0052898165977385	0.0029333781461633	0.0042163401775293	0.007581606057715	-0.0065345348631763
NA18881	NA18881	0.0765709576900873	-0.038552981075937	-0.0302937431004855	-0.0036488682478334	-0.0186320534003162	-0.0341218243338225	-0.0122370474181847	0.0166008591165949	-0.0425957604903019	0.0066011660217585	0.0513948037983407	-0.0265311126246331	0.025757592984697	0.0040334789516048	-0.0456571461183279	-0.0651741249259495	-0.0679735603959372	-0.0541571593542542	0.0051143442493702	-0.0796809703343375	0.0288777354628097	0.0501424252003562	-0.0593455332413557	-0.007744473672612	-0.0049165455705795	0.0424776681910644	-0.0018699946311612	-0.0153719677268725	-0.0055710788502675	0.0030761394048159	-0.0014653616092947	-0.0004667908445461	-0.0031151726858139	-0.0045249415152067	0.0040455322135648	-0.001354257185611	-0.0019728610892107	0.0050865011547746	-0.0014669058168498	-0.0018552097769881
NA18907	NA18907	0.0169248893524713	-0.0027188323432006	0.027904925210298	0.029876071793166	0.105144673165534	0.056480670790946	-0.041208954965095	0.0393623685070335	-0.0840777080511059	0.0281445096252904	0.0203032470651795	-0.0060404645186939	-0.018260415877781	-0.0023351412972015	0.0510423510098623	0.0125838054359837	0.0789244041745134	0.065845244941886	-0.0247690827019721	-0.0941278045793577	0.0280386066265195	0.058093339104583	-0.0093381316943453	-0.0257197280413079	-0.0001896191632878	0.0512177332033625	-0.0018514026208384	-0.0132883783637442	0.0006132553374309	0.0040736919259387	-0.0022433813818223	7.7355583779875e-05	-0.0057884993917855	-0.000526922729598	-0.0019368756053987	0.0027898756078748	-0.006177054180262	0.0002130720268852	0.0031900329486961	-0.0032918510826003
NA18909	NA18909	0.0425297781225593	0.168466921276266	-0.0603748253829371	0.0228072577061466	0.060268337020074	0.0542452640264446	-0.122547249184468	-0.172687489530048	-0.0022787132899239	0.107706647059913	0.0850888609434988	0.109763327544885	-0.0715124105384944	-0.0575765623080518	0.0401763575420119	0.05571303405432	0.0149008190554284	0.0864919133215055	-0.0898237841315288	-0.0988714018028145	-0.0261689583242515	0.003169157133404	0.0389630323039146	-0.196923954231943	-0.0023553439565179	0.058621921565851	-0.0042105631102431	-0.0160287123697297	-0.0021735653148386	0.0026997496690811	0.0046329705380136	0.0035893635386005	-0.0063837688323559	-0.0026739101572026	0.0095622573697832	0.0048192932256757	0.0029789077825275	-0.0096883307909986	0.0003166463220278	-0.0090041271507281
NA18915	NA18915	0.04707383606283	-0.0599677817034683	-0.0476809547507818	0.0219301423316387	0.0253140435583877	0.0112355043862455	0.039766198082682	-0.0861128509626828	0.0941775786821728	-0.0330741258902241	-0.0484459615714322	0.0047566796143805	0.0056257775742228	0.113505660744276	-0.0555067538698276	-0.0179472794760386	-0.016456910320309	-0.0455190829012015	-0.0234512187221425	0.108274157855204	-0.0937496367472211	-0.111254478737528	-0.132479118438972	0.0021501612169627	-0.0007653599822913	0.0501082249418163	0.0020038149071586	-0.0124278867208052	0.0019021838172976	-0.0004265046997938	0.0048814140207282	-0.0012526634528465	-0.0034924034735484	-0.0034679116350364	0.0043933362329162	0.0071659879918487	-0.0038580782315448	-0.0005387831819354	-0.0014898707511351	-0.003179619219927
NA18924	NA18924	0.049418363036737	-0.0173224547203335	0.0081421285191078	0.0317847050432265	-0.0701633836598361	0.0273311867488235	-0.0219896105922446	0.0670197986086989	-0.0103404555415995	-0.0629440366601735	0.0455808622488662	0.003905650952676	0.0945660646770061	0.0041032815982714	-0.0082900414835215	-0.0150789058631316	-0.0036895120320347	-0.0184268381235028	0.0192039022614273	-0.0077150663638299	-0.0095979436584725	0.0184221592177436	-0.0317107961934228	0.0647429923797077	-0.0017988303293727	0.0500893184637336	-0.0034343119786743	-0.0151800455570057	-0.0030592636817107	0.0053759595373541	0.0037808414730698	-0.0012836033292815	-0.0086664245539456	-0.0072425825056123	-0.0013146864728343	-0.0031983205064622	-0.004127322016129	0.0066367641182208	0.0044970873848526	-0.0053894879057325
NA19017	NA19017	0.0630630187625134	-0.005861702443811	0.0038344199753275	-0.0349164820277059	-0.0421552875393365	-0.0178307727436889	-0.0113364746722862	0.0201927740542976	-0.0273494427697165	-0.0201634055160192	-0.0083347726874778	-0.0196294771788887	-0.0500947802320734	-0.138147101177061	0.020622360531808	-0.0219201958418601	-0.0806315259040217	-0.0174843180531527	-0.0682935069941917	0.0245065853190331	-0.0087466071604657	0.0225561142768087	0.0200006903925976	0.0247031551794842	0.0750484071576629	-0.0249667802020712	0.0141962662212047	0.0092996306108885	0.0212939790600998	-0.0277407763800314	-0.0105578076498127	-0.0455358553745429	0.0628656685228941	-0.0401583581875979	-0.0603191440983225	-0.0078448631261831	0.0205382349239827	0.0155208478723396	-0.0071164774047992	0.0224218409432937
NA19019	NA19019	0.0438267783473031	-0.0533481000490325	0.0265252638460594	-0.0184116833599308	-0.0170600517845665	-0.0165167116688317	-0.0221895410486363	-0.0538295360609602	-0.0618852036036412	0.0074973914348965	0.0111568228837789	-0.036482521022346	-0.0355224649587705	-0.0388074143711946	-0.0355581957207338	0.0740175887545911	-0.0076391585611513	0.105010836227065	-0.0455513940298199	-0.0009416368763016	-0.0150466594887291	-0.0322624516876764	0.006847605879998	-0.0311927715244067	0.0796146258323497	-0.0322273913165685	0.0058958309770972	0.0128441599738953	0.0142931713890499	-0.0347944819743616	-0.011987899350312	-0.0573207301139945	-0.0186165121519966	0.0074180899164185	0.0041162218566557	0.0065753604779867	-0.0161479572534952	-0.03458419936671	0.0039500746439304	0.0155320109993473
NA19020	NA19020	-0.0029204974981887	-0.066183686916156	0.0567344994139724	0.0256495421505402	-0.0670981993743861	0.0280127723688223	-0.160282714964598	0.0618084217480394	0.120633470713618	-0.025617117998538	0.103175076307812	0.0823828189931538	0.101888017322759	-0.0172315168980382	0.12201387703326	-0.0574531324084939	-0.0743676302553673	-0.0842039203538435	0.218581450022909	0.0175852866371649	-0.0719654216552548	-0.0116793814046051	0.124120104760423	0.0517514099111949	0.0772686136888532	-0.0340774072424388	0.0110034210862891	0.0065236558851703	0.0202472457317136	-0.0339101406186858	-0.0202904402075317	-0.0140643059238907	-0.0009930356423245	0.0264205189376037	0.0534507139596084	0.0336053974644622	-0.0299271246007058	-0.0084325095377488	-0.0085462921612619	0.0176588910706747
NA19023	NA19023	0.0606050745335113	-0.0098753134732464	0.006832406483843	-0.0137346203906218	0.0114831050778928	0.0367563560891381	-0.0420595852320017	0.0567779277725978	-0.010393282205893	0.032605623794431	0.0153537408056638	-0.0576736771805297	0.0267135807798233	0.0095762193889013	0.039747017018288	0.0266476147437014	-0.0580833112449437	0.0810519865247931	-0.0098124158766289	0.0289318907581971	-0.0324508368862507	0.016075767657634	-0.0076974528679338	0.0172764141231283	0.0728633180904898	-0.0204262367822822	0.0154344561133205	0.001757685968401	0.0036348831957626	-0.0180773795175779	-0.021810236865164	-0.0189885588518925	-0.0079199033781154	0.0133460061433023	0.0413277463255184	0.0241164926026687	-0.0560698060569672	0.0047071197462018	0.0095273107532431	0.0020577006688634
NA19024	NA19024	0.0326554411581909	-0.0566997375886411	0.0498711438205135	-0.0382424422567699	0.0773942134279336	0.0338406951115647	-0.0319614349212952	-0.0635178532854326	-0.0429560215490848	0.0362584568294683	-0.0071025781782186	-0.0153820651653668	-0.0583315427028738	0.0063509007620845	-0.0328640525351753	0.043817657389717	-0.0033143995827821	0.0432605420131748	-0.0168493501703688	-0.0242079874036187	-0.0537251334267744	-0.0316997810157787	0.0072681992085135	-0.0692761496523631	0.0749328086218305	-0.0303345365794352	0.0069365172370078	0.0044118095232065	0.019559352548789	-0.0588884281162199	0.0004491134342043	-0.0306747092676431	-0.0158926067959923	0.008582028600148	0.0058862614117344	-0.001505220552834	-0.0676328140828242	0.0072953075682405	0.0219348526396185	0.003658076109055
NA19025	NA19025	0.0529579279546048	-0.0373188515132769	0.0095448211239085	-0.0174591360366715	0.0586163520604284	-0.0030778964032371	-0.0646685074556586	0.0502529428501127	0.04927413535743	0.0322992167573308	0.0481476592541876	-0.0070755877939116	0.0146029446416881	0.0136393142771465	0.0097096465542552	0.0162536367030006	-0.0711381128580335	0.0437189167502215	0.0513462454803728	0.073171643055366	0.012269442301893	-0.0187650914291606	-0.0309036443048245	0.0519025581772104	0.0903764104582286	-0.0323680732000203	0.0175873208135318	0.0165425882854748	0.0460397632597518	0.0020553153025738	-0.0445267957162002	-0.166888107393793	0.50349556417495	-0.109169487343826	-0.343577380620592	-0.135374777473861	0.214960300001383	0.030789195892458	0.0037940978688839	-0.0916258659986952
NA19026	NA19026	0.0454332795683249	-0.0235797434495071	0.0326799630309508	-0.0282654361696383	-0.065374898937382	0.0500281865605534	-0.0241993065204953	0.0039464168253125	-0.0668041054516672	0.0093643853916917	-0.0202132778770956	-0.0081791111328568	-0.0309048739486274	-0.0342015821271072	0.017785202818757	-0.0198114471104852	-0.0424974351832516	0.047116709067561	-0.0007601238032744	0.0279396571791011	-0.0174411892606359	-0.0375447629791532	0.0600179288475197	-0.002354721670574	0.0845068234883692	-0.0317220640323336	0.0330016039685343	0.0099288379823442	0.0229167713276888	0.0555029919048286	0.166942897249999	-0.110209435315668	-0.180779314965183	0.0039741685121869	-0.136395017871367	-0.0585907586398564	0.0978530800199715	0.0031183581341841	0.001400405575992	-0.0344851563468229
NA19027	NA19027	0.0513195044981431	-0.0745773779060088	0.0320375099834721	-0.0100189303660647	-0.0265337962652068	0.0812312527980992	-0.0623138478277157	0.0157216075806118	-0.019254137423646	0.0080046087665082	0.0243934178621945	0.0098598296930984	0.0559017737766049	-0.0123986994182429	0.102591441349438	-0.02189650590171	-0.115995235081463	0.0073243705741062	0.0805914440088832	0.0074528961614956	-0.096953847136593	0.0481639079435476	0.0320437817831427	-0.0012293661371403	0.100274609426314	-0.0600500814450603	0.0668152654025001	-0.0041339716813431	-0.661872322187205	0.0477823007133908	-0.0420413793125002	0.0152669911190441	-0.0129855969233724	-0.0033121986298559	-0.0287341889532428	-0.004062219606653	0.0162993317302408	-0.0028942691758018	-0.0033995656157136	-0.0129249840932386
NA19028	NA19028	0.0401459404787634	-0.0055509797640116	0.0181600671398207	-0.0289770885399465	0.0521000008212077	-0.0717481903501291	-0.0211842822905778	0.0004602774961814	-0.0338333917086386	-0.0116871641870374	0.0569672007592024	-0.0575453641328344	-0.0188085508186146	-0.0794534566291793	-0.0191572618736016	0.0365145817969663	-0.044801425220972	-0.0042041044697463	0.0004257939661636	0.0414192577400142	0.0536684799219877	0.0624782060684866	-0.0648224774759237	0.0478616699054355	0.0885117371790351	-0.0457867243668621	0.01706459289028	0.0148620416971272	0.0237805738195365	-0.0627118077245495	0.0196219577041339	-0.190610287691317	-0.284232621386306	0.109113440762458	0.0415194540999335	-0.449552076681784	0.191708250784494	-0.015667430195626	-0.0046730883475869	-0.0007753181119834
NA19030	NA19030	0.0612238021373214	-0.0495596564389216	0.0150782874510094	-0.0200669815920559	0.0034773578292898	-0.0221874103747189	0.0047073777438099	-0.0469374864197752	0.000323556088595	0.0438082587906658	-0.072384511548564	0.0042484906002263	-0.0175364750165698	-0.0230406192257849	-0.0388383288816884	0.0328579760679393	-0.0402072362792281	-0.0106619034580618	-0.0576929382519692	-0.0662501596609043	-0.0632910645732978	-0.0147187375918374	-0.0060746511238782	-0.040631788633184	0.0742510801294046	-0.0288363025456548	0.0192008225972113	0.0104620955465395	0.0103468360493426	-0.0316619617765917	-0.0153974712952273	-0.0169145440893493	-0.0029991332339107	0.0306064786772653	0.0409696770078267	0.0573730028210726	-0.0381450834853156	0.0130343944200402	0.014848106141054	0.0046384784201084
NA19031	NA19031	0.0668447579635048	0.0631478423879698	0.0011296895854424	-0.0398832722002793	-0.0600916092554052	-0.0066692266872194	0.009168550069145	0.041557858783657	0.0058498599857522	-0.0569104323628886	0.0312814260875628	0.0188575538014319	0.0412370085881294	-0.0036341239575486	-0.0410819640240577	0.0071725028520269	-0.0377701034023818	-0.0296827334336547	0.0330130105364139	0.0685085799374495	0.0166860274485542	-0.0279486841049975	0.0052270794713957	0.0883236299439275	0.0768997172935549	-0.0285839591409969	0.0129245516780061	0.0043515731888308	0.013493446705615	-0.0285511498024724	-0.0034459576505368	0.0018809303877002	0.0218669024854391	-0.0105464813898622	0.0155627304368746	0.0194524887242149	-0.0629980554604736	-0.0204745238190097	0.0177845550881567	0.0102394533643495
NA19035	NA19035	0.0500699541092426	-0.0167040566592482	0.0068409038548656	0.013784650474688	-0.0439143775595362	-0.0936349409581069	-0.0510879163791422	0.0659641396226303	0.0352157970213035	0.0389812770266127	0.0886655083977267	0.0119691411127417	0.0449151620905878	0.0010628621515002	-0.0041575045227276	-0.0291419344287418	-0.0306715871943816	-0.0582155566056984	0.0665971729767414	0.0001924008201317	0.0161878527490039	0.0375150134133009	-0.0128742742972104	0.088404541728258	0.0748850348209207	-0.0235562424865288	0.0177768298660905	0.0034380173299873	0.0244577305060533	-0.0467601248484657	-0.0077045072878251	0.0155364567283076	0.0243561962227792	-0.0019783451470466	0.0253594877969029	0.0190902375682392	-0.0451580381497893	-0.0409809165587955	0.0216041320914148	-0.0072745824612531
NA19036	NA19036	0.013452141380724	-0.0343430176581875	0.0244639315663403	0.0248940767142255	0.0298971474846537	-0.0581113444034279	-0.0857374583257585	-0.0253705361292362	-0.0941900485842465	0.0201224445633055	0.103073054169742	-0.0102264530200194	-0.0313223736589244	0.0061513904553434	-0.0146105608271113	0.0053534687933316	0.0392894498513196	0.0546626890343106	-0.0694142795115764	-0.0441215019533512	-0.0656711960128972	0.0986061048628355	0.0084814018387064	0.0301361469006838	0.0759301195046836	-0.0293700185626325	0.0204250771226764	0.011321753751518	0.0093871148765063	-0.0204226619753601	-0.0303979939897586	0.0100195974198464	0.0161702025487777	0.0035762136007362	0.0200245104229281	0.01841157853972	-0.0255762194601747	-0.0073145831323456	-0.0161789545957797	0.0266624168529504
NA19037	NA19037	0.0555260500434267	-0.0310349815685157	0.0257185879354042	-0.0198571389539846	-0.0172703653868091	-0.007446204469036	-0.0146224185561072	-0.0171032720543226	0.0017956169621271	0.050815869072766	-0.034306542280881	-0.0064595386962777	-0.0208006992097198	-0.013662756095627	-0.0271568941141571	-0.0193431397548356	-0.077909732124532	-0.0010263644060462	-0.0864407688817435	0.0216131595115068	-0.0849303447728538	-0.001294092919057	0.0367980044676046	-0.0112849751370919	0.094155285594624	-0.041437907183116	0.0334804094157336	0.0092553758585923	0.0587570282013095	0.316735676724172	-0.192387579043578	0.0918341816007451	0.128811656348057	0.0425909039902495	0.108592801967736	-0.201993466486899	-0.0249636296996737	-0.002747749521358	0.0467407606748123	-0.0252716576989327
NA19038	NA19038	0.0438719109736376	-0.0876512549498551	0.0070537424335205	0.0122881498493111	-0.0067240573740724	0.0140546975371983	-0.0858249194294274	-0.0561240081122445	-0.0097070230540757	0.0441268407596597	0.0382376872582548	0.053324091427989	-0.0461075590674505	-0.0388699997885302	0.0332498468501199	0.0219156553108243	-0.0430899249819434	0.0369516071271035	-0.065519998627423	-0.0393069001657662	-0.0751791041618119	0.0606977149771436	0.0430373958998121	-0.039424697800388	0.0751290284621985	-0.0280251422863108	0.0147127003221024	0.0053400748676835	0.0113218714767568	-0.0400548464869854	-0.005345921518076	-0.0122270843339643	-0.0036122513229033	-0.002172911630668	0.0229795146127312	0.0341943490933708	-0.0547554869641135	0.014453341671725	-0.0235664479300765	0.0228890867312478
NA19041	NA19041	0.0688361725796626	0.0227681242824319	0.0043128595565393	-0.0310897978869777	-0.0061860993449069	0.0127951683648985	-0.0095594529784015	0.0509771823212224	-0.0127522203122259	0.0081610621556651	-0.0144917643410068	-0.0124246207002937	-0.0274062138844901	-0.0037862220882416	0.0129152702339176	0.0023946296588663	-0.088447844327698	-0.0014894199974233	-0.0040295873028372	0.0761153848928639	0.0184823057528954	-0.0296962598661629	0.0067364809384689	0.0190026182142363	0.0785150014632484	-0.0309199461484754	0.0018299282834688	0.0050301166368109	0.0221509131765594	-0.0420960904416004	-0.0187284420392549	-0.0320335211705536	-0.0249770188595073	0.0044978649133877	0.0217710053817217	0.0214751729111427	-0.0308867615143416	-0.0006410341609907	-0.013788897607834	0.0090448080773115
NA19042	NA19042	0.055354878700717	-0.0468864999981866	0.0410931864431517	-0.0359835777925622	-0.0170119892614608	0.0015606882561091	-0.0034389713214841	-0.0436057673830169	-0.0314300612287912	0.044494351223048	-0.0259533091634716	-0.0710714260448328	-0.0096340530751859	-0.0354648976718718	0.0071731530590706	0.0095438588291235	-0.132669756472559	-0.0409598207298352	-0.0287800218064284	-0.080263008567384	-0.140092579644603	0.0325231580032581	0.0416755300229661	-0.0599187503771532	0.103088402599647	-0.0640678410285581	0.0749400259574999	-0.0038484002778709	-0.684551216307498	0.0521053642681005	-0.068308205317671	0.0007785340943957	-0.0281959671061786	-0.0091076047422789	-0.0647728107037685	0.0028439774732919	0.0183561519796664	-0.0025763443706138	-0.0084077629817727	-0.0106569737599862
NA19043	NA19043	0.02258245071336	-0.0302701901975375	-0.0346361370939195	0.0246525959447737	0.0537736494681852	0.0332170276261631	0.0951804729018448	-0.0234186133226413	-0.0018552339959341	-0.0659598055115246	-0.0950411339803076	0.0694514043976636	0.0598959975689994	-0.005289969490488	-0.0281561509739078	0.0685466834005082	-0.0553255394816712	0.0440925169215179	0.0131896583821741	0.0924351428519133	-0.02523140426434	-0.103019144382678	-0.0030131412447946	0.0215476202245858	0.0775511459217097	-0.0324227996326638	0.0227259533260031	0.0060397576633088	0.0106097050978886	-0.0207037636895666	-0.0256086937466227	-0.0477519876880119	0.0253405670964589	0.0081229730378244	-0.0010375715600971	0.0304922114247897	-0.0086030207361315	0.0005503394143121	0.0118207022562272	-0.0054805038085004
NA19238	NA19238	0.0622213140472021	0.0244319451202254	-0.0129410650236801	0.0104976809903805	0.081655967413285	0.0328691660809836	0.0002645267442435	0.054534337651156	-0.0661469570859967	-0.035920154724641	0.0110440712029371	-0.106187800766589	0.0365965941417028	-0.0551250861763026	0.0360293292095864	0.0745973326249466	0.0046958125183984	0.027687085101823	-0.022328843123292	-0.057905968330463	-0.001518116548182	0.0360445004876291	-0.0907942567887066	-0.0028208105468864	-0.0024807217294127	0.0556906144139662	0.0018063748240875	-0.015263996957976	0.0014348035192163	0.0041643660964399	0.0009538701396458	0.0003850623504911	-0.0074816652269868	-0.0082364917754386	-0.0006872876915869	-0.0045092173842577	0.0200568953472291	-0.0091668945321509	-0.009408166556667	0.032913817502874
NA19239	NA19239	-0.0210828407454564	-0.0342885838493715	-0.0533484594060337	0.0564560577107906	0.0801457583517633	-0.0341090830515459	0.0678927723467628	0.0045963185978622	0.0304638058082654	-0.0164910799063235	-0.0408350122809335	0.0435665747565076	0.0063432633560794	-0.0164705748363694	-0.0331812504818294	0.0860721249896914	-0.0041758493193394	-0.0269634438729148	-0.0015536469548689	-0.0463847031459879	0.0652263344440838	-0.0948621942004748	-0.016969275320778	0.0686105689535801	-0.0025690331908387	0.0503269890094906	6.99698612692213e-05	-0.0087800981059535	-0.000701970308357	0.0016902598421554	0.0031349262033625	0.0073476833483843	-0.0057354832669441	-0.0107541417404864	0.0109845924747762	-0.0095584353918084	-0.0046058499523167	-0.0034693177561186	0.0039389001112317	0.0010508724253413
NA19307	NA19307	-0.0155256783152879	-0.0318219992799236	0.0419831672440116	0.0589104393339927	-0.0015866216229413	-0.0557538910873142	0.0018333893650629	-0.0450551388715772	-0.0455329680970544	-0.0213040168795352	-0.003772063049466	0.0128562650807714	-0.0534560146557848	-0.0721686227338015	-0.0523058658691302	-0.0142175990002531	0.0634889300880799	2.23671170176208e-05	-0.0513655426281713	0.0736082462029126	0.0010904585693675	-0.0089204860029386	-0.0315191832154312	-0.026741766574755	0.090352165828577	-0.0397271927091424	0.0217073312747327	0.0081600608293085	0.0396490924366001	-0.17448412002488	-0.0641530752668967	0.500375513161489	-0.146746275891485	-0.109426068946715	-0.156289273256248	-0.101142943714962	0.162095727395475	-0.0144090804399623	-0.0182942536168801	-0.0782195821836418
NA19308	NA19308	-0.0469690592271471	-0.0474717711676864	0.0828757231079099	-0.0007790990669874	-0.0609241740635119	-0.0029216355045106	-0.0897248864840259	-0.0092682416635434	0.0385639930720408	0.0957861357774895	0.0822502997408382	0.0072257730634744	0.0483090185936733	0.0370165850291492	0.0428266961802788	-0.0775729718400194	0.039733008151162	-0.0112565458781183	0.0270330119052677	0.046132934016575	0.0913691090619653	0.0655267999940647	0.0182080984941715	-0.0366729825593711	0.076278662508523	-0.0260974189361513	0.0196523976764207	0.0106997729371746	0.0114321209748421	-0.0322317797320352	0.0455311262857474	-0.0035005550126323	0.0262276348028807	0.0115121513219093	0.0575601801033539	-0.0103932032183582	-0.039144257730357	-0.0036993240549944	0.007001414691711	-0.0218497678423182
NA19309	NA19309	-0.0221266057354264	-0.0609514589860181	0.0263955742568003	0.0564947107598016	0.0280551127321251	0.019011930458309	-0.055980178485623	-0.0154482185218731	-0.0253914592682591	-0.0656458942235516	0.059806330971342	0.0210900737683682	-0.0126040771409107	-0.0489786019291825	0.0371756300811179	-0.0147624504845429	0.0380544306640989	0.0050569672918853	0.0435341143560963	-0.0006348800461056	0.0573241547725196	0.0428168333261264	-0.0532729956285944	-0.0204000456523346	0.0745466127394826	-0.025024625022286	0.0135578708722621	0.0029631217623838	0.0184180009294917	-0.0319135123632116	-0.0166285132486172	0.0025894654192144	-0.0279451752069333	0.0170977531132151	0.036392249205412	0.0093420383572263	-0.0322939735743038	-0.0052007693610984	0.029449153138077	-0.0031697365933187
NA19310	NA19310	-0.0016352221819295	0.033035074855276	0.0445097456629161	0.028701266870434	0.009432411995732	-0.06860710656283	0.0365861808021573	-0.0198800811904112	-0.0730844199206756	-0.042351755150606	-0.0039824544497426	-0.02572501785378	-0.0222069586843623	-0.0776122700584122	-0.0489044337943226	0.0275768182871366	0.0818474422371911	-0.0193586780827867	-0.0987716735619796	0.0206967980178417	0.0431144528697001	0.023542164710909	-0.0222693719912756	0.0094584716831781	0.0785906689756844	-0.0204826854049154	0.0153537146061128	0.004916539366815	0.0087550098066847	-0.0278911023816373	-0.0262857649819901	-0.0056427833675883	0.0190762902107988	-0.0206258776844003	-0.0033538967941723	0.003840156726688	-0.0431726304019322	-0.0073762583082639	0.002176418797188	0.0287936324028086
NA19312	NA19312	0.0154584757895083	0.0014916904127756	-0.0046957677860776	0.0115612932997126	0.0595293325431117	-0.0074032572671279	0.0074935393571784	-0.0090518745272729	-0.0527009023866361	-0.0902839666627595	-0.0602738029644806	0.0538610304606712	-0.0539767823234232	-0.0314455600216578	-0.0329134517661218	0.0223996052409941	0.0442618112089209	-0.0118349537968094	-0.0150094552690786	-0.0027166828358753	-0.0058574578780115	0.0094213058377462	-0.0101042111663261	-0.0118714852075842	0.086074614519033	-0.0358556278805507	0.0214024949008453	0.0118865443714537	0.0386393801801544	-0.142593488647891	-0.0521874470582344	0.441753434970434	-0.109597776876378	-0.0958791681427574	-0.156273539679124	-0.0836840712223208	0.136977206507411	-0.0054403418455356	-0.0184541163492234	-0.0688088986938929
NA19314	NA19314	0.0058114851147333	0.0048456378365112	0.0306166528317774	0.0270895697536577	-0.0751807749764328	-0.0436168293329688	0.0400631713003882	-0.021113708970814	-0.0477579703683058	-0.016856838634453	-0.0479848829950532	0.0172561838245678	-0.0178916596259893	-0.0496387377847161	-0.0381879727921592	0.0381863220046075	0.0895729482364233	0.0145893546690786	-0.0782979998459812	0.0339854001053415	0.0224278475169831	-0.0513578514980185	0.0374044801793942	-0.0398583329339001	0.0841667507200433	-0.0377346494377424	0.0172630241427449	0.0129497462896538	0.0185220538595856	-0.0605482906911399	-0.0126301258547101	-0.0762671075898506	-0.0456740633854092	0.0029799516916052	-0.0274903638953584	0.0577408337764098	-0.0973617573817859	0.0358477529105381	-0.0146951094781054	0.0365317135825915
NA19315	NA19315	-0.0109175904445587	-0.0226257492982605	0.0061256271352169	0.055466336508726	0.0483313562896916	-0.0496081503454747	0.020135528155265	-0.0376575922922512	0.0127087302303567	-0.0591679338194963	-0.0386400770612249	0.0935177969851267	0.0066358302978541	0.0657212433617827	-0.053049937928916	0.0716386564108519	0.108437531126462	-0.0391933197120654	0.0016887904480307	-0.0287923130982195	0.0007093681560294	-0.0963518336996006	-0.0390999590562709	0.0085151845063634	0.0788109744631176	-0.029189889947776	0.0181483641441719	0.0052683564462594	0.0066122806468079	-0.0413141257068663	-0.0127666486999596	-0.0480195307330889	-0.0036133154299106	0.0208427470506413	0.026104206445352	-0.0040508702358131	-0.0537556140278526	-0.0210857349616054	-0.0245860649190667	0.0116612269351142
NA19316	NA19316	-0.0111100703842702	-0.0283864290860143	0.0078020463555242	0.0509895090114305	0.0728936215251494	-0.0291394653537068	0.0515774622465787	-0.0630828103909718	0.0023791779388546	-0.0299390272794525	-0.0175812237579969	0.0490918923600457	0.0319129601030891	0.0219731642232799	-0.0905086735357468	0.0612749336911279	0.0491702842351631	0.0211236265816793	-0.0665666558512718	0.0462564119233854	0.0525453727015987	-0.0521956062321659	-0.0289026698848962	-0.0517422316499318	0.084924251611967	-0.0341026820747946	0.0231047743880337	0.0068319970996555	0.0272466540644418	-0.0834543444003286	-0.0407559276129025	0.187568315900895	-0.0378396577693025	-0.0531233135713791	-0.076513887437374	-0.0182798544431164	0.0484804600321458	-0.0200959535441697	-0.0178389549452229	-0.0362553802953805
NA19317	NA19317	-0.0141624161475061	-0.0512578462701624	0.0185605788505319	0.0519150784227224	0.0427370044716284	-0.0064084738992712	0.0044488086044597	-0.054499206277462	-0.0030345617558898	-0.0505921518536802	0.019756968325909	0.0200788806911082	0.0169641359275878	-0.0499702226072537	-0.0135610424581718	0.0362871568931565	0.0057092946491631	0.0317005752354342	-0.0118788049420104	0.0578927114102436	0.0455565434081503	-0.0030224159425796	-0.0519718969324173	-0.0533033829461457	0.0851634937159466	-0.0343991833969175	0.0240587628916148	0.0159331537252239	0.0330947439839787	0.122776178781616	0.200505930868987	-0.0628067965562853	-0.147048287382435	-0.0450052184157795	-0.199432458799025	0.123547898110059	0.0448771863428927	0.0114453032360043	-0.0081968444439594	-0.0026627851745852
NA19318	NA19318	-0.0227384867034953	-0.0571263717382418	0.0218783764077766	0.0855849677168206	0.020662803224097	0.0130356050990336	-0.0371993031555685	-0.0189152790464184	0.0072325133011732	-0.0248527164601128	0.0242711763857034	0.0590345997915793	0.0328254017721797	0.0050317687812961	0.0206600350816304	0.0069428635157171	0.0361418523051443	0.0480941075073021	-0.0213219724341824	0.0363116540643837	0.0183298862369439	-0.0213476019724422	-0.0556930990013206	-0.0322233632108952	0.0912129641116425	-0.034744259005426	0.0145329300591675	0.0156675613155306	0.0315286080338775	0.0538456873845884	0.138785152094117	-0.0615869916847691	-0.0547749957658121	-0.0368553162868532	-0.207878240786834	0.156190806092173	0.0588917025410486	0.0286076964353154	0.0514044157564802	-0.0164835775014918
NA19319	NA19319	0.0145060986655783	0.0542888424357801	0.011072763909753	0.0445935195000497	0.0404730195389354	0.0010415218538256	0.0295295346469142	0.0141937743870569	-0.0613763878925573	-0.0259723410909225	-0.0494145080822417	0.0017353232344471	0.0456574706277474	-0.0284298189803839	-0.0300142251577133	0.0212518324692788	-9.86535738678404e-05	0.0037379697187289	-0.0277905764349763	0.0559760382502241	0.0236542591894248	-0.0226267737860171	-0.0410362328247047	-0.0222293006062633	0.0742166168805276	-0.0267358872726233	0.0188333931977008	0.0047462982368422	0.0287579995320428	-0.0437448223764408	-0.0287834324670287	0.0248264776264807	0.0260818248133159	0.0166201703429536	-0.0096076860857517	0.0147598626829861	-0.0099232841736413	-0.0229066578861982	-0.0166651134436611	-0.0168112676777727
NA19320	NA19320	0.0123369932835146	0.0722971340891519	0.0367218402606925	-0.0539647884813897	0.0389732434544498	-0.0137754691407821	-0.110773159785574	0.175640979651034	0.138565333968732	-0.0937742234627234	0.129873345358849	0.0618190341118938	0.0018865411373741	0.0336383113955598	0.0733308384969969	-0.14779813285479	-0.0580856926417127	-0.148016868514605	0.195426430540198	0.0037135303364321	0.0754820898385311	-0.0136540046874296	0.0729023682382818	0.211876973275942	0.0965098282263646	-0.0429467756178931	0.0397157286961037	0.0110967255047172	0.0524617744515105	0.366508738025581	0.0197284317054738	0.0194883627729849	-0.201912446883281	-0.0228483762028918	-0.097545891903587	0.164601015768132	0.0329221284501891	-0.0057277174079311	-0.0563802311793005	-0.0041392392708443
NA19321	NA19321	-0.0221096337038438	-0.0485092792419207	0.0759810952463089	0.0673518375722194	-0.0559696451876025	-0.0285191394764069	-0.0442360847542737	-0.0395145686627508	0.0176731960406709	0.0209701815006905	0.0224670082727522	0.0109590286133579	-0.0238166376692049	-0.0816118108663592	0.0412672618779132	0.0208329720335989	0.103985508428091	0.0425523674365256	-0.104774660778961	0.0284387163262257	-0.0519569260989269	0.0144518359149842	0.0210537505988517	-0.0253685982694968	0.0823753818997101	-0.0320196100822071	0.0035740030990047	0.0096106022968171	0.0307873888799025	-0.0744857254659622	-0.0501629104941911	0.149580822902987	-0.0622042811944125	-0.018351257495602	-0.0377488975818713	-0.0305734039475355	0.0253325228432845	-0.0419049741928384	0.0133438362520758	-0.011075877680191
NA19323	NA19323	0.0119842412448528	-0.0031465412775583	0.0071327034146832	0.0249179541866986	0.0210277365330399	0.0212645982712059	0.0180057828098382	-0.0057066774260691	-0.107736833029868	-0.0301790453534515	-0.0449462305674745	-0.0227000667826036	-0.0057263853961277	-0.0081202284556936	0.0320510836591933	0.0727002605462586	0.0694423289791884	0.0681519218605117	-0.0498799109946749	0.0113494445691901	-0.0893707018124546	0.0837127457822449	0.032800324360221	0.0014699570069734	0.0784113592849386	-0.0320053920068387	0.0051937994560704	-0.0051964516412133	0.0163269420978921	-0.0268870170471364	-0.0483034646398293	-0.0622424697489323	-0.0104582797057534	0.0057172517767933	0.0312009098680694	0.0544585146114796	-0.0531559320514269	0.0085352052971446	0.0343463516657786	-0.0440564578835985
NA19324	NA19324	-0.0615288150805183	0.0433747507264222	0.0215720202986887	0.0877997978175597	0.0356134497437502	-0.0886226136103812	-0.179673659380183	-0.113792357682669	-0.0290929566951721	-0.0098298836068207	0.0855658819836439	-0.105442408905861	-0.0858252715893914	0.170211903014547	-0.0538527880612355	-0.0309420335376711	0.0269866964502625	0.0662824664215687	-0.0540446132520204	0.0514846235654403	0.0698372043483862	0.0267458593202517	-0.0580069189032761	-0.0536421803000127	0.0737439049163409	-0.0315557446712103	0.0166179946530361	0.0025853584622177	0.0253820709390593	-0.0303864785014558	-0.0250781760018763	-0.0233953685925938	-0.0507903629867912	0.0012934502078706	-0.0155762504638721	-0.0163102996137726	-0.0290347702725778	-0.0077287587775207	0.0420220995654223	0.0028143442606598
NA19327	NA19327	-0.003144419201982	0.088954385594145	0.0052990876313389	-0.0676862090798263	0.0522376660542607	-0.0374866448625479	-0.0947437729097198	0.0721793075364996	0.0982016655565225	-0.0543524586836315	0.107257698065512	0.0214060379619998	-0.0629130290582151	0.0296728813529069	0.056768280087962	-0.106683415317846	-0.0159422269718585	-0.0271071418676238	0.0837880949793989	-0.040352785334229	0.0329198628718647	0.0536512631880974	-0.0234511500911458	0.0604155176226704	0.0868823427941747	-0.0457404472265612	0.0124777390452204	0.0035256103518914	0.0095799887082853	-0.0182055846616371	-0.0119921617061356	-0.066368497626281	0.0708933013694744	0.0124070851764361	-0.0347075071293804	0.079176240292459	-0.0830876504718811	-0.0016156002870467	0.0018618048091507	0.0004993183895784
NA19328	NA19328	0.0083761920456895	0.0438167476348789	0.0305434166542788	0.0336558401951687	-0.0234408062489568	-0.0818154661067455	0.0157463623645954	-0.0075519495143193	-0.0769972370842957	0.0258129594271071	-0.0052958757217292	-0.023467634718151	-0.0237407456062194	-0.0401071938875717	-0.0353567763442701	0.0385869660897001	0.0439162920818007	-0.0549982364758155	-0.0612606452659368	-0.0127336977428186	-0.0006455796595344	0.0387248682371892	0.0054892406741661	-0.0349687848230004	0.0818013625127071	-0.0318259066554602	0.0211353381824492	0.0130248031771244	0.0230837104754369	-0.0063261706359559	-0.0012845198783327	-0.0361394840803369	-0.0080056329198864	0.0080854170564887	0.0039934431981653	-0.0207642594150943	-0.0230881314937198	0.0273290984949415	0.0167845691719572	-0.0110644072983451
NA19331	NA19331	-0.0278627806492759	0.122275635253661	-0.0260801662793822	-0.0062932743986801	-0.0967698134753454	-0.0408943867266307	-0.147142879638517	-0.197616117183605	-0.0396639486922474	-0.190421058827772	-0.0780292612377374	-0.215515114252735	0.0268197754001826	0.17245616396773	0.0231650925786801	0.0174737532267363	-0.0684248220759945	-0.0792124214867219	0.0328376426240129	0.0390609062062691	0.0694152560397567	0.0451814708187048	0.115735215925221	-0.0183268300792498	0.113345130571765	-0.0795426038595401	-0.687941450036523	-0.043265054668029	-0.0439182879599514	0.0331321288992152	0.0144369030986981	0.0063799753064113	0.001962602114592	0.005352074722234	0.0043171121433718	-0.0055540094067699	0.0034340784296202	0.0017498792778275	-0.0027877430623626	-0.0018086474055592
NA19332	NA19332	-0.0615632952251165	-0.0067975289539921	-0.0323470234736525	0.0874065908514687	-0.0861668022734536	-0.0893446503697771	-0.163083834442482	-0.119479806771351	-0.0473021448662279	-0.0002786977160016	0.0629060496991198	-0.0886930749924436	-0.112808936842901	0.0937476301733048	0.0471630226520167	-0.0855352798406794	-0.0063772495492498	0.0663790498114466	-0.0244358691749119	0.011431505616248	-0.0038582108348332	0.0645274456739205	0.0516650347211262	-0.0520112894259141	0.0761473987785223	-0.0300024042257545	0.0158536032779173	0.005978328768509	-0.007573824378701	-0.0563578766039793	-0.0217579549080647	-0.0175070214542238	0.0242380228649473	0.0002493224160096	0.0184113600438881	0.006944741515483	-0.0261760078088586	-0.0109167082900589	0.0179629174158562	0.0113648553688383
NA19334	NA19334	-0.058055993196343	0.0380789507296624	-0.0483167579894894	-0.0192000364040547	-0.0431116575099753	-0.0450520569300921	-0.0985797134069573	-0.222261539467791	-0.0618125245465908	-0.158153508761352	-0.0790596302707914	-0.197765364713963	-0.0836643712461231	0.034792612557804	0.0055723075368368	-0.0082752988900322	-0.0822446219813332	0.0611014155547457	-0.0191786963380246	0.0636642284227768	0.0176166142538122	0.0219045919791568	0.0088441116833096	-0.0490243413190123	0.110364914861826	-0.0772362001780299	-0.682679090932724	-0.0417396704292341	-0.0421967698742779	0.0318834544897229	0.0158983380739135	0.0073248894250819	0.0028863688015884	0.0042226350650655	-0.0026056152424895	-0.0088034486096896	0.0001546707542853	-0.0011054145070345	-0.0026581812828673	-0.0033482591589614
NA19338	NA19338	-0.0459429971889182	-0.0267179893967928	-0.0020660342670319	0.035867909510659	-0.0139203690451893	-0.0466403775883596	-0.160826121589458	0.0511662260107336	0.0404903705040228	0.0933275614974077	0.114826020788721	-0.0036246361947566	-0.0881943322010953	0.062782863505805	0.0901017139050785	-0.0139524894512735	0.0525262614120518	0.142691862210476	0.0133612188084887	0.0146326177074194	0.0585475932461135	0.0537303578899351	-0.0224925751058164	-0.0264976821903893	0.0763866594511868	-0.0338660459680721	0.010868116371521	0.0097045384651675	0.0211393031052002	-0.0493342659843182	-0.0206737196276844	0.0379001489845933	-0.0294501692739821	-0.0029887874082182	-0.0028333376084541	0.0321821666911693	-0.0302229065334539	-0.0151468799461683	0.0379300420431784	-0.0074148123711892
NA19346	NA19346	-0.0097862271746159	-0.009485340241369	0.0565438751793786	0.0474634530460298	0.0511596106053597	-0.0253230685937144	-0.0148175102780316	-0.002347677847065	-0.012577848746945	0.0008719834149004	0.0185757460770775	0.0417272183909409	-0.0079464116986803	-0.0518857057273586	-0.0172461707165977	-0.0073188490478402	0.0044263291993222	-0.008878367621807	-0.0608989449926638	0.0942168116548258	0.0258272553979337	-0.0017288542233944	-0.0011416453330265	-0.0006135006175698	0.0788388842497006	-0.0292084242480264	0.0133822381249747	0.0001188448623742	0.0168867586210926	-0.0483469026786534	-0.0486646705214523	-0.0563109911466927	0.0156704411075603	0.0508571568732108	0.243803077522196	0.246977950496995	0.463062452803663	0.0890547789551329	0.0034901903266723	0.0208867843821342
NA19347	NA19347	-0.0459032174997765	0.0380046893133749	-0.0361546519316704	0.0352898618880514	0.0078975241783764	0.0069804614767494	-0.192559707448007	-0.0872686312179332	-0.0102122581124364	-0.128114248256494	0.0187516372395478	-0.0988567976492606	-0.0253527965354579	0.13780074153084	0.0983130642313122	-0.0903977495585786	-0.0817759355638657	0.031500054060609	0.0361411110592558	0.0270332514324132	0.055606471507291	-0.0116574231585734	0.0168333220692106	-0.0093534513353189	0.0930245652256119	-0.0396379207721413	0.0285680114472195	0.0132233321649196	0.0356415015288685	0.231729136601293	0.233602719217479	-0.0083151305585522	-0.166609161535188	-0.0497371585503776	-0.241155139541863	0.154750027378796	0.0309529465532028	0.0162187162683419	-0.0075523853071889	-0.0292273616361269
NA19350	NA19350	0.0147432864718066	0.0753185353064411	0.0398838859823069	0.0297344034891021	0.0190823131003547	0.0140438621163899	-0.0105974648610121	0.0547841613678363	-0.0572366587273439	-0.012750850346047	0.0215896792118803	-0.0241701403085237	0.0521133986115328	-0.0099742060553885	0.0162822931308319	-0.0043524383943596	-0.0099328356461474	-0.0136375010967397	-0.0014236371392631	0.0670316876470617	0.0223368171946173	-0.0094817450887063	-0.0114814937179907	0.0141872392320192	0.0909764192879242	-0.0426265069680269	0.042414790999879	0.0117075052806735	-0.156471264266446	0.0389122205535768	0.229203797960587	0.0969643996976767	0.161544156284494	0.0149767838065346	0.200909343951992	-0.0874336369543918	0.0020274350834327	-0.0059504135620154	0.0039850109353496	0.0156287270267725
NA19351	NA19351	0.0242925376050522	-0.0081070729769493	0.0248574339546007	0.0243902824883942	-0.0808449903611999	0.0096566593832977	0.0220236090142822	0.0287904129618535	-0.0285496533110234	-0.0317310122169742	-0.0232142776763045	0.0401628713942951	0.0318255196034092	-0.0434895755710141	-0.0316512429303045	0.0349004326737463	-0.0176245062334805	-0.0266971218242147	0.0062669939989257	0.0836470807157026	0.0161808305030466	-0.0629954933034	0.0641187372568945	0.0321849038722661	0.0760646540072563	-0.0260149215837216	0.0233762696310987	0.0025874375775354	0.0224378464629404	-0.0553189590439358	-0.013495196277545	0.0023783832506763	-0.0004224587242905	0.0071702232648895	0.014629876534102	-0.0174004538461766	-0.0444100991659445	-0.0038072320586391	-0.0218337452907314	0.0019944680087152
NA19355	NA19355	-0.078107532363526	-0.0319530052437259	0.0155790460311187	0.0338091681072153	-0.0622638257298302	-0.0717659473866917	-0.0864061835214194	-0.179606195657124	0.0077976994373176	-0.0417966933236664	0.0173724288302627	-0.0468068291679366	-0.120919971683947	0.0804843663553451	-0.0566837962806863	0.0237379313034751	0.0103027954719093	0.14962322607091	-0.0652506895411796	0.06300431457196	-0.0321951084050823	-0.0217073741026526	-0.0167173879222506	-0.0816784311903509	0.0842515517405128	-0.0342059939303106	0.0332886357336468	0.0010344301641197	0.0166077311961053	-0.133573916305688	-0.0629677949994426	0.237671632623551	0.0352075490684924	-0.0500371983017415	-0.0496137330100039	0.0040542995015917	-0.0161649777880659	0.100860600344188	-0.152854028681241	-0.0244374582435388
NA19360	NA19360	0.0225519152594632	0.0092785277658015	0.0617959080323758	-0.0099487604285487	-0.0773384622574193	0.0318187552446555	0.0190891749648525	0.0420828276592854	-0.0698936603372782	-0.0613443581779985	-0.006612973307623	-0.0062371540559543	0.0147547074006229	-0.0656119421523924	0.0011952292395264	0.0434147559705981	0.0141011460485061	-0.0635782081094825	0.0129955560287543	0.0574301774134953	-0.0018705082115728	0.0230567503995731	0.0742744524712079	0.0453719336837215	0.0841911416417197	-0.0361858498429519	-0.0462057597450877	0.0012759528525605	0.0168187402433513	-0.0959220676493326	-0.0273866027730228	0.162983267375878	-0.0153142804207572	-0.047904948589142	-0.0192431091001962	-0.0047190946966147	0.0396945843232085	0.0216951179528506	-0.0101055007186958	0.0030085619638194
NA19372	NA19372	-0.0517852024037596	-0.0329861280349577	0.0086511795816354	-0.0206760504859871	-0.0497053614743888	0.0280080947750994	-0.078371653504087	0.0165061943410008	-0.0294926437275727	0.029791032244165	0.111908099132287	0.0823969678569922	0.057059547047861	0.0978897544328919	0.0216772279691118	-0.16113097191055	-0.0777289637487597	0.0472993116476324	0.0289027625338117	-0.0203746223072677	0.0433327256452313	0.0052693655426663	0.0440474740279412	0.0010802783197947	0.0756399562662973	-0.0307484368926569	0.0227442461523906	0.0102595714127261	0.0069930192243523	-0.0202102913802469	-0.0247527656706959	-0.0179524163664246	0.0374258415280279	-0.0013547577270063	-0.0004205341004517	0.0111110131194971	-0.0028726391065903	0.024801373831073	-0.0058655354102895	0.0065219594626392
NA19374	NA19374	0.0006872493445341	0.0277519348618024	0.0471800467501785	0.0189061202905505	0.0641790876612559	-0.0819570286414095	-0.0317341052980117	0.0089570972771387	-0.0478859103597896	-0.0093017568673501	0.0437716672749445	-0.0167986061052665	-0.0314030534358792	-0.0240023421342824	-0.0184894651743814	0.0190922072222342	0.0593709867091803	-0.0530118943877737	-0.0218314574410661	0.0120144409369478	0.0573767802999454	0.0726318741086779	-0.0293530462683224	0.00260690543627	0.082175352791988	-0.0366232829173394	0.0308556803418971	0.0142645607066326	0.0187475841717356	0.0213043333002879	-0.0142158094273857	-0.0367783653273977	-0.010029627082572	0.0342991229534738	0.000156177838447	-0.0025734721389101	-0.028198682484523	-0.039944481998872	-9.85566468509422e-05	-0.0397196489603885
NA19375	NA19375	0.0231995951566396	0.0178605099885138	-0.0738665608578547	0.0157001036148119	0.0139723500502526	-0.0173114646214861	0.0330695817356765	0.0655930575102258	-0.0745362442617932	-0.0236869406531038	0.0428596981201405	-0.0119968747660647	0.154929125683772	0.136044095315125	0.14458014353615	0.0510225249304431	-0.0260228190516003	-0.0228813363185328	0.0506570614135585	0.114759457029304	-0.0724274307206779	0.176074732746946	0.0045575347591587	0.0816329612767965	0.0928137746648834	-0.0399847619555937	0.0336687930677653	0.0140404757068285	0.0144779905612379	0.0257121800140933	0.394029869665927	0.141083528062493	0.201432596136859	0.0201737524245116	0.251437307856143	-0.118594955115513	-0.0489162371136181	-0.0202930583718405	-0.0090451599505351	0.0107475828877409
NA19376	NA19376	0.0287359162783024	0.0422344178219201	-0.0038961270379464	0.0368530833027476	0.0766605544488105	-0.0606517727703993	-0.0167162152811783	0.0443598918920513	0.0126754221328485	0.0048884299523877	0.017896505864166	0.0287040060675859	-0.0003287660250448	0.0264963483213077	-0.036064756901789	0.0731371926241961	-0.0094085162945139	-0.0239213982399986	0.0112877261977649	0.0983691353733436	0.0258929727498047	0.0021097976358195	-0.0459551529884605	0.0378106934407938	0.0993954290454355	-0.0451566847334572	0.0444268276947064	0.0166736322111111	0.0305050097069956	0.18354841195694	0.483067364958726	0.0595425890182746	-0.0090959822000231	-0.0243610075399836	-0.0897148268906803	0.0651716494682007	0.0317819096343642	0.0267303932305023	-0.0082706836870343	-0.0140324186496003
NA19377	NA19377	-0.0021100438583781	0.0305697690111741	0.0652838779174599	0.0636295162190936	0.0133509024682292	-0.0758824862576538	-0.0092125365384324	0.020970731349206	-0.0257587636148356	0.0844939459985984	0.0124380625608119	-0.0499413581023277	0.0175027529979181	-0.0291003133080687	-0.0082446880680339	0.0521963590063036	0.0546604775511828	-0.0332867812987736	-0.0646421905345612	-0.0040722817865015	0.0191444680416312	0.0375040217307352	-0.0334276298406975	-0.0437635618444822	0.0796007218253757	-0.0337727536905654	0.0161994736267584	0.0139633910131406	0.0033099912746511	-0.0083356497761558	-0.0314593785286811	-0.0492222656938718	-0.0087720547590894	0.0121958950262484	0.0530432234465081	0.0153190940827292	-0.0399918456745941	-0.0057600119256293	0.014366552140209	0.0092588990710902
NA19378	NA19378	0.0363697269967993	-0.0053436277336657	-0.0049022669044916	0.0338529004118219	0.0369229778099064	-0.0099923463533413	0.0087467028031759	0.0447785613705253	-0.0321012706089202	-0.033806639768082	-0.0609544881988323	0.0711399289235501	-0.0163644888926251	0.0198991750843734	-0.0147759450235623	0.0345313603136558	0.0008196528971743	-0.0721050007967728	-0.0179454362295845	-0.0082240155620526	-0.0461334450876467	-0.0855136758702556	0.0112455237314987	0.0189461329796955	0.0741018475414482	-0.0276458059500247	0.0185743525552703	0.0060991657720781	0.008868609769121	-0.0359725855102116	-0.0128901681565646	-0.0218948159675934	-0.0209911986634618	-0.0098959098828493	-0.023367114703246	0.0060044182850269	-0.0327431138927944	-0.0111495806019707	0.004255557067817	-0.0076936932050416
NA19379	NA19379	-0.0755698190306917	-0.0350360524011235	-0.133771931031682	-0.0658522960558188	0.0743062029785037	0.0517427002338305	0.0445276403105242	0.0473290769465237	-0.0111566643425807	0.0413400589404452	-0.0856702371368653	0.0133848432834221	0.191329535620163	0.0051873891185008	0.0022190869084908	0.0175161786271392	0.0426731896712812	0.010084027948145	0.0053292547750768	0.0447747439737101	0.0054019959594265	0.0594707443149179	-0.014325770011865	0.0421817079919082	0.0781265875055872	-0.0284411700221195	0.0095802037591762	0.0126512958714061	0.0171600302873877	-0.0306467357718378	-0.0373775366361322	-0.0507364387443083	-0.0373877444052965	0.0103721695701486	0.0043504766542735	-0.0090129115258503	-0.0512381046768768	0.0003249676855577	-0.0037471085859344	0.0197082861313916
NA19380	NA19380	-0.0735088439584498	-0.0274768559918261	0.0255130109988111	0.0140168070544228	0.0318358624802354	-0.023328594323733	-0.0896406775378584	-0.0294460982764178	-0.0493494989825812	0.0246346003577567	0.0949984397579363	0.0330185109546198	-0.0804836761843725	0.0415866646904952	-0.0159922792439433	-0.0569506932747097	-0.0202981093745477	0.0060814119266943	0.0498477286196538	0.0437396147571484	0.0541900934835673	-0.0043775312897514	-0.0634557393596678	-0.0365345351283122	0.0849981402609097	-0.0382741318374675	0.0208836744468331	0.0140745866679116	0.0375897148285708	-0.0492842603878351	-0.0228313808512795	-0.0648551500499401	-0.003396063890136	0.0043995026980086	-0.0214145277690507	-0.0211920335942884	-0.0745948953988602	0.0095359257490247	-0.0078361966479534	0.0405751846248381
NA19383	NA19383	-0.0694859444168477	-0.0312350225275932	-0.0394458820425559	-0.0215194246222747	-0.0144521366319058	0.0269149999733074	-0.0643900334230988	0.0209986283337002	-0.0568440344623375	0.0184260443334571	0.0353834035325668	0.0309103215307736	-0.0156340488477179	0.0403208756974018	0.0611073351243943	-0.0593580334097402	-0.0316776226388824	0.0473077289507339	0.0572540995431206	-0.0090638040957348	-0.0274205063809512	0.0195280051051895	-0.0123221878216775	-0.0163432380053767	0.0792465565785635	-0.0392567193147741	0.0235436996747392	0.0029689604682314	0.0134434284333196	-0.0431533167563758	-0.029403202940612	-0.0130955121710046	0.0153770839587848	0.0044994436508162	0.0720333787716223	-0.0041910063051178	-0.0389089279897189	0.0056424085308325	0.036652718312814	0.0362762459132963
NA19384	NA19384	-0.0454330482353291	0.0784695191527716	0.0125705290686207	0.0414765978797642	0.0244192444193892	-0.0132894894896007	-0.072232617892291	0.0325639037353962	-0.0313151561807213	0.0212086273645394	0.0530390839190358	0.0045287600916586	-0.0384190848769139	0.0762289058463728	0.0248268252158284	-0.0095810211403648	-0.0343736404596878	-0.0136752728668848	0.0648241806248685	0.037100283051639	-0.0495502598894895	-0.0784428907202279	-0.0551954174606213	-0.0223915950795045	0.0854592933356099	-0.026549603465057	0.0191653832456867	0.0098797295869628	0.0331973449048982	-0.0067610240608608	-0.0309574170405701	-0.14528996709601	0.416730366583942	-0.0985289809040893	-0.275650802448411	-0.106693966372094	0.195656235010993	0.0343205222844509	-0.007429960506631	-0.073541052153582
NA19385	NA19385	-0.0759163801601383	-0.0355909726731621	-0.0396083575910766	-0.0252820663736797	-0.0449803975825832	0.0239145741714453	-0.021694779505667	-0.0033040330404591	-0.0770689615249774	0.0581403886296662	0.0032851769054294	0.0219687411643922	0.0094701876057992	0.0183104000844681	-0.0087642315245177	-0.0039572195127169	0.0122550844512886	0.0491029126012266	0.0099799548856215	0.0064206173580808	-0.0227962549941959	-0.0292460730307234	0.0008452589912845	0.0055976479610593	0.0832348265079527	-0.0344188963907054	0.020807759825031	0.0148720884993458	0.0230261551081208	-0.0612688691702145	0.0635874358805378	-0.26504562497149	-0.297638124252765	0.0807408464809717	-0.0088099879305452	-0.480009284950233	0.234647220318832	-0.0287750686649101	-0.0058029413166008	-0.0213412430093297
NA19390	NA19390	-0.0428970826753438	0.0263612952610855	0.0040115468371528	-0.0025480129754205	-0.0463732094397624	0.0609974498017577	-0.0154187594180053	-0.0419704117044316	-0.0039573745022359	-0.0380866160586652	0.0213855282593228	0.0035961299699573	-0.0224067287266093	-0.0186781526278879	0.020246385131576	0.0254716617292963	-0.011185604929329	0.0412307783669304	-0.0286622633555111	0.0537263609799085	-0.0338640770586115	0.0027896176657791	0.0295632586281667	-0.0408700402519812	0.0798365789644775	-0.0282916355933091	0.0183845665731232	0.0105567562358376	0.0133120350248695	-0.0262959384792846	-0.0231172006190096	-0.0168953922883857	0.0205338826210182	0.0140850944089828	0.0293488335790145	0.0383306657958836	-0.0079050557009452	0.0125226511963625	0.0003296678027935	-0.0084572815190841
NA19391	NA19391	-0.0851744033669088	-0.0524530311678386	-0.103552683057028	-0.0755559050115669	0.0374903951513888	0.0874753762107825	0.0156227921110396	0.0129256390738758	-0.0334044166360003	0.0282779754297372	-0.0913248233984794	0.0899855596191839	0.118015375465323	0.0432654333510287	0.0409786120956194	-0.0441758542196186	0.0768188941846372	-0.0341153917850675	0.0017225723499652	-0.0595394726420804	-0.070478733236086	0.0594567224273417	0.0037042879625996	0.0191135177244167	0.0739447553076923	-0.0188046431641553	0.0111342546774962	0.0062800258086633	0.0172118198111134	-0.0267440754311956	-0.0100054978859541	-0.0044977200268909	0.0027901059696973	-0.0066821292821791	0.021711355123861	0.033861709526094	-0.0349269663694193	0.0097299025068417	0.0161427050247183	0.0141943675748041
NA19393	NA19393	-0.0791501789097082	-0.0686038165270535	-0.0200982478773684	0.005537499573513	-0.0009269170817685	0.0388067540786687	-0.121076558491283	0.00022504224125	-0.0272339623196167	0.0651955069300304	0.0670603263413766	0.0510613476807547	0.0170107981389429	0.0578261794248723	0.0894909682545587	-0.0196814972115464	-0.0355589543730127	0.0650258069697594	0.0712015212969486	-0.0244518503485872	-0.0345971503795225	0.0024332796086933	-0.0163194626602305	-0.0441932263255127	0.0807088398933189	-0.0377156114775638	0.0182784806165782	0.0109588219398156	0.0241585322501277	-0.019289204297154	0.172609126192623	0.116370971147465	0.034023118931238	0.0149853305316515	0.085457863596135	-0.0518992301967508	0.0137046315186519	-0.0188853680657087	-0.0114658822811925	0.0106604426131335
NA19394	NA19394	-0.0546226077105741	0.04219441946761	-0.0439454562482624	-0.0469813383277374	0.100885752592332	-0.0407604470558656	-0.0084581372543484	0.0074440011788165	-0.058825159400967	-0.029107827150074	0.021583054124279	0.0453546436759186	-0.041508232810299	0.0506197077937214	-0.0201252511658839	-0.0033978568774646	0.0109999558250059	0.0271826935372782	0.0077386826683583	0.0283819572911341	0.0140381772373346	0.0362328659552822	-0.0827328831658392	-0.004270701255863	0.0784857047820902	-0.0267170134330922	0.0143017020430376	0.0062355962164977	0.0212084855503242	-0.0474802102769582	-0.0408558483366491	-0.0153412381757136	0.0139762889124291	0.0063518160813956	0.0188795068396412	-0.0193956626746186	-0.0389708837361268	-0.0209108943296586	-0.0068839341479666	-0.0114420112417754
NA19395	NA19395	-0.0540682689903239	0.0330274689836711	-0.0799922942472909	-0.0485548182961686	0.0019483806807486	-0.0237516568634058	0.0084745273011873	0.0342607734155263	-0.0749905254959296	0.0157446547426403	-0.0261534223579826	-0.0189129480974151	0.0141133104108635	-0.0002172785769916	0.027007744824649	0.034862177326324	0.0303819824662087	0.0466472544055432	-0.0253903954038277	-0.0348159057883575	0.0275723409426152	0.0387027578296715	-0.0390754993992433	0.0052457262782592	0.0824325545588809	-0.0368610263434196	0.0171438044554414	0.0043918781661129	0.0177633335831886	-0.0756517256604726	-0.0458825455154805	-0.050986495042466	0.0267630784635445	0.0675331346617718	0.287998776732557	0.329715567130802	0.559648810809051	0.0863159832285869	0.0037428907000837	0.0277779147494182
NA19397	NA19397	-0.0800577186827028	-0.0690591261343496	-0.0887998016721999	-0.0701683084921738	0.0560957779600107	-0.0476022017396337	0.0116196338882719	-0.0345076247348209	-0.014428930953257	0.0428897606428638	0.0115670913236068	0.024976782215917	0.0788418452682475	0.0049182217047576	-0.0269978537568877	0.0526207410113226	0.0503144125121947	-0.0428147079352108	0.042081859890939	-0.0063292247769125	0.0746279720086225	0.0476934747438099	-0.0667932790296997	-0.0350445226275416	0.0852591460221476	-0.0355741153745918	0.0330114784160994	0.0109839637998505	0.0025444467145417	0.0484040944261073	0.359359753365018	0.12522428124818	0.164457714513334	0.0134781020648758	0.20986684725359	-0.104401645329226	-0.0571624264139051	0.0119173804505136	0.0110269533635757	0.0287891838459593
NA19399	NA19399	-0.0403295885120829	-0.0041019786439603	0.0113302141504239	-0.058829677003793	-0.0016678623594575	-0.0673897464342041	-0.0172086442793261	0.0030763803058884	-0.0627475787799175	-0.043456599936095	0.135325368412504	-0.0236528962535947	0.0121571291176954	0.0324398182687804	-0.0025176087539903	0.0590362457290297	0.0898946431819174	-0.0320968577566371	0.0362793802239556	-0.0609807272503371	-0.0272217088393525	0.140286455316679	0.046013025476156	0.0732001097215085	0.0767531360888577	-0.0211198336818279	0.0161255997989434	0.0153602241473884	0.0244145115766024	-0.0490925231850675	-0.0103287679803515	-0.0195921494554391	-0.0021680797173109	0.0276685585571187	0.0211543055664937	0.0669826150715458	-0.021993038374485	0.0006583194041651	-0.0121317862099861	-0.003026658301553
NA19401	NA19401	-0.0739410187937536	-0.0144612253294552	-0.0451474309564431	-0.0393886509789265	-0.0187156497637672	0.031100469476578	-0.0114903914841129	0.0144404558037232	-0.0721445296580182	-0.0060393576324032	-0.0183972854382277	0.0279901981876633	0.0235501963833427	0.0168021761971667	0.0245540557577882	0.006047463154199	0.0273816013769024	0.01044778298247	0.0478725998130237	-0.0210494262832861	-0.009702618774415	-0.0199448654662316	-0.0118832107851791	0.0192031589733649	0.0790790110475415	-0.0317707472546893	0.0178522732548275	0.0117780919741583	0.01946099584404	-0.056148001883647	-0.0074498027378763	-0.0310291621409887	-0.0497143158621455	-0.0015220412462887	-0.0141631619779623	0.0175767377877455	-0.0533006820196471	0.0011145487073729	0.0004026248730351	-0.0114936411640217
NA19403	NA19403	-0.0635776481164798	-0.0312091606493569	-0.0358079421374586	-0.046982398466305	0.0449139430579374	0.0334227443635799	-0.0220595132866166	-0.0357744687459843	-0.0303050598490492	0.0503924246388642	-0.0370993886741125	0.0192586686545294	-0.0429703321263062	0.030104106805421	-0.0308659593549913	0.0445090394647378	0.0097472145157518	0.0408813824891845	-0.0537441101418051	-0.0657200853287647	-0.0335497675713658	-0.0326325813439683	-0.0368729553189203	-0.0579161461790102	0.0747524129451841	-0.0272328534944109	0.0149149152562074	-0.0007437504823871	0.0080241865311442	-0.0181330566448477	-0.0136943503890257	-0.0379226211352883	0.0114670664732171	-0.0017046423883709	0.0205590605739531	0.0280456252661971	-0.0291963331652381	0.0062360843420085	-0.0037312093401179	0.0215923138056988
NA19404	NA19404	-0.0605436166788829	-0.0205314113936743	-0.0472351782121366	-0.0495999598016923	-0.028666499429914	0.0040663917172252	-0.0261883667128888	0.0128526818680282	-0.0355921269282477	0.0167330490056758	0.0130777766972938	-0.0120725430433011	0.0101518632564494	-0.0484979529677292	0.0397012916435343	-0.0345972839436363	-0.0459611316295756	0.0212979630177287	0.0076425036488559	-0.0109745760495489	-0.0408122354420049	0.0087790995075622	0.0010214272798525	0.0160241649608299	0.078711729036096	-0.0276108677641852	0.0126369587448503	0.0085238206820868	0.0127449896848103	-0.0303115345759415	-0.014894168643996	-0.0199964765394878	-0.0159011801989198	5.40156319755653e-05	0.0274117359657324	0.0295041268264509	-0.0754617274896303	0.018534784525945	-0.0070780255044701	0.0067120164779838
NA19428	NA19428	-0.0634799846815036	0.0523839705370596	-0.0496076917177522	0.0236373095325695	0.011557328166766	0.0245461694948404	-0.0458349770894985	0.0476457975110455	-0.0086994358683324	0.0623696518768746	-0.0131291701187482	-0.0002303736280778	0.0083149870139438	0.0679362501569648	-0.0061804274519173	-0.0249525802354021	-0.042047667484647	0.0067149752797438	0.0879369972211937	0.0480134859073743	-0.0378323522415005	-0.064970747508928	-0.0656743831558239	-0.0027014754156526	0.0840419634790373	-0.0306728433717026	0.0214783260593516	0.0006029020442683	0.0309577766581231	-0.0056096627400685	-0.0365230247112022	-0.0367182949595695	-0.0004370526531589	-0.0329284096762309	-0.0712517039914212	0.0229820510239219	-0.0483686585436295	-0.0447978680589114	-0.0049634888006593	0.0691980074206578
NA19429	NA19429	-0.072543989680826	-0.0345120159311294	-0.0583434251942082	-0.0609091374070251	0.0390550748696792	0.024847897013195	-0.0076605496152295	0.0250437614520441	-0.0688399182696291	9.09042878089459e-05	0.0103391183489129	0.0474778570074253	0.0358154922244596	-0.0245277652112659	0.0463401211725368	-0.0583328010541428	0.0040479116172974	0.0320994934492802	0.0353995342105572	0.0199251266720193	0.0011455302417654	0.0455344514136064	0.0043461215697115	0.0528107794341064	0.0778103267559026	-0.0311843792281181	0.014671803801013	0.0087602949497541	0.0035656615201336	-0.0456052743388202	-0.0188351729550083	-0.0470798479160012	-0.027579214713568	0.0329533665573459	0.0510332355591295	-0.0344256459823236	-0.0039658892844832	0.0352941574932848	-0.0076930875844159	0.0274793953724149
NA19430	NA19430	0.0682909663274993	-0.0164212739193286	-0.0220172889564385	0.0358767271329473	0.0846361900378099	0.021520194330793	-0.0093767012221548	0.0589454011518367	-0.0246762112536426	-0.0274366095999111	0.0258897559405042	-0.0231827813599934	0.0432946858234504	-0.0251668285145337	0.0042488166416534	-0.017061757730652	-0.0677125973117664	-0.0778863229029821	0.0383495404157843	-0.0036051021557291	0.0237801815472405	-0.0193576678256325	-0.111049477017374	0.0198291038580739	0.0912707978020489	-0.0399528432645602	0.0243383337320656	0.0091887286554904	0.0514313788963148	0.275219681654201	-0.169612790434954	0.0950977899709162	0.189046364316987	0.0260676500244204	0.0900629959774633	-0.20941199546514	-0.0039175343657967	-0.0007394705586859	0.0517049374339771	-0.0343243417525599
NA19431	NA19431	0.0661312987071118	-0.075213992303707	-0.0330698851764095	0.0024975948298778	0.0354411306449278	0.0219017371854285	0.0124916359055196	-0.0459765227792303	0.0606798294184337	-0.0405567528656336	0.0072841318490882	-0.0580625423814914	0.0188770695036847	0.0431337433625951	0.0307280070803118	0.0227387204606332	-0.0243388045785874	-0.0322588369095569	-0.0002803140414305	0.0442131728086303	-0.0761035313662322	0.0502567503699382	-0.113411493541372	-0.0169587042267246	0.0751007240635253	-0.0229012103909968	0.0222612364420791	0.0114077892776263	0.0179222402217262	-0.0259638632471098	-0.0085205765411293	-0.0376363816202001	-0.0207255420087769	0.0114801323501573	0.0115352242876483	-0.0228540252184734	-0.0276501848284864	-0.0071615271817845	0.0141959953813411	0.0132744318646768
NA19435	NA19435	0.0481505949317138	-0.0787926989449733	-0.0153821331558458	0.0399111863158629	0.082506843937393	0.0930119480790893	-0.0564931093263352	0.0154611675542583	0.0559085755231736	-0.0507874828318041	0.0038015349376991	0.0737025491984903	0.0638327717645028	0.0984308900567665	0.0458286106234467	0.0344205888700161	0.0079218404623967	-0.0049921750722959	0.0245646808467424	-0.0840780272354026	-0.0944983591144528	-0.0605854375547545	-0.0638215337628365	0.0549027232603522	0.0801587707759289	-0.0348548339364505	0.0146402705519556	0.0058502772986046	0.0145538057848307	-0.0344458254628267	-0.0341037860342387	-0.0326611990007884	-0.0083669061182956	0.0219718403283027	0.0167932026339355	0.0590650368548256	-0.0726831418184878	-0.0388851781764893	-0.00141735253751	-0.0254551693922285
NA19436	NA19436	0.0039784971035464	-0.0451407039490033	0.0437913309620673	0.0570120111755638	0.0761782482429175	-0.0368624022816023	-0.0608715131664024	-0.0083426285527859	-0.0509264039122688	-0.012601079110726	0.0805762539583509	0.0049514658387999	0.0038018744972398	-0.0252442631774333	-0.0298925585772037	-0.0096751142569109	0.0920009518549514	-0.0173780229586918	-0.0373957626866172	-0.107865011941354	0.0811139271103743	0.0316960007510431	-0.110326699670265	-0.0219424430623691	0.0738602319288576	-0.02458112334735	0.0263751818865254	0.0094446799896495	0.0205715416811361	-0.0238260054678852	0.0776244772369887	0.0242418449306014	0.0641812779189369	0.0314870687516507	0.11122173061985	-0.0398731333592314	-0.0176659758759672	-0.0315961510362885	0.0126980545001435	0.0109585886200696
NA19437	NA19437	0.0693249498288604	0.0098530583392775	-0.0642072391161308	0.0125437890114166	0.0159076545229605	-0.0698077203264997	0.0063391244075087	-0.0188553724464055	0.0297848614475264	0.0188401453137172	0.0251281710926436	-0.0182544532728723	0.0062912912418323	0.0805540016928044	-0.0625773443817627	0.015168992526154	0.0566206941293949	-0.0443013545189286	-0.0707253166943986	0.0123313158604176	-0.0156005399447136	0.0365798834305813	-0.128063311354385	0.0389776690170175	0.0778529023842513	-0.0286297002891672	0.0138679196242367	-0.0013882218863498	0.013669928755417	-0.0604252100687538	-0.0272923390945139	-0.0079896042279974	-0.0006737209725636	-0.00708918623066	-0.0098949100930914	0.0006951073878018	-0.0662813963154923	-0.0132338147743117	-0.0309625996184958	-0.0171803618048066
NA19438	NA19438	0.0624626203438256	0.0126076174885479	-0.0008052362475373	0.0039957279634612	0.0448647311506182	-0.0285877432020051	0.0121822311731625	-0.0078091560084276	-0.0664639418024094	0.0621837498715162	-0.0220639212781549	-0.0440745254566027	-0.0372241811571192	0.0097879591380219	-0.0851263627096276	0.0157637812149174	0.0328843327871944	0.0231748381494451	-0.0777225711717268	-0.0524345866178477	0.0412277557847496	0.0728596227333398	-0.0558061937881456	-0.0642410341805678	0.070948219586585	-0.0244389942719295	0.0136843775744777	0.002902624166218	0.0109625673843421	-0.0316615521372231	-0.0104080878601007	-0.0110882978727067	-0.0002306171193826	-0.0087953655665503	0.0081652423776736	-0.0039556137044293	-0.0066882654131642	-0.0248874203278735	-0.0117263514753205	0.0238659373153389
NA19439	NA19439	0.0552650491361048	-0.0499383036285524	-0.0119617570516249	0.0258353896478664	-0.0384568951644128	-0.0864875568279041	-0.00899420932134	-0.0183151236792308	0.0240950314001368	0.0422318841743921	0.0566321776667759	-0.0320182418161786	0.0026422746757116	0.0380333035084218	-0.0789895077540833	0.0377163934749416	0.0702199427382009	-0.0078841803518399	-0.0407481647282457	-0.073106689594447	0.0527821733370105	0.0152473814063864	-0.0742656716621878	-0.0223056814013205	0.076357235778277	-0.0264091329269847	0.0191396364157328	0.0007741120944417	0.0221681123121032	-0.0203052161372656	-0.0057378127210441	-0.0317203941383653	-0.0299539894874102	-0.0101022905732866	-0.0059166432835402	0.0246111161426794	-0.0379274724082793	-0.0209438188930324	-0.0066999849631697	0.0025549870211649
NA19440	NA19440	-0.0300093676015691	0.004269090843509	-0.117424700515515	-0.0841063467174943	-0.0515251942421379	-0.0548156392546032	0.0095864711602516	0.0395525390395125	0.0107377514002093	-0.0638772127995928	0.0754391822334326	-0.0551553417664146	0.0208811696930092	0.0377731138807811	-0.0368659388044842	-0.0117105056447682	0.103402904402649	-0.139069168777077	0.0371845459676874	0.0016211911678706	-0.0245468299521998	0.0750840159016652	0.062215388345854	0.0327867408029775	0.0727234414353353	-0.0242492189308022	0.0148949783974695	0.0056875808059139	0.018188175270648	-0.0338298513081027	-0.03623161960062	-0.0072109398832635	0.016813634341937	-0.0023374333156791	0.0405126952128988	0.0095894121993807	-0.0135310557743535	-0.0143331021464866	-0.0117751704453001	0.0291289644377602
NA19443	NA19443	0.0221807338600708	-0.0202013808161468	0.0375563908242606	0.0524775592736588	0.045933456557966	-0.0073614073889963	-0.0385848343208217	-0.0019921031859672	-0.054780480151936	-0.0247882071053925	0.0332754379024419	-0.0630922534951814	0.01852595495639	0.0217172896653907	0.0102982419728498	0.0723521110212525	0.0842728254087892	0.0549995911339613	0.0056791475107731	-0.0242306392949723	-0.0376807362189723	0.0584139565691557	-0.0770819650412977	-0.033069130242332	0.0799433970381719	-0.0340534859608114	0.0103439052657289	0.0140638647333157	0.0186251588628238	-0.0424914196224937	-0.0403500879769341	0.0062757076670387	0.0054941435164016	-0.0112888735704377	0.0937177236284401	0.0386421376964473	0.0044215654752664	0.0099684290776417	-0.0284988645657933	0.016912763635603
NA19446	NA19446	0.0626610736552758	-0.0476176579671814	-0.0119273577386852	0.0117722952715727	0.0421744841457705	-0.0110219409929314	0.0164271936914829	-0.0491001290061865	-0.0392903827548316	-0.0213517347698062	0.0103938526302126	-0.0554881878076026	0.0097324438418303	0.0211874003237093	-0.0842278354520041	0.0617684433148695	-0.0006003264494873	0.0110178267105678	-0.0373597198624999	-0.0378901167099127	-0.0177279360724354	0.0139685874143607	-0.0952059439374522	-0.0539413887682387	0.0769998652155496	-0.0263137790879162	0.0193399421558088	0.0046862533111603	0.0237256466790313	-0.027556424234732	-0.0126439493794892	-0.0067359969252443	-4.38921678858939e-05	-0.0138289951489644	0.0267699183965784	0.0201056358327738	-0.0240991740879894	-0.0262289666125784	-0.0085162326586772	0.0263104300739233
NA19448	NA19448	0.0016032593273614	-0.0162961617851027	-0.0229304829545254	0.0861851024053143	-0.059054305866494	-0.0390469561164777	-0.0756462238142947	0.0875701120678529	0.169592152463477	-0.0327630837888691	0.0728840387500694	0.0053976756958626	-0.0049364639735907	-0.0439845952645224	0.0519804000505993	-0.07440364362934	-0.0609638427351337	0.046073670232443	0.0003688145309504	0.0982084186813537	0.0925184657930845	-0.0005021363738126	-0.0345366141024357	0.0809283384812742	0.0864930684570577	-0.040035813951766	0.0186992908682278	0.0054668099459476	0.0289565296127355	0.0874451407071443	-0.0605106552472261	-0.0387010544064662	-0.0638520921627185	0.0111310835320162	0.0176974657999806	0.0727561783901944	-0.0229656980700973	0.00583760361876	-0.0492288114742919	0.0140470852214324
NA19449	NA19449	0.0729352421048337	0.0296823647691242	-0.0019525862540343	-0.0148727144040887	-0.0207700904791038	0.0633914420572126	0.0010934023206838	0.0527279563708262	-0.0221176938979444	-0.042838904628634	0.0593566688943503	-0.130472305501503	0.175613111498497	0.0044081644576306	0.102306396683141	0.0077459792118566	-0.0371153006267487	0.0252001401148734	-0.0295031889911775	-0.0327561487417123	-0.0710312590584134	0.191025871713492	-0.0316854733001912	-0.0793175430400539	0.0770219461086467	-0.0297994751783612	0.0122481344656614	0.0100897144180536	0.0208223836921916	-0.0616560783682329	-0.0078072628596125	-0.0271216674617221	0.0061279359355426	0.0137149581065117	0.0590965795969992	0.0344927994178925	-0.012056628757232	-0.0223976906338925	0.0143034313742689	0.0097875716849852
NA19451	NA19451	0.0722278505218787	-0.0413674444535243	-0.0768048368629359	0.0071345814908957	0.0562303794886631	0.02282718648044	0.0497533830125473	0.0138788938474417	0.047250669746736	-0.0786278350606975	-0.0351664450516368	0.0345810482094989	0.0321731226045592	0.0624448871132412	0.0048293136083743	0.0064010418010901	-0.0430096506610522	-0.0138830274400133	-0.0018611364777504	0.0837715913313195	-0.0743466315153981	-0.0877521328161857	-0.0875208256455897	0.0892458918265606	0.0914340556990558	-0.0392390245544054	0.0333056348978048	0.0082350555970322	0.0784637434428323	0.387620185284061	-0.199543771193563	0.0879017137503087	-0.0099615686367402	0.0062886209067779	0.0558151026654128	-0.0436804285651181	0.013663274265936	0.0011592130704518	-0.0240922932248145	-0.0005633347104098
NA19452	NA19452	0.0432203263020018	-0.0543345143429977	-0.0001119234688538	0.0557715561482913	0.0529465797013923	-0.021731114604543	-0.025394779399941	-0.0074318920330314	-0.0479471312838987	-0.0017062686215737	0.0295246551211427	-0.0402376319844216	0.020209038298358	-0.0556997881525823	-0.0246422847093945	0.0122792777799588	-0.0295006322356908	-0.0165665004715829	0.0093954929882522	-0.0338611158715183	0.007836002185843	0.0212188175232171	-0.119706666727139	-0.0132303288302322	0.0938738330617412	-0.046371056885701	0.0355596775008248	0.0079934819438494	0.075927995496563	0.45244517424288	-0.239390563750203	0.0897566288491825	-0.0653393254970181	0.0235564769265534	0.0865032584619726	-0.001244035687527	0.0428077445815298	0.0004263944543285	-0.0426470429541728	0.0187370830029642
NA19454	NA19454	0.0683912467004706	-0.0768473958179864	-0.026262772563502	0.0078028738273707	-0.0336412978134201	0.0577272441690064	0.0083505277114891	-0.026731058647424	0.0284898725705417	0.0067327880953812	0.0250713798818636	-0.0247355816604673	0.116081584591533	0.0864306964845635	0.0399623697357005	-0.0216499399917829	-0.063070372985132	0.0205579917146287	-0.0280510761577475	0.0011177012219636	-0.042274341404342	0.0474334873297752	-0.0721061057220392	-0.0005040984922368	0.0731359010507613	-0.0222305043942199	0.0136269424900467	0.0120410874767751	0.0108770473699466	-0.0338151640048991	-0.0088448754066636	-0.0098024352859386	-0.0225722424805438	0.0109331681274663	0.0069678242497716	0.0173373166512594	-0.0306719289869174	0.014797943337085	-0.0106393718820326	-0.005569740807347
NA19455	NA19455	0.0778225362446457	-0.0359201203030269	-0.0169372671139224	0.0182734044129544	-0.0110726393839917	0.0628197915988157	-0.0189468679002034	0.0408392929143046	-0.044692383787075	0.0227693989414528	-0.0396472349231036	-0.0699367218829263	0.0425067776793046	0.0191350483293454	0.0578436021858886	-0.0009957173300981	-0.067177938507671	-0.0099015154744723	0.0460712347373008	-0.0380155142551131	-0.118782636692069	0.115027489068889	0.0152745719087493	0.0130172148166768	0.081610819463358	-0.0343241074027163	0.0252449612301867	0.0099568289794463	0.0239345980852937	-0.0415198364002718	-0.0418587136533879	-0.0282747222918821	-0.0196721654518937	0.0124277789241294	0.0366664198802963	0.0636211487359301	-0.0782941411792009	-0.0095948820279607	0.0212134773531355	0.0126093886282433
NA19456	NA19456	0.0584289776079722	0.047943828830695	-0.0198720202818486	-0.0077978317171999	0.0082613164068626	-0.0368404305465219	-0.0626544015565545	-0.0228966024107938	-0.0153424834077857	0.0271033508431232	0.123961791974665	-0.0286688093832379	0.027665452624257	0.0007452688397802	-0.0847640880198933	-0.0557119855513854	0.0289257787955956	-0.0187872434169085	-0.0618317252288865	-0.024527539490776	-0.0083722140302415	0.185573181040222	-0.0276836210288428	0.0087125020287427	0.0792954061880678	-0.0271330232761007	0.0220315380103893	0.0129373349145566	0.0181074170348776	-0.034850818026873	-0.0205126135965067	-0.0781104408270146	-0.0062322288948365	0.0008448106141363	0.0026732699024592	-0.0335448210384996	-0.0317831659700245	0.0123202400817076	-0.0228696625036305	0.0050075443920001
NA19457	NA19457	-0.025079467485497	0.010588821018723	0.0252284061090893	0.0483476304145729	0.0576459449311997	-0.0136498982962925	0.0124187287709738	0.0045915880314968	0.024873145830341	-0.0054346291619485	0.005378369911567	0.0133075769500591	0.0234138628356277	0.0303173877470686	-0.0253635014198149	0.032041115148844	0.0061490516318109	-0.0294816447217899	-0.0534383509717366	-0.0830744465568633	0.0335298398604247	-0.0006863056253262	-0.0105682679109887	0.0048603032002774	0.0742252362808344	-0.0333584776125155	0.0116021877369361	0.0038789834359585	0.0170682753254208	-0.0433077538877812	-0.0342308695340318	-0.0109560557809593	6.17729996893652e-05	0.0062091870118401	0.018537604410776	-0.0083381956945204	-0.0697403879755565	0.0131258482719256	0.00912437500908	0.0642118896704934
NA19461	NA19461	-0.0086045669758664	0.0641316921614758	0.0522987716919868	0.0483607919745039	0.0399829167596008	0.0316350125926916	-0.0199927618671366	0.0337080645269608	0.0109739534056743	-0.0424135946176807	0.0035786992661081	-0.0085147307372166	-0.0041158969590257	0.0182357329902986	0.0246798218969852	0.0041213455558843	0.0138993545744501	0.0025392365066493	-0.0107915881691414	0.0512289147676219	-0.0134027506587367	-0.0215516476221958	-0.0386388854830261	-0.0101125742947105	0.0814224024658409	-0.0295033082052684	0.0268019265397152	0.0041430834221098	0.0356850541156608	-0.0007659388735489	-0.0613343690141177	0.0055236961416749	-0.0220841969289443	-0.0246764799031552	-0.0411685807157527	0.0456056342771954	-0.0849391181888019	-0.0494504733602217	-0.0013620169168506	0.0656858295054531
NA19462	NA19462	0.0716230063028376	0.003157296922418	-0.0280361995471526	-0.0415855762572485	0.0533704746106213	0.0400126045736756	0.0169458926661614	0.0246599644816386	-0.0136388578296049	0.0402238966563049	0.0225093971132827	-0.0192128933532715	0.0156466574824406	0.11296658529868	0.0276476135386993	-0.0421404555920846	0.0154554558683517	0.0240182256778153	-0.035559382658696	-0.0039083951191024	0.0109412059338881	0.0276724055123484	-0.0169964339654789	0.045893437221246	0.0700845178887575	-0.0194832972625941	0.0091139362767076	0.0083847154707877	0.0149670903474483	-0.0385473979993231	-0.0230698239138774	-0.0484054926010313	0.0110569795807872	0.0145539410914946	0.024167187216726	-0.0083187470949124	-0.029709205221693	0.0015801818165323	-0.0127519044925953	0.0108746287896701
NA19463	NA19463	-0.0276043563365821	-0.0272037487434304	-0.0423934969703661	0.0415481427909322	0.100463197944666	0.0419911937059551	0.0397019159309792	0.0244180868509693	0.0521316863988209	-0.0558343823109088	-0.0240286077299183	0.0661298391657056	0.0130493234485039	0.0039357317556383	-0.0056543580844211	0.0809261469845967	-0.0213958907382976	0.0153319518022231	-0.0404527123061174	-0.0455707060007721	0.0442490945638025	-0.0163831561697622	0.0092967704775752	0.0670889496220518	0.0806680065573849	-0.0388906929300023	0.0179998880484005	0.0074972005674196	0.0054716826292525	-0.0412170189317178	-0.0651919156899427	0.0179702402808907	-0.0175856284117261	0.0108633183470542	0.0353162714333608	0.0054846623539648	-0.0871151655846801	0.0099277305792326	0.0425788436116913	-0.0058557744841454
NA19466	NA19466	0.0394017891687481	-0.0285520096470538	0.0204146694531209	-0.003377265987561	0.0475411871671916	0.0067258121461667	-0.0368265421866926	0.0114681207199504	-0.0567126472337055	0.0513084888840283	0.0479548897407114	-0.0265571245040249	-0.0428640741711513	-0.0278605053226578	-0.0225202655294246	-0.019767120984146	-0.0222766467531026	0.0363592019245637	0.0090495900419349	0.0019251017133161	0.0512251284635413	-0.0074031383030252	-0.0048038958146635	-0.0256644182184362	0.0821168092759024	-0.0332977580030537	0.0207103950872734	0.0095525474055986	0.0211917074946346	-0.0445439343695371	-0.0379072628517375	-0.0287147473478442	0.0159602337207038	0.0201049996582628	-0.0099789397450502	0.0791154548923387	0.0092127382973949	0.0045429924068513	0.0246162115717683	0.0024503068403753
NA19467	NA19467	-0.0204644147891929	0.0304600748565362	0.0240014516028351	0.0682272690168128	0.0721270249071698	0.0413976344422074	0.013376314924336	0.0345727155589894	-0.0228963188361045	-0.0103825880550492	0.0008896982055193	-0.0130635747018986	0.0123747523303499	0.0203788214284049	0.0009154549025778	0.0399491086955573	0.0066077383674986	-0.0099950526948562	-0.0335095365000418	-0.0536946123973557	-0.0176443245057134	-0.0614835946502214	-0.0276708259568776	0.0142385535646368	0.0804420991408562	-0.0349284709355954	0.0249300596523732	0.0053257889963088	0.0259277219127785	-0.0427345095314905	-0.0142006467175223	-0.0133529225975418	0.0967702596708876	-0.0232766799567316	-0.068031488582261	0.0071537801135107	-0.0344584629062345	-0.0355786922481225	0.0179389762889922	-0.0263827615797631
NA19468	NA19468	-0.0279492545746834	0.024424417254374	0.0489752615697015	0.0617379817075337	0.0523230989488585	0.0050495453136914	-0.0266616558707921	0.0041178967842733	-0.0541200108787649	-0.0283005681075913	0.0592069912675526	-0.0398779297499168	-0.0361219130303539	0.046313348000815	0.0226096650787458	0.0216422631090839	0.0961995387459363	0.0430038358156796	-0.0684441901278303	-0.0064843093366509	-0.0328354889170356	0.0551950758847743	-0.0420310129265502	-0.032229551271202	0.0791745952551697	-0.0257721207056777	0.0154984935458704	0.0049044535755011	0.008387976460912	-0.0366518299465586	0.0050193203715177	-0.0071530318497506	0.0224077132707344	0.0208625453067836	0.0080440860147781	-0.0287684665325385	-0.0009524686736643	-0.01536298467245	0.0020789561387263	-0.0054197427292676
NA19471	NA19471	-0.0329985614576516	-0.0377392382314924	0.0160032219341374	0.0642575323841528	0.0615020456627718	0.103468258888336	-0.0280672071394775	0.0220383426360356	0.0179307325291808	-0.0191728172885204	0.0274083370074752	0.0180257908174496	0.0303728727242681	0.0315058583355501	0.0700375526531788	0.0488493124750292	-0.0087423192215096	0.0436820974427036	-0.0258635583406742	-0.0945346066070721	-0.0311197224349261	0.0433599644443466	0.0136490459602117	0.0204932494098865	0.0840587384245847	-0.0398245075829618	0.0008079292905174	0.0093160696405106	0.0172385334889941	-0.0264432586510648	-0.0084770486344724	-0.0824605531172413	-0.0078910704459894	-0.0045673820704752	-0.183781207823072	0.128802644694389	-0.0372079412769956	0.0083298565439423	0.0747427336379378	-0.0119171487019468
NA19472	NA19472	-0.0440796002092704	-0.0400284777343773	0.0220424428082	0.070744787967423	0.0427767460337114	0.0260462770718493	-0.0042088275054416	-0.0427964340991181	-0.0054473311087071	-0.009949857563973	0.0259279673593371	0.0235773263478912	-0.0185810318962777	0.0293803056469952	-0.0099464547950633	0.0418508227257178	0.0251921255472939	0.0323771586326167	-0.0434772925555234	-0.0678851241743065	0.007135372740276	0.0029186361354228	-0.0119864673677848	-0.0399047831557502	0.0817955557703111	-0.0351674676065927	0.0099049921561597	0.0084195434459489	-0.0022451743782819	-0.0292723975866907	-0.0211448173083399	-0.0409015899234366	-0.0036451661172472	0.0108995114216907	0.0263997068560108	0.0200707414500448	-0.0885163116905219	0.0147457818971295	-0.0361136445012764	0.0542060844824713
NA19473	NA19473	0.0044545791780264	0.0315828418430508	-0.0491044434769531	0.0625087203639887	-0.0351188972980357	-0.0213687691732554	0.0020951909902608	0.0918081131031135	0.077924710675317	-0.0326136704219117	-0.0021628786219716	0.0432349147419826	0.0493926583798172	0.0124171771552425	0.027951474075604	0.0283641418243026	-0.0187423796463562	-0.044662076450081	0.0040220025131492	-0.0387792171937031	0.0006811528882292	0.0089578313308433	0.0439871611810854	0.0885965123221386	0.0824585752852612	-0.0354826940588756	0.0119677513938029	0.0087085446881482	0.0259615565238363	-0.047721850202382	-0.0226290346679035	-0.0150432212402624	0.0139179712681782	-0.0287804093238817	-0.119972179181294	0.0574174726625714	-0.107995704509292	-0.0159591560377927	0.0563412177898654	0.0110087702434049
NA19474	NA19474	-0.0209995084494667	0.0289911536978444	0.0211188385735427	0.0724890860193204	-0.0360980778883701	-0.0548139945881914	-0.0598334503988155	0.0848766016440951	0.006423052755544	-0.0461881555751476	0.0445499507578846	0.0294119766492893	-0.0090058644546091	0.0079625671230392	0.063574066204647	-0.0210596205703427	0.043795703266652	-0.123902484926082	0.0678208107156738	-0.128826655077777	-0.0614499820921377	-0.0279528990737179	0.0188315826674051	0.0851834357499127	0.0787353626902223	-0.0352322674178826	0.0124616142232204	0.0100228327570519	0.0138022740870558	-0.036755040094519	-0.0225910080836371	-0.0666864965059862	-0.0212783056041266	0.0275313456686957	0.0388144148127984	0.0058929053424667	-0.0586873423238198	-0.0147873869316034	0.0070552837761953	-0.0015082984546161
NA19475	NA19475	-0.0205160616542697	-0.0611286949094591	-0.0890634319446033	0.0402507663748718	-0.0004480699697007	-0.015811298337707	0.0670622106928898	-0.0181376366018983	0.0337929636150887	-0.0820986725931724	-0.0004163696006686	-0.029859173968493	0.035664806521116	-0.0379927331549027	-0.0001651372711253	0.0809551309609675	0.0541448256248165	-0.0223041395043335	-0.0134572012501664	0.0241645089501365	0.0305738355279338	-0.0058541736106497	0.0395106881571048	0.0886922472131228	0.0799176852445528	-0.0349680639895333	0.0156549310850603	0.0120329879857305	0.0156053218850468	-0.0374590582365301	-0.0133993365064496	-0.0914280174716616	-0.0116415710721689	0.0433204605835602	0.027323599456333	-0.0041027820294937	-0.0906674381795019	0.004514842944779	0.0030556122244674	0.0034918486702915
